person_id,origin_id,destination_id
P0001,F049,LAND
P0002,LAND,F022
P0003,F052,LAND
P0004,LAND,F012
P0005,F022,F033
P0006,F018,LAND
P0007,LAND,F034
P0008,A02,F021
P0009,F004,LAND
P0010,F038,LAND
P0011,F031,LAND
P0012,F040,LAND
P0013,F032,LAND
P0014,F030,F026
P0015,A01,F003
P0016,LAND,F021
P0017,F021,LAND
P0018,F005,LAND
P0019,F030,F026
P0020,LAND,F002
P0021,F005,F017
P0022,F052,LAND
P0023,F051,LAND
P0024,F031,LAND
P0025,F019,LAND
P0026,F042,LAND
P0027,LAND,F002
P0028,LAND,F010
P0029,LAND,F026
P0030,LAND,F003
P0031,F007,F002
P0032,F001,LAND
P0033,LAND,F003
P0034,F048,LAND
P0035,LAND,F003
P0036,A01,F001
P0037,LAND,F021
P0038,F036,F046
P0039,F044,LAND
P0040,A03,F047
P0041,F019,LAND
P0042,LAND,F006
P0043,F051,LAND
P0044,LAND,F006
P0045,LAND,F019
P0046,F002,A01
P0047,F048,LAND
P0048,F039,F048
P0049,A01,F012
P0050,F020,LAND
P0051,F002,LAND
P0052,F030,F026
P0053,F026,F033
P0054,F018,A02
P0055,LAND,F022
P0056,LAND,F021
P0057,A01,F007
P0058,LAND,F022
P0059,A02,F019
P0060,F051,LAND
P0061,A01,F014
P0062,F002,LAND
P0063,F019,LAND
P0064,F043,F051
P0065,LAND,F034
P0066,LAND,F034
P0067,F019,F033
P0068,LAND,F023
P0069,F042,LAND
P0070,LAND,F033
P0071,F030,F026
P0072,LAND,F052
P0073,F023,A02
P0074,LAND,F044
P0075,F030,LAND
P0076,F024,LAND
P0077,LAND,F010
P0078,F009,LAND
P0079,F002,F004
P0080,F038,F039
P0081,LAND,F001
P0082,F031,F021
P0083,LAND,F034
P0084,F039,LAND
P0085,F035,LAND
P0086,LAND,F009
P0087,F039,F048
P0088,F034,LAND
P0089,LAND,F006
P0090,F021,LAND
P0091,LAND,F033
P0092,F042,F040
P0093,LAND,F012
P0094,LAND,F026
P0095,LAND,F043
P0096,F007,LAND
P0097,LAND,F039
P0098,F038,LAND
P0099,LAND,F032
P0100,F002,LAND
P0101,F012,A01
P0102,LAND,F051
P0103,F045,A03
P0104,F022,A02
P0105,F018,LAND
P0106,F016,LAND
P0107,F004,LAND
P0108,F030,LAND
P0109,F020,A02
P0110,F033,LAND
P0111,LAND,F023
P0112,F013,LAND
P0113,LAND,F006
P0114,F023,LAND
P0115,A02,F035
P0116,LAND,F034
P0117,F015,F009
P0118,F008,F003
P0119,F044,LAND
P0120,F027,LAND
P0121,F010,LAND
P0122,F025,F027
P0123,F040,A03
P0124,A02,F021
P0125,F045,LAND
P0126,LAND,F022
P0127,F001,LAND
P0128,F017,A01
P0129,F046,A03
P0130,F017,LAND
P0131,F023,LAND
P0132,LAND,F043
P0133,F002,F003
P0134,LAND,F019
P0135,F044,LAND
P0136,F003,LAND
P0137,A01,F017
P0138,LAND,F018
P0139,F032,LAND
P0140,A03,F040
P0141,F023,LAND
P0142,F034,LAND
P0143,F002,F003
P0144,F006,LAND
P0145,F024,F027
P0146,LAND,F004
P0147,LAND,F018
P0148,LAND,F021
P0149,F046,LAND
P0150,F018,F026
P0151,LAND,F006
P0152,F049,F048
P0153,F052,LAND
P0154,F035,LAND
P0155,F047,LAND
P0156,F044,LAND
P0157,F001,LAND
P0158,LAND,F006
P0159,LAND,F029
P0160,F003,LAND
P0161,F016,F005
P0162,F036,A03
P0163,F046,LAND
P0164,F032,LAND
P0165,F043,A03
P0166,LAND,F050
P0167,F010,F007
P0168,F029,F021
P0169,LAND,F030
P0170,F006,LAND
P0171,F025,LAND
P0172,LAND,F047
P0173,F023,F032
P0174,A01,F011
P0175,F043,LAND
P0176,F018,LAND
P0177,LAND,F005
P0178,F043,F051
P0179,F033,LAND
P0180,F020,F019
P0181,F002,F003
P0182,F049,LAND
P0183,F037,LAND
P0184,LAND,F051
P0185,F025,LAND
P0186,LAND,F006
P0187,F052,LAND
P0188,LAND,F031
P0189,F039,A03
P0190,F023,LAND
P0191,LAND,F046
P0192,LAND,F027
P0193,LAND,F026
P0194,F009,LAND
P0195,F013,LAND
P0196,F048,F039
P0197,F051,LAND
P0198,F031,A02
P0199,LAND,F037
P0200,F046,LAND
P0201,F001,F016
P0202,F007,LAND
P0203,LAND,F021
P0204,F019,LAND
P0205,F011,F015
P0206,LAND,F052
P0207,F029,F021
P0208,F038,LAND
P0209,LAND,F021
P0210,F039,F048
P0211,F019,F033
P0212,F005,F017
P0213,A02,F024
P0214,LAND,F022
P0215,LAND,F036
P0216,LAND,F033
P0217,F032,LAND
P0218,F031,F021
P0219,F021,LAND
P0220,F042,LAND
P0221,A02,F031
P0222,LAND,F027
P0223,F004,LAND
P0224,F049,LAND
P0225,F003,F007
P0226,A02,F029
P0227,LAND,F041
P0228,LAND,F012
P0229,LAND,F013
P0230,A02,F026
P0231,F001,LAND
P0232,F022,LAND
P0233,F016,A01
P0234,F039,F052
P0235,F012,LAND
P0236,F047,LAND
P0237,F007,F002
P0238,LAND,F038
P0239,A01,F012
P0240,A01,F006
P0241,LAND,F028
P0242,F033,A02
P0243,F017,LAND
P0244,LAND,F006
P0245,LAND,F046
P0246,F046,A03
P0247,A01,F012
P0248,F036,LAND
P0249,LAND,F020
P0250,F010,A01
P0251,F047,LAND
P0252,A01,F009
P0253,LAND,F018
P0254,LAND,F021
P0255,LAND,F048
P0256,F033,LAND
P0257,LAND,F003
P0258,F033,LAND
P0259,LAND,F044
P0260,A03,F037
P0261,F039,F048
P0262,F039,F048
P0263,F052,F048
P0264,F039,LAND
P0265,F044,LAND
P0266,LAND,F012
P0267,A01,F006
P0268,LAND,F022
P0269,LAND,F015
P0270,F038,F045
P0271,F036,LAND
P0272,LAND,F028
P0273,F049,LAND
P0274,F044,LAND
P0275,LAND,F016
P0276,F036,F049
P0277,F050,LAND
P0278,F019,LAND
P0279,F005,F017
P0280,F018,LAND
P0281,F001,F016
P0282,F021,LAND
P0283,F037,LAND
P0284,LAND,F011
P0285,F040,F041
P0286,F036,LAND
P0287,F027,F021
P0288,LAND,F027
P0289,LAND,F028
P0290,F047,LAND
P0291,F051,F038
P0292,F006,LAND
P0293,A01,F011
P0294,A03,F042
P0295,F030,F026
P0296,F040,F041
P0297,F023,LAND
P0298,LAND,F023
P0299,LAND,F029
P0300,LAND,F021
P0301,F035,LAND
P0302,F051,F038
P0303,LAND,F014
P0304,LAND,F026
P0305,LAND,F034
P0306,LAND,F029
P0307,A02,F024
P0308,F021,F027
P0309,F052,F048
P0310,F021,A02
P0311,LAND,F021
P0312,F034,LAND
P0313,F042,F040
P0314,F036,A03
P0315,F037,F044
P0316,F048,LAND
P0317,F008,F003
P0318,F023,F032
P0319,F004,LAND
P0320,LAND,F028
P0321,F015,LAND
P0322,F023,F032
P0323,LAND,F049
P0324,F051,A03
P0325,F039,LAND
P0326,LAND,F041
P0327,F019,LAND
P0328,F036,F049
P0329,F040,A03
P0330,LAND,F037
P0331,F018,LAND
P0332,LAND,F030
P0333,F051,LAND
P0334,F022,LAND
P0335,F048,F039
P0336,F037,F044
P0337,F007,LAND
P0338,LAND,F038
P0339,F051,F038
P0340,F024,LAND
P0341,F037,LAND
P0342,F011,LAND
P0343,F010,LAND
P0344,LAND,F019
P0345,F020,LAND
P0346,F029,F021
P0347,LAND,F030
P0348,F016,LAND
P0349,LAND,F051
P0350,LAND,F020
P0351,F021,LAND
P0352,F035,LAND
P0353,F049,LAND
P0354,F025,LAND
P0355,F024,LAND
P0356,F037,F044
P0357,LAND,F030
P0358,F026,F033
P0359,F019,LAND
P0360,F050,LAND
P0361,F034,LAND
P0362,F034,LAND
P0363,F018,LAND
P0364,F039,LAND
P0365,LAND,F045
P0366,F052,F048
P0367,LAND,F040
P0368,A03,F041
P0369,LAND,F036
P0370,F014,A01
P0371,LAND,F018
P0372,F052,A03
P0373,F038,F039
P0374,F029,LAND
P0375,LAND,F010
P0376,LAND,F021
P0377,LAND,F041
P0378,F047,F049
P0379,A02,F032
P0380,F015,LAND
P0381,F039,F048
P0382,LAND,F018
P0383,F050,F043
P0384,F044,LAND
P0385,LAND,F038
P0386,A03,F044
P0387,LAND,F033
P0388,LAND,F036
P0389,F038,F039
P0390,LAND,F032
P0391,F045,A03
P0392,F004,F007
P0393,LAND,F006
P0394,LAND,F021
P0395,LAND,F010
P0396,LAND,F044
P0397,F010,LAND
P0398,F025,F027
P0399,LAND,F038
P0400,F029,F021
P0401,A03,F036
P0402,LAND,F001
P0403,F028,LAND
P0404,LAND,F034
P0405,F050,A03
P0406,F030,LAND
P0407,F032,LAND
P0408,F025,LAND
P0409,LAND,F015
P0410,LAND,F024
P0411,F006,LAND
P0412,F019,LAND
P0413,F013,LAND
P0414,LAND,F026
P0415,LAND,F021
P0416,F005,LAND
P0417,LAND,F013
P0418,LAND,F017
P0419,A01,F013
P0420,F039,LAND
P0421,LAND,F020
P0422,LAND,F032
P0423,LAND,F016
P0424,F010,LAND
P0425,F038,LAND
P0426,F037,F044
P0427,F022,LAND
P0428,LAND,F035
P0429,F034,LAND
P0430,LAND,F045
P0431,F001,LAND
P0432,F019,LAND
P0433,A02,F024
P0434,F052,F048
P0435,LAND,F036
P0436,LAND,F020
P0437,F016,F005
P0438,LAND,F021
P0439,F017,F014
P0440,LAND,F020
P0441,F006,LAND
P0442,A03,F044
P0443,F038,LAND
P0444,F010,LAND
P0445,LAND,F018
P0446,LAND,F051
P0447,F022,LAND
P0448,A02,F030
P0449,LAND,F029
P0450,LAND,F027
P0451,LAND,F034
P0452,F026,LAND
P0453,LAND,F013
P0454,LAND,F008
P0455,LAND,F042
P0456,LAND,F021
P0457,F048,LAND
P0458,LAND,F020
P0459,LAND,F025
P0460,LAND,F022
P0461,F051,F038
P0462,LAND,F051
P0463,F011,LAND
P0464,F001,LAND
P0465,A03,F052
P0466,F048,F039
P0467,LAND,F050
P0468,F031,A02
P0469,F044,A03
P0470,LAND,F031
P0471,F039,A03
P0472,LAND,F018
P0473,F039,F048
P0474,F007,F002
P0475,LAND,F024
P0476,A01,F015
P0477,F041,F045
P0478,F038,LAND
P0479,LAND,F030
P0480,LAND,F007
P0481,F034,LAND
P0482,LAND,F016
P0483,F052,LAND
P0484,A01,F015
P0485,F032,F025
P0486,F017,F014
P0487,F032,A02
P0488,F026,A02
P0489,F003,F007
P0490,LAND,F028
P0491,F011,LAND
P0492,LAND,F020
P0493,LAND,F019
P0494,F048,F039
P0495,F043,LAND
P0496,LAND,F036
P0497,F045,LAND
P0498,F020,LAND
P0499,A02,F024
P0500,F048,LAND
P0501,LAND,F021
P0502,LAND,F051
P0503,F044,LAND
P0504,F047,LAND
P0505,LAND,F026
P0506,F013,LAND
P0507,F050,F043
P0508,F007,A01
P0509,F037,F040
P0510,LAND,F012
P0511,LAND,F026
P0512,LAND,F001
P0513,LAND,F015
P0514,F040,LAND
P0515,F005,LAND
P0516,F037,F044
P0517,F048,A03
P0518,F006,LAND
P0519,LAND,F041
P0520,LAND,F043
P0521,LAND,F026
P0522,LAND,F026
P0523,F038,A03
P0524,F016,LAND
P0525,LAND,F012
P0526,F044,F037
P0527,F004,F007
P0528,A01,F003
P0529,F043,LAND
P0530,LAND,F051
P0531,F022,A02
P0532,F021,LAND
P0533,F025,LAND
P0534,F034,LAND
P0535,LAND,F011
P0536,F050,LAND
P0537,LAND,F025
P0538,F005,LAND
P0539,F019,LAND
P0540,A03,F050
P0541,LAND,F051
P0542,A02,F019
P0543,F023,LAND
P0544,F030,LAND
P0545,F030,LAND
P0546,A02,F032
P0547,LAND,F047
P0548,F002,LAND
P0549,F039,F048
P0550,LAND,F021
P0551,F046,LAND
P0552,LAND,F036
P0553,F025,LAND
P0554,F020,A02
P0555,F029,LAND
P0556,F049,F048
P0557,F038,A03
P0558,LAND,F044
P0559,LAND,F028
P0560,F016,F005
P0561,LAND,F012
P0562,LAND,F030
P0563,F024,LAND
P0564,F006,LAND
P0565,LAND,F035
P0566,LAND,F044
P0567,LAND,F050
P0568,LAND,F045
P0569,F043,F051
P0570,A01,F015
P0571,F033,LAND
P0572,LAND,F019
P0573,LAND,F038
P0574,A02,F026
P0575,LAND,F001
P0576,F029,F021
P0577,F001,LAND
P0578,F003,F007
P0579,F044,LAND
P0580,LAND,F033
P0581,F025,LAND
P0582,LAND,F044
P0583,LAND,F010
P0584,LAND,F012
P0585,F018,F026
P0586,F001,LAND
P0587,F024,LAND
P0588,A03,F043
P0589,F020,LAND
P0590,F043,LAND
P0591,F021,LAND
P0592,F026,F033
P0593,F048,F039
P0594,F035,LAND
P0595,F015,LAND
P0596,F029,LAND
P0597,F021,LAND
P0598,LAND,F017
P0599,LAND,F033
P0600,LAND,F028
P0601,LAND,F043
P0602,LAND,F001
P0603,F037,F044
P0604,F001,F016
P0605,LAND,F015
P0606,F003,A01
P0607,LAND,F001
P0608,F033,LAND
P0609,F036,LAND
P0610,LAND,F047
P0611,A02,F023
P0612,LAND,F020
P0613,A01,F016
P0614,F015,F009
P0615,F023,LAND
P0616,LAND,F032
P0617,LAND,F042
P0618,LAND,F032
P0619,A01,F012
P0620,LAND,F026
P0621,F004,LAND
P0622,LAND,F005
P0623,F003,F007
P0624,F043,LAND
P0625,F017,LAND
P0626,F020,LAND
P0627,F021,A02
P0628,LAND,F008
P0629,F022,A02
P0630,F012,LAND
P0631,LAND,F010
P0632,LAND,F004
P0633,F009,LAND
P0634,LAND,F028
P0635,A02,F020
P0636,F011,LAND
P0637,A01,F015
P0638,LAND,F042
P0639,F033,LAND
P0640,F021,LAND
P0641,LAND,F012
P0642,LAND,F010
P0643,A03,F050
P0644,LAND,F012
P0645,F046,F047
P0646,F051,LAND
P0647,LAND,F016
P0648,LAND,F013
P0649,F047,LAND
P0650,F013,F002
P0651,F052,A03
P0652,LAND,F007
P0653,F025,LAND
P0654,F028,LAND
P0655,LAND,F038
P0656,F026,LAND
P0657,LAND,F041
P0658,F052,F048
P0659,LAND,F002
P0660,A02,F033
P0661,LAND,F030
P0662,F018,F026
P0663,F011,F015
P0664,F025,LAND
P0665,LAND,F035
P0666,F020,LAND
P0667,F051,LAND
P0668,F012,LAND
P0669,F042,F040
P0670,F010,F007
P0671,F037,LAND
P0672,LAND,F013
P0673,A03,F045
P0674,F034,LAND
P0675,F019,F033
P0676,F038,LAND
P0677,LAND,F035
P0678,F001,F016
P0679,F007,LAND
P0680,LAND,F002
P0681,F038,F045
P0682,LAND,F012
P0683,F041,LAND
P0684,F002,LAND
P0685,LAND,F007
P0686,F047,LAND
P0687,LAND,F007
P0688,F051,F038
P0689,LAND,F036
P0690,F002,LAND
P0691,F029,LAND
P0692,F032,F025
P0693,LAND,F023
P0694,F017,LAND
P0695,F020,LAND
P0696,LAND,F025
P0697,LAND,F026
P0698,LAND,F008
P0699,F001,LAND
P0700,LAND,F028
P0701,F011,F015
P0702,F004,F007
P0703,LAND,F018
P0704,LAND,F044
P0705,F003,F008
P0706,F026,LAND
P0707,LAND,F011
P0708,F005,F017
P0709,A03,F036
P0710,F026,F033
P0711,F023,LAND
P0712,F049,LAND
P0713,F022,LAND
P0714,LAND,F039
P0715,LAND,F003
P0716,F047,LAND
P0717,F006,LAND
P0718,LAND,F006
P0719,F023,LAND
P0720,F010,LAND
P0721,LAND,F038
P0722,F013,LAND
P0723,F027,LAND
P0724,F020,LAND
P0725,F018,LAND
P0726,F040,LAND
P0727,F002,LAND
P0728,LAND,F044
P0729,A02,F024
P0730,F043,LAND
P0731,LAND,F024
P0732,F030,F026
P0733,F039,F048
P0734,F013,LAND
P0735,LAND,F003
P0736,F014,LAND
P0737,F017,F014
P0738,LAND,F032
P0739,F021,F027
P0740,F003,F007
P0741,LAND,F045
P0742,F001,LAND
P0743,LAND,F034
P0744,LAND,F033
P0745,F007,LAND
P0746,LAND,F027
P0747,LAND,F007
P0748,F043,A03
P0749,F027,F021
P0750,LAND,F022
P0751,LAND,F027
P0752,F027,LAND
P0753,F003,F007
P0754,F036,LAND
P0755,LAND,F035
P0756,F032,LAND
P0757,LAND,F018
P0758,F038,LAND
P0759,F025,LAND
P0760,F004,F007
P0761,A02,F033
P0762,F007,LAND
P0763,F051,A03
P0764,F043,F051
P0765,F015,F009
P0766,F049,LAND
P0767,LAND,F027
P0768,LAND,F044
P0769,F020,LAND
P0770,F044,F037
P0771,F018,LAND
P0772,F050,F043
P0773,LAND,F052
P0774,F025,LAND
P0775,F003,A01
P0776,LAND,F045
P0777,F039,F048
P0778,LAND,F043
P0779,F008,LAND
P0780,F014,LAND
P0781,A03,F045
P0782,LAND,F022
P0783,F041,F045
P0784,F049,F048
P0785,LAND,F013
P0786,A01,F007
P0787,F048,LAND
P0788,LAND,F047
P0789,F002,LAND
P0790,F014,LAND
P0791,F021,LAND
P0792,LAND,F018
P0793,LAND,F052
P0794,LAND,F041
P0795,F046,F047
P0796,LAND,F001
P0797,LAND,F051
P0798,F013,F002
P0799,A02,F034
P0800,LAND,F022
P0801,LAND,F045
P0802,F044,F037
P0803,F034,A02
P0804,F006,LAND
P0805,LAND,F045
P0806,F003,F008
P0807,F006,LAND
P0808,A02,F034
P0809,LAND,F027
P0810,F024,A02
P0811,F020,LAND
P0812,A01,F007
P0813,F048,LAND
P0814,F049,LAND
P0815,F029,LAND
P0816,F043,F051
P0817,F010,LAND
P0818,LAND,F008
P0819,F020,LAND
P0820,LAND,F038
P0821,LAND,F008
P0822,LAND,F044
P0823,LAND,F011
P0824,F049,LAND
P0825,F041,LAND
P0826,LAND,F045
P0827,F046,F047
P0828,LAND,F033
P0829,LAND,F045
P0830,F036,A03
P0831,LAND,F045
P0832,F007,LAND
P0833,LAND,F052
P0834,LAND,F046
P0835,LAND,F010
P0836,F047,F049
P0837,F036,LAND
P0838,A03,F044
P0839,F021,F027
P0840,F047,F049
P0841,F007,F002
P0842,F020,LAND
P0843,LAND,F049
P0844,F022,LAND
P0845,LAND,F031
P0846,F019,LAND
P0847,F011,F015
P0848,A03,F043
P0849,LAND,F014
P0850,F022,F033
P0851,LAND,F007
P0852,F021,F027
P0853,F041,LAND
P0854,F038,LAND
P0855,LAND,F039
P0856,A03,F051
P0857,LAND,F027
P0858,F040,LAND
P0859,F045,A03
P0860,LAND,F009
P0861,F042,F040
P0862,LAND,F021
P0863,LAND,F006
P0864,F027,LAND
P0865,A03,F050
P0866,F001,LAND
P0867,F004,F007
P0868,A03,F040
P0869,LAND,F049
P0870,LAND,F013
P0871,F004,F007
P0872,LAND,F036
P0873,F028,F018
P0874,F046,LAND
P0875,F031,F021
P0876,F051,F038
P0877,F033,A02
P0878,F010,F007
P0879,LAND,F005
P0880,LAND,F040
P0881,F023,LAND
P0882,F016,LAND
P0883,F034,LAND
P0884,F041,LAND
P0885,F004,F007
P0886,F020,F019
P0887,F010,LAND
P0888,LAND,F036
P0889,LAND,F036
P0890,F003,F007
P0891,F002,LAND
P0892,F049,LAND
P0893,LAND,F007
P0894,LAND,F045
P0895,F003,F007
P0896,LAND,F034
P0897,A02,F027
P0898,F046,F047
P0899,F005,LAND
P0900,F002,LAND
P0901,F017,LAND
P0902,F015,F009
P0903,F001,F016
P0904,LAND,F051
P0905,F045,F048
P0906,F016,A01
P0907,F012,F015
P0908,LAND,F004
P0909,LAND,F022
P0910,F034,LAND
P0911,LAND,F037
P0912,LAND,F013
P0913,F045,LAND
P0914,F042,LAND
P0915,F040,LAND
P0916,LAND,F050
P0917,F019,A02
P0918,A01,F001
P0919,F012,LAND
P0920,F043,F051
P0921,LAND,F036
P0922,F030,LAND
P0923,LAND,F011
P0924,F002,LAND
P0925,LAND,F003
P0926,LAND,F026
P0927,F003,F007
P0928,F031,LAND
P0929,F031,A02
P0930,F020,LAND
P0931,F032,F025
P0932,F049,LAND
P0933,LAND,F049
P0934,F042,F040
P0935,F033,LAND
P0936,F033,LAND
P0937,F036,F046
P0938,F031,LAND
P0939,F005,LAND
P0940,F041,F045
P0941,F032,F025
P0942,F020,LAND
P0943,F026,F033
P0944,F042,A03
P0945,F012,F015
P0946,LAND,F019
P0947,F012,F015
P0948,LAND,F045
P0949,F008,LAND
P0950,LAND,F016
P0951,F044,LAND
P0952,LAND,F049
P0953,LAND,F028
P0954,F029,LAND
P0955,LAND,F033
P0956,F051,LAND
P0957,A02,F019
P0958,F027,LAND
P0959,F014,LAND
P0960,F027,LAND
P0961,F046,F047
P0962,LAND,F029
P0963,F040,F041
P0964,F024,A02
P0965,LAND,F043
P0966,F013,F002
P0967,F051,F038
P0968,F038,LAND
P0969,LAND,F015
P0970,F047,F049
P0971,F023,LAND
P0972,F009,LAND
P0973,F052,LAND
P0974,F006,F007
P0975,LAND,F021
P0976,F050,LAND
P0977,F012,LAND
P0978,LAND,F005
P0979,F031,A02
P0980,LAND,F037
P0981,F036,F046
P0982,F009,LAND
P0983,F045,LAND
P0984,F048,F039
P0985,LAND,F050
P0986,LAND,F021
P0987,LAND,F029
P0988,F037,F040
P0989,F027,LAND
P0990,F040,F041
P0991,F027,LAND
P0992,LAND,F022
P0993,A03,F038
P0994,LAND,F049
P0995,LAND,F024
P0996,F050,LAND
P0997,LAND,F051
P0998,LAND,F015
P0999,F051,LAND
P1000,LAND,F012
P1001,F027,A02
P1002,F025,LAND
P1003,F010,LAND
P1004,LAND,F040
P1005,LAND,F018
P1006,A01,F005
P1007,LAND,F030
P1008,F026,LAND
P1009,LAND,F037
P1010,F010,F007
P1011,LAND,F008
P1012,F036,A03
P1013,F038,F039
P1014,F027,LAND
P1015,F019,F033
P1016,LAND,F045
P1017,F007,LAND
P1018,LAND,F021
P1019,F016,F005
P1020,F050,LAND
P1021,F052,F048
P1022,LAND,F002
P1023,F024,F027
P1024,F010,LAND
P1025,LAND,F045
P1026,F011,LAND
P1027,F014,LAND
P1028,F047,F049
P1029,F001,LAND
P1030,F002,F004
P1031,LAND,F023
P1032,F036,LAND
P1033,F026,F033
P1034,F005,F017
P1035,A03,F052
P1036,LAND,F001
P1037,F038,F039
P1038,F036,LAND
P1039,F028,F018
P1040,F049,LAND
P1041,F041,F045
P1042,A03,F037
P1043,F041,F045
P1044,F007,LAND
P1045,F052,LAND
P1046,F011,LAND
P1047,F007,A01
P1048,LAND,F027
P1049,LAND,F035
P1050,LAND,F043
P1051,F009,LAND
P1052,LAND,F004
P1053,F013,LAND
P1054,F027,LAND
P1055,F036,F049
P1056,LAND,F034
P1057,F009,F003
P1058,F023,A02
P1059,F030,LAND
P1060,F006,LAND
P1061,F001,LAND
P1062,F004,F007
P1063,A03,F047
P1064,F021,LAND
P1065,F017,LAND
P1066,F003,F007
P1067,F016,F005
P1068,LAND,F024
P1069,F021,LAND
P1070,F024,F027
P1071,LAND,F026
P1072,F014,F017
P1073,LAND,F047
P1074,F021,LAND
P1075,LAND,F007
P1076,LAND,F023
P1077,LAND,F029
P1078,LAND,F005
P1079,A01,F017
P1080,LAND,F015
P1081,LAND,F051
P1082,LAND,F046
P1083,F016,F005
P1084,F029,LAND
P1085,LAND,F009
P1086,LAND,F030
P1087,A03,F036
P1088,F005,LAND
P1089,F015,LAND
P1090,F023,F032
P1091,F022,LAND
P1092,LAND,F047
P1093,F035,A02
P1094,F048,F039
P1095,LAND,F014
P1096,F010,F007
P1097,F020,LAND
P1098,F009,F003
P1099,LAND,F019
P1100,LAND,F001
P1101,LAND,F019
P1102,F009,F003
P1103,LAND,F044
P1104,F011,A01
P1105,F024,F027
P1106,F043,F051
P1107,F038,LAND
P1108,LAND,F003
P1109,LAND,F049
P1110,F031,LAND
P1111,F030,LAND
P1112,LAND,F023
P1113,LAND,F028
P1114,LAND,F016
P1115,F052,F048
P1116,F003,F008
P1117,F023,F032
P1118,LAND,F007
P1119,LAND,F020
P1120,LAND,F020
P1121,F015,F009
P1122,LAND,F036
P1123,F001,LAND
P1124,LAND,F035
P1125,F044,LAND
P1126,F050,A03
P1127,F029,F021
P1128,F023,LAND
P1129,F007,LAND
P1130,F043,F051
P1131,LAND,F007
P1132,F003,A01
P1133,LAND,F034
P1134,F002,A01
P1135,LAND,F038
P1136,F049,LAND
P1137,A03,F041
P1138,F031,LAND
P1139,LAND,F013
P1140,F021,F027
P1141,LAND,F022
P1142,F014,F017
P1143,F006,LAND
P1144,LAND,F024
P1145,F018,F026
P1146,F036,F046
P1147,F013,LAND
P1148,LAND,F050
P1149,F051,LAND
P1150,F016,F005
P1151,LAND,F022
P1152,F018,LAND
P1153,LAND,F013
P1154,F032,F025
P1155,F002,LAND
P1156,LAND,F034
P1157,LAND,F045
P1158,F029,LAND
P1159,F014,LAND
P1160,LAND,F019
P1161,F040,LAND
P1162,F049,LAND
P1163,LAND,F014
P1164,LAND,F019
P1165,F027,LAND
P1166,F020,A02
P1167,LAND,F001
P1168,F007,F002
P1169,F002,LAND
P1170,F049,LAND
P1171,A03,F043
P1172,F015,A01
P1173,LAND,F047
P1174,LAND,F042
P1175,F012,A01
P1176,F008,LAND
P1177,F021,LAND
P1178,F033,LAND
P1179,LAND,F028
P1180,F008,F003
P1181,F011,F015
P1182,F017,LAND
P1183,F031,LAND
P1184,LAND,F025
P1185,F011,F015
P1186,F021,LAND
P1187,LAND,F012
P1188,LAND,F022
P1189,F030,LAND
P1190,F018,LAND
P1191,F039,LAND
P1192,F039,A03
P1193,F039,F052
P1194,LAND,F018
P1195,A02,F021
P1196,LAND,F007
P1197,F039,LAND
P1198,A02,F033
P1199,LAND,F046
P1200,LAND,F030
P1201,LAND,F052
P1202,F028,LAND
P1203,A03,F042
P1204,F045,LAND
P1205,F013,LAND
P1206,LAND,F031
P1207,F007,LAND
P1208,LAND,F001
P1209,F030,F026
P1210,LAND,F012
P1211,F020,LAND
P1212,F044,LAND
P1213,LAND,F018
P1214,F001,LAND
P1215,F016,LAND
P1216,LAND,F004
P1217,LAND,F048
P1218,F023,F032
P1219,F039,LAND
P1220,F025,LAND
P1221,LAND,F037
P1222,F015,F009
P1223,F032,LAND
P1224,F042,F040
P1225,F004,LAND
P1226,LAND,F029
P1227,F029,LAND
P1228,F018,LAND
P1229,LAND,F001
P1230,F052,F048
P1231,A03,F047
P1232,F002,F003
P1233,LAND,F027
P1234,F039,A03
P1235,LAND,F014
P1236,LAND,F039
P1237,F050,LAND
P1238,LAND,F052
P1239,F041,F045
P1240,F032,F025
P1241,F035,LAND
P1242,F001,LAND
P1243,LAND,F007
P1244,F029,LAND
P1245,F028,LAND
P1246,F048,LAND
P1247,LAND,F036
P1248,F011,LAND
P1249,F026,LAND
P1250,F011,LAND
P1251,F037,LAND
P1252,F017,F014
P1253,F023,LAND
P1254,LAND,F032
P1255,F037,F044
P1256,LAND,F035
P1257,F012,LAND
P1258,F051,F038
P1259,F031,LAND
P1260,F026,LAND
P1261,LAND,F048
P1262,F031,LAND
P1263,F013,F002
P1264,LAND,F004
P1265,F035,LAND
P1266,LAND,F026
P1267,LAND,F036
P1268,LAND,F042
P1269,LAND,F046
P1270,LAND,F008
P1271,F009,LAND
P1272,F042,F040
P1273,F037,LAND
P1274,F050,LAND
P1275,F021,LAND
P1276,LAND,F029
P1277,F037,LAND
P1278,LAND,F038
P1279,F004,LAND
P1280,F005,LAND
P1281,F048,LAND
P1282,F021,LAND
P1283,F028,A02
P1284,LAND,F019
P1285,LAND,F018
P1286,F026,LAND
P1287,F026,A02
P1288,F043,F051
P1289,F009,F003
P1290,F017,LAND
P1291,F033,LAND
P1292,F037,F044
P1293,F030,LAND
P1294,LAND,F043
P1295,F022,LAND
P1296,LAND,F013
P1297,F019,LAND
P1298,F048,LAND
P1299,F001,A01
P1300,LAND,F032
P1301,F007,A01
P1302,F034,LAND
P1303,LAND,F047
P1304,F043,LAND
P1305,F030,LAND
P1306,F009,F003
P1307,LAND,F005
P1308,LAND,F036
P1309,F042,LAND
P1310,A01,F008
P1311,F024,LAND
P1312,F046,F047
P1313,F048,F039
P1314,F037,LAND
P1315,LAND,F020
P1316,LAND,F043
P1317,F010,F007
P1318,F004,F007
P1319,LAND,F012
P1320,F001,F016
P1321,F024,LAND
P1322,LAND,F036
P1323,F039,LAND
P1324,LAND,F030
P1325,F028,F018
P1326,F020,F019
P1327,LAND,F043
P1328,F044,LAND
P1329,LAND,F020
P1330,F033,LAND
P1331,F046,F047
P1332,F011,LAND
P1333,LAND,F020
P1334,A01,F008
P1335,LAND,F023
P1336,F034,LAND
P1337,F012,LAND
P1338,LAND,F033
P1339,LAND,F021
P1340,F017,LAND
P1341,F026,LAND
P1342,LAND,F028
P1343,LAND,F020
P1344,F046,LAND
P1345,LAND,F019
P1346,F038,LAND
P1347,LAND,F016
P1348,F003,F008
P1349,F044,F037
P1350,LAND,F001
P1351,F010,A01
P1352,F019,LAND
P1353,F028,LAND
P1354,F020,F019
P1355,F051,LAND
P1356,F032,F025
P1357,LAND,F047
P1358,LAND,F020
P1359,F050,F043
P1360,F015,F009
P1361,F041,A03
P1362,F036,LAND
P1363,F037,F044
P1364,LAND,F015
P1365,LAND,F020
P1366,LAND,F035
P1367,LAND,F021
P1368,A02,F034
P1369,LAND,F028
P1370,F010,LAND
P1371,F039,F052
P1372,F028,F018
P1373,F027,LAND
P1374,F009,LAND
P1375,F050,F043
P1376,LAND,F030
P1377,F013,LAND
P1378,F012,LAND
P1379,F028,LAND
P1380,LAND,F017
P1381,LAND,F036
P1382,LAND,F044
P1383,F014,A01
P1384,F005,A01
P1385,LAND,F049
P1386,F047,F049
P1387,F001,A01
P1388,F028,LAND
P1389,F011,F015
P1390,F017,LAND
P1391,F045,F048
P1392,LAND,F034
P1393,F007,LAND
P1394,LAND,F006
P1395,LAND,F002
P1396,F044,LAND
P1397,LAND,F006
P1398,F038,LAND
P1399,LAND,F006
P1400,F023,F032
P1401,F029,LAND
P1402,A01,F015
P1403,F050,F043
P1404,LAND,F047
P1405,F021,F027
P1406,F045,F048
P1407,LAND,F039
P1408,F003,LAND
P1409,F003,F007
P1410,F008,F003
P1411,F009,F003
P1412,F011,LAND
P1413,LAND,F024
P1414,F001,LAND
P1415,F051,F038
P1416,F048,LAND
P1417,F016,A01
P1418,F030,F026
P1419,F020,F019
P1420,F006,A01
P1421,F037,LAND
P1422,LAND,F025
P1423,LAND,F034
P1424,F028,LAND
P1425,F009,LAND
P1426,F005,LAND
P1427,F037,LAND
P1428,F025,A02
P1429,LAND,F012
P1430,F052,F048
P1431,LAND,F002
P1432,F021,LAND
P1433,F041,F045
P1434,F019,LAND
P1435,LAND,F042
P1436,F039,F048
P1437,F049,F048
P1438,F022,F033
P1439,F023,LAND
P1440,F038,A03
P1441,F043,LAND
P1442,F038,LAND
P1443,LAND,F031
P1444,F012,LAND
P1445,LAND,F028
P1446,F048,LAND
P1447,LAND,F024
P1448,F018,LAND
P1449,F042,F040
P1450,LAND,F043
P1451,LAND,F023
P1452,LAND,F050
P1453,LAND,F020
P1454,F015,LAND
P1455,F010,LAND
P1456,F020,F019
P1457,F036,LAND
P1458,LAND,F002
P1459,F044,LAND
P1460,F026,F033
P1461,LAND,F008
P1462,A02,F033
P1463,LAND,F022
P1464,LAND,F047
P1465,F002,LAND
P1466,F034,LAND
P1467,LAND,F031
P1468,F042,LAND
P1469,F004,LAND
P1470,LAND,F018
P1471,LAND,F050
P1472,F001,LAND
P1473,F049,LAND
P1474,LAND,F039
P1475,LAND,F033
P1476,LAND,F022
P1477,LAND,F037
P1478,F005,A01
P1479,LAND,F041
P1480,F021,LAND
P1481,LAND,F022
P1482,A02,F023
P1483,F035,LAND
P1484,LAND,F037
P1485,F039,LAND
P1486,F025,LAND
P1487,F013,F002
P1488,LAND,F039
P1489,F031,LAND
P1490,F028,LAND
P1491,F041,LAND
P1492,F011,LAND
P1493,LAND,F017
P1494,F051,LAND
P1495,F048,LAND
P1496,F036,F049
P1497,LAND,F049
P1498,F003,F007
P1499,F015,LAND
P1500,LAND,F019
P1501,F038,LAND
P1502,F037,F040
P1503,F042,LAND
P1504,LAND,F018
P1505,F039,F052
P1506,LAND,F015
P1507,F020,F019
P1508,F045,LAND
P1509,LAND,F002
P1510,F015,F009
P1511,F045,LAND
P1512,LAND,F031
P1513,F002,F003
P1514,F044,F037
P1515,LAND,F024
P1516,F019,LAND
P1517,LAND,F036
P1518,LAND,F010
P1519,F004,LAND
P1520,A03,F049
P1521,LAND,F017
P1522,F039,LAND
P1523,LAND,F007
P1524,F009,LAND
P1525,F051,F038
P1526,F007,F002
P1527,F038,F039
P1528,LAND,F027
P1529,LAND,F011
P1530,F016,F005
P1531,F008,F003
P1532,F019,LAND
P1533,F047,LAND
P1534,LAND,F031
P1535,F027,LAND
P1536,F004,LAND
P1537,LAND,F016
P1538,F022,LAND
P1539,F012,F015
P1540,F037,F044
P1541,LAND,F033
P1542,F041,LAND
P1543,F030,LAND
P1544,LAND,F022
P1545,F006,A01
P1546,F008,LAND
P1547,F031,LAND
P1548,F031,F021
P1549,LAND,F010
P1550,F001,F016
P1551,F035,LAND
P1552,LAND,F046
P1553,LAND,F004
P1554,F005,F017
P1555,F035,LAND
P1556,LAND,F041
P1557,F034,LAND
P1558,F006,LAND
P1559,LAND,F039
P1560,F034,LAND
P1561,F002,LAND
P1562,LAND,F038
P1563,F013,LAND
P1564,LAND,F021
P1565,F050,LAND
P1566,LAND,F018
P1567,LAND,F040
P1568,F002,F004
P1569,LAND,F048
P1570,LAND,F049
P1571,A01,F011
P1572,F042,F040
P1573,F049,LAND
P1574,LAND,F027
P1575,LAND,F035
P1576,LAND,F036
P1577,LAND,F022
P1578,F028,F018
P1579,LAND,F016
P1580,LAND,F021
P1581,F022,F033
P1582,LAND,F016
P1583,F015,LAND
P1584,F039,F048
P1585,F051,F038
P1586,F029,F021
P1587,F050,F043
P1588,F019,F033
P1589,F032,LAND
P1590,F049,F048
P1591,F029,LAND
P1592,F006,F007
P1593,F005,A01
P1594,F048,A03
P1595,F033,LAND
P1596,F028,LAND
P1597,F026,LAND
P1598,LAND,F040
P1599,F009,F003
P1600,F001,A01
P1601,LAND,F001
P1602,F010,LAND
P1603,F016,LAND
P1604,LAND,F048
P1605,LAND,F011
P1606,F048,F039
P1607,LAND,F018
P1608,LAND,F021
P1609,LAND,F001
P1610,LAND,F009
P1611,A01,F006
P1612,LAND,F038
P1613,LAND,F047
P1614,F047,LAND
P1615,LAND,F043
P1616,LAND,F047
P1617,F036,LAND
P1618,F001,F005
P1619,F036,LAND
P1620,F003,LAND
P1621,F022,LAND
P1622,F010,A01
P1623,F013,LAND
P1624,F014,LAND
P1625,LAND,F006
P1626,F051,A03
P1627,LAND,F022
P1628,F022,F033
P1629,F038,F045
P1630,F037,F040
P1631,F001,F005
P1632,F051,LAND
P1633,F002,F003
P1634,F003,LAND
P1635,F029,LAND
P1636,F036,LAND
P1637,F036,LAND
P1638,F042,A03
P1639,F011,LAND
P1640,A03,F045
P1641,F043,F051
P1642,F020,LAND
P1643,F048,F039
P1644,F009,A01
P1645,LAND,F019
P1646,F037,LAND
P1647,F038,F045
P1648,F017,A01
P1649,F052,A03
P1650,A03,F036
P1651,F023,F032
P1652,F007,F002
P1653,LAND,F008
P1654,LAND,F024
P1655,LAND,F012
P1656,F020,LAND
P1657,F021,LAND
P1658,F045,LAND
P1659,F049,F048
P1660,F050,A03
P1661,LAND,F019
P1662,F011,A01
P1663,F027,LAND
P1664,LAND,F019
P1665,F029,A02
P1666,F031,F021
P1667,LAND,F011
P1668,LAND,F027
P1669,F002,F004
P1670,F020,F019
P1671,LAND,F020
P1672,F028,LAND
P1673,F048,F039
P1674,F021,LAND
P1675,F028,A02
P1676,F006,LAND
P1677,A02,F019
P1678,F028,LAND
P1679,F029,LAND
P1680,LAND,F016
P1681,LAND,F032
P1682,LAND,F025
P1683,LAND,F042
P1684,LAND,F051
P1685,LAND,F002
P1686,LAND,F034
P1687,F024,LAND
P1688,LAND,F011
P1689,F005,LAND
P1690,LAND,F021
P1691,F032,F025
P1692,F031,LAND
P1693,F008,LAND
P1694,LAND,F008
P1695,F004,F007
P1696,F028,LAND
P1697,LAND,F016
P1698,F023,F032
P1699,LAND,F020
P1700,F038,LAND
P1701,LAND,F035
P1702,F011,LAND
P1703,A01,F007
P1704,F038,F045
P1705,LAND,F040
P1706,F034,LAND
P1707,F045,LAND
P1708,LAND,F023
P1709,F042,LAND
P1710,LAND,F005
P1711,F006,F007
P1712,F010,F007
P1713,LAND,F020
P1714,LAND,F035
P1715,A03,F040
P1716,F027,LAND
P1717,F030,F026
P1718,A01,F011
P1719,F043,F051
P1720,F048,LAND
P1721,LAND,F036
P1722,F029,LAND
P1723,LAND,F051
P1724,LAND,F026
P1725,LAND,F039
P1726,F023,F032
P1727,F008,LAND
P1728,F040,LAND
P1729,A02,F028
P1730,F037,LAND
P1731,F045,LAND
P1732,F048,F039
P1733,F012,LAND
P1734,LAND,F002
P1735,F038,F039
P1736,F052,LAND
P1737,F037,F044
P1738,LAND,F029
P1739,LAND,F030
P1740,F010,LAND
P1741,F036,LAND
P1742,LAND,F041
P1743,LAND,F009
P1744,F007,F002
P1745,LAND,F017
P1746,F027,LAND
P1747,F037,LAND
P1748,LAND,F006
P1749,F016,LAND
P1750,A03,F040
P1751,F040,LAND
P1752,LAND,F018
P1753,LAND,F045
P1754,A01,F002
P1755,F036,LAND
P1756,F032,LAND
P1757,LAND,F001
P1758,LAND,F001
P1759,LAND,F001
P1760,LAND,F044
P1761,LAND,F048
P1762,F035,LAND
P1763,LAND,F009
P1764,F028,F018
P1765,F045,F048
P1766,LAND,F038
P1767,A03,F042
P1768,F040,LAND
P1769,F026,LAND
P1770,F018,LAND
P1771,A01,F002
P1772,LAND,F031
P1773,LAND,F028
P1774,LAND,F015
P1775,F026,LAND
P1776,F025,LAND
P1777,F001,F005
P1778,LAND,F046
P1779,F020,LAND
P1780,F040,LAND
P1781,F014,LAND
P1782,LAND,F015
P1783,F045,LAND
P1784,F015,A01
P1785,A03,F045
P1786,F046,F047
P1787,F003,F007
P1788,F030,F026
P1789,F038,F045
P1790,LAND,F020
P1791,F043,LAND
P1792,F022,LAND
P1793,LAND,F026
P1794,LAND,F020
P1795,F030,LAND
P1796,F020,LAND
P1797,LAND,F007
P1798,F027,F021
P1799,F045,LAND
P1800,F051,LAND
P1801,LAND,F021
P1802,F001,F005
P1803,A03,F045
P1804,LAND,F030
P1805,LAND,F014
P1806,LAND,F031
P1807,LAND,F018
P1808,F037,LAND
P1809,F032,F025
P1810,F015,LAND
P1811,LAND,F032
P1812,F019,LAND
P1813,F036,F049
P1814,LAND,F028
P1815,F039,LAND
P1816,F025,LAND
P1817,A03,F036
P1818,F002,LAND
P1819,F036,LAND
P1820,F016,LAND
P1821,F052,F048
P1822,F040,LAND
P1823,F039,F052
P1824,F039,LAND
P1825,F033,LAND
P1826,F052,LAND
P1827,A02,F029
P1828,LAND,F025
P1829,F052,F048
P1830,F036,LAND
P1831,F052,F048
P1832,LAND,F049
P1833,F008,LAND
P1834,F048,LAND
P1835,F022,LAND
P1836,F010,F007
P1837,F033,LAND
P1838,A01,F007
P1839,LAND,F047
P1840,F038,LAND
P1841,LAND,F028
P1842,F028,LAND
P1843,F036,F049
P1844,F016,LAND
P1845,F002,LAND
P1846,LAND,F006
P1847,LAND,F036
P1848,LAND,F001
P1849,F042,LAND
P1850,LAND,F041
P1851,F033,LAND
P1852,F018,LAND
P1853,LAND,F014
P1854,A02,F027
P1855,LAND,F043
P1856,LAND,F025
P1857,LAND,F020
P1858,LAND,F038
P1859,A02,F031
P1860,F043,LAND
P1861,F037,F040
P1862,F050,LAND
P1863,F004,LAND
P1864,LAND,F010
P1865,F017,LAND
P1866,LAND,F018
P1867,LAND,F025
P1868,F049,LAND
P1869,F040,LAND
P1870,LAND,F048
P1871,F022,A02
P1872,LAND,F001
P1873,F043,A03
P1874,F022,LAND
P1875,F001,LAND
P1876,F038,F045
P1877,F020,F019
P1878,LAND,F029
P1879,F048,LAND
P1880,F021,LAND
P1881,F018,F026
P1882,F027,LAND
P1883,LAND,F025
P1884,LAND,F045
P1885,F038,LAND
P1886,A02,F025
P1887,F002,A01
P1888,F043,F051
P1889,F020,LAND
P1890,LAND,F046
P1891,LAND,F010
P1892,F049,LAND
P1893,F017,F014
P1894,F036,F046
P1895,LAND,F019
P1896,F009,F003
P1897,LAND,F013
P1898,F024,A02
P1899,F006,A01
P1900,LAND,F022
P1901,F004,F007
P1902,LAND,F014
P1903,F019,F033
P1904,LAND,F027
P1905,A02,F024
P1906,LAND,F023
P1907,A01,F010
P1908,LAND,F040
P1909,F039,F048
P1910,LAND,F005
P1911,F040,F041
P1912,F049,F048
P1913,A03,F038
P1914,F052,LAND
P1915,F027,LAND
P1916,LAND,F034
P1917,F001,F016
P1918,F046,F047
P1919,LAND,F029
P1920,F011,F015
P1921,LAND,F019
P1922,F047,F049
P1923,F033,LAND
P1924,F024,F027
P1925,F037,LAND
P1926,LAND,F051
P1927,F025,LAND
P1928,F036,F049
P1929,F002,LAND
P1930,F011,A01
P1931,F038,F045
P1932,F038,F039
P1933,LAND,F005
P1934,F040,F041
P1935,F026,LAND
P1936,LAND,F039
P1937,F012,LAND
P1938,F025,F027
P1939,F012,LAND
P1940,LAND,F032
P1941,F036,LAND
P1942,F039,LAND
P1943,F016,LAND
P1944,LAND,F052
P1945,LAND,F033
P1946,F014,A01
P1947,F045,LAND
P1948,LAND,F043
P1949,LAND,F009
P1950,F048,LAND
P1951,F003,F008
P1952,F037,LAND
P1953,F048,F039
P1954,LAND,F002
P1955,F028,F018
P1956,LAND,F029
P1957,F033,LAND
P1958,F021,A02
P1959,LAND,F049
P1960,LAND,F044
P1961,F006,LAND
P1962,LAND,F051
P1963,F038,F045
P1964,F018,LAND
P1965,F042,LAND
P1966,F028,LAND
P1967,F041,LAND
P1968,LAND,F011
P1969,LAND,F039
P1970,F014,A01
P1971,F012,F015
P1972,F015,LAND
P1973,F031,LAND
P1974,F011,LAND
P1975,F044,F037
P1976,F041,A03
P1977,F041,F045
P1978,LAND,F041
P1979,F034,LAND
P1980,F040,LAND
P1981,LAND,F047
P1982,LAND,F019
P1983,F007,A01
P1984,LAND,F022
P1985,F035,LAND
P1986,F048,LAND
P1987,LAND,F021
P1988,LAND,F023
P1989,F043,LAND
P1990,F023,LAND
P1991,LAND,F027
P1992,LAND,F013
P1993,F010,F007
P1994,LAND,F034
P1995,F041,LAND
P1996,F022,LAND
P1997,F004,LAND
P1998,F032,LAND
P1999,F002,LAND
P2000,F022,LAND
P2001,F017,A01
P2002,F038,F039
P2003,F002,F003
P2004,F048,LAND
P2005,F017,F014
P2006,F012,A01
P2007,F032,LAND
P2008,F020,LAND
P2009,F022,LAND
P2010,F026,A02
P2011,F012,LAND
P2012,F051,F038
P2013,F021,F027
P2014,F012,LAND
P2015,F019,LAND
P2016,F030,A02
P2017,LAND,F052
P2018,LAND,F034
P2019,F045,LAND
P2020,F042,LAND
P2021,F005,LAND
P2022,LAND,F048
P2023,LAND,F045
P2024,LAND,F002
P2025,F042,F040
P2026,LAND,F030
P2027,LAND,F005
P2028,LAND,F002
P2029,F043,A03
P2030,LAND,F002
P2031,LAND,F042
P2032,LAND,F021
P2033,F030,LAND
P2034,LAND,F020
P2035,F008,LAND
P2036,LAND,F044
P2037,LAND,F052
P2038,LAND,F021
P2039,LAND,F001
P2040,F003,LAND
P2041,LAND,F011
P2042,LAND,F034
P2043,LAND,F017
P2044,LAND,F013
P2045,LAND,F037
P2046,F043,LAND
P2047,A03,F038
P2048,A03,F037
P2049,F006,A01
P2050,F047,F049
P2051,LAND,F022
P2052,F028,LAND
P2053,F023,LAND
P2054,F009,LAND
P2055,LAND,F025
P2056,LAND,F032
P2057,LAND,F020
P2058,LAND,F037
P2059,LAND,F051
P2060,F001,F005
P2061,LAND,F013
P2062,LAND,F005
P2063,F037,F040
P2064,LAND,F045
P2065,LAND,F026
P2066,F002,F004
P2067,F008,F003
P2068,F022,LAND
P2069,F030,F026
P2070,F036,LAND
P2071,F014,F017
P2072,F030,F026
P2073,F026,A02
P2074,F016,LAND
P2075,F022,LAND
P2076,LAND,F023
P2077,LAND,F010
P2078,A02,F018
P2079,LAND,F035
P2080,F015,LAND
P2081,F001,F005
P2082,F003,LAND
P2083,F012,A01
P2084,F018,F026
P2085,F019,LAND
P2086,LAND,F030
P2087,F037,LAND
P2088,LAND,F018
P2089,F031,LAND
P2090,F006,F007
P2091,LAND,F015
P2092,F009,LAND
P2093,A03,F042
P2094,LAND,F040
P2095,F052,LAND
P2096,LAND,F005
P2097,A02,F032
P2098,LAND,F030
P2099,F023,F032
P2100,F010,F007
P2101,A02,F029
P2102,LAND,F006
P2103,A02,F018
P2104,LAND,F032
P2105,LAND,F048
P2106,LAND,F010
P2107,F016,F005
P2108,F047,LAND
P2109,F020,LAND
P2110,LAND,F047
P2111,LAND,F052
P2112,F015,F009
P2113,F025,LAND
P2114,F031,LAND
P2115,F043,LAND
P2116,LAND,F035
P2117,F038,LAND
P2118,F038,F039
P2119,LAND,F002
P2120,LAND,F014
P2121,F044,F037
P2122,LAND,F049
P2123,F024,F027
P2124,F022,LAND
P2125,F031,F021
P2126,F029,LAND
P2127,LAND,F014
P2128,F050,F043
P2129,LAND,F036
P2130,F028,F018
P2131,A01,F012
P2132,F030,LAND
P2133,F017,LAND
P2134,F021,LAND
P2135,F036,LAND
P2136,F040,F041
P2137,LAND,F017
P2138,A03,F052
P2139,LAND,F017
P2140,F023,A02
P2141,F043,LAND
P2142,F036,LAND
P2143,LAND,F019
P2144,F042,F040
P2145,LAND,F052
P2146,F031,A02
P2147,F047,LAND
P2148,F030,F026
P2149,F004,LAND
P2150,F011,LAND
P2151,F044,LAND
P2152,LAND,F017
P2153,F024,A02
P2154,A03,F038
P2155,F028,F018
P2156,LAND,F048
P2157,LAND,F032
P2158,F036,LAND
P2159,A03,F039
P2160,F020,LAND
P2161,F050,F043
P2162,F027,LAND
P2163,LAND,F009
P2164,F006,F007
P2165,LAND,F005
P2166,LAND,F039
P2167,F042,F040
P2168,F012,F015
P2169,F044,LAND
P2170,F035,LAND
P2171,LAND,F025
P2172,LAND,F031
P2173,A01,F004
P2174,F050,LAND
P2175,F046,LAND
P2176,F040,LAND
P2177,F012,F015
P2178,LAND,F041
P2179,F019,LAND
P2180,F032,LAND
P2181,F027,F021
P2182,F034,LAND
P2183,LAND,F004
P2184,F029,F021
P2185,LAND,F016
P2186,LAND,F046
P2187,F036,F046
P2188,F002,F004
P2189,F014,LAND
P2190,F026,F033
P2191,F010,LAND
P2192,LAND,F016
P2193,F007,F002
P2194,LAND,F050
P2195,A02,F024
P2196,F018,F026
P2197,F010,LAND
P2198,A03,F049
P2199,F048,F039
P2200,F038,F045
P2201,F019,LAND
P2202,LAND,F005
P2203,F033,LAND
P2204,F034,LAND
P2205,F029,LAND
P2206,LAND,F043
P2207,A01,F017
P2208,A01,F003
P2209,F014,LAND
P2210,F030,F026
P2211,F040,F041
P2212,F028,LAND
P2213,F001,A01
P2214,F021,F027
P2215,F025,LAND
P2216,LAND,F020
P2217,LAND,F051
P2218,LAND,F051
P2219,F051,LAND
P2220,F052,LAND
P2221,F036,LAND
P2222,F039,LAND
P2223,F048,F039
P2224,LAND,F031
P2225,F008,F003
P2226,F032,LAND
P2227,LAND,F016
P2228,LAND,F051
P2229,LAND,F017
P2230,LAND,F023
P2231,F045,A03
P2232,F028,F018
P2233,F049,LAND
P2234,F040,F041
P2235,F002,LAND
P2236,F017,F014
P2237,F052,LAND
P2238,F006,LAND
P2239,LAND,F035
P2240,F018,F026
P2241,LAND,F021
P2242,F022,F033
P2243,LAND,F034
P2244,F006,LAND
P2245,F036,LAND
P2246,F017,LAND
P2247,F038,LAND
P2248,A02,F031
P2249,F025,LAND
P2250,LAND,F010
P2251,F032,LAND
P2252,F040,A03
P2253,LAND,F050
P2254,F035,LAND
P2255,F050,LAND
P2256,F018,LAND
P2257,LAND,F018
P2258,LAND,F022
P2259,F004,LAND
P2260,F015,LAND
P2261,LAND,F037
P2262,A03,F041
P2263,F045,LAND
P2264,F033,LAND
P2265,LAND,F010
P2266,F002,LAND
P2267,F039,F048
P2268,F011,LAND
P2269,F017,F014
P2270,F019,LAND
P2271,F018,A02
P2272,LAND,F026
P2273,F014,LAND
P2274,LAND,F027
P2275,LAND,F037
P2276,F024,LAND
P2277,F015,F009
P2278,LAND,F006
P2279,F014,LAND
P2280,F019,A02
P2281,F042,LAND
P2282,LAND,F039
P2283,LAND,F012
P2284,F038,LAND
P2285,F030,LAND
P2286,F030,LAND
P2287,LAND,F020
P2288,F008,F003
P2289,F037,F040
P2290,F030,A02
P2291,LAND,F037
P2292,LAND,F019
P2293,LAND,F034
P2294,LAND,F032
P2295,LAND,F009
P2296,F044,LAND
P2297,F036,LAND
P2298,F022,LAND
P2299,F012,LAND
P2300,F021,A02
P2301,LAND,F018
P2302,F052,LAND
P2303,F001,F016
P2304,F001,LAND
P2305,F039,LAND
P2306,F009,LAND
P2307,F001,LAND
P2308,F038,F039
P2309,A01,F017
P2310,F013,LAND
P2311,F017,F014
P2312,F027,LAND
P2313,F006,LAND
P2314,A02,F023
P2315,A03,F047
P2316,F013,F002
P2317,LAND,F022
P2318,LAND,F002
P2319,F042,A03
P2320,F044,LAND
P2321,LAND,F049
P2322,F048,LAND
P2323,LAND,F021
P2324,F040,LAND
P2325,F019,LAND
P2326,LAND,F001
P2327,F044,LAND
P2328,F038,F039
P2329,F017,LAND
P2330,A03,F050
P2331,LAND,F052
P2332,F019,LAND
P2333,LAND,F022
P2334,LAND,F005
P2335,F050,LAND
P2336,LAND,F010
P2337,F006,F007
P2338,F051,A03
P2339,LAND,F012
P2340,F049,LAND
P2341,F001,F016
P2342,F017,F014
P2343,LAND,F013
P2344,F012,A01
P2345,F044,LAND
P2346,LAND,F027
P2347,LAND,F025
P2348,F001,LAND
P2349,F041,F045
P2350,F041,F045
P2351,A02,F032
P2352,F043,F051
P2353,F034,LAND
P2354,F019,LAND
P2355,LAND,F031
P2356,F001,LAND
P2357,F038,LAND
P2358,A02,F027
P2359,LAND,F052
P2360,F007,LAND
P2361,F022,LAND
P2362,LAND,F004
P2363,F007,A01
P2364,LAND,F044
P2365,LAND,F045
P2366,F021,LAND
P2367,F016,F005
P2368,LAND,F012
P2369,LAND,F048
P2370,F017,F014
P2371,F013,LAND
P2372,LAND,F006
P2373,F051,LAND
P2374,A03,F040
P2375,F021,A02
P2376,F024,LAND
P2377,F049,LAND
P2378,A03,F052
P2379,F037,F040
P2380,F052,LAND
P2381,F040,A03
P2382,LAND,F022
P2383,F002,F003
P2384,F007,F002
P2385,F044,LAND
P2386,LAND,F040
P2387,F020,LAND
P2388,F002,F004
P2389,LAND,F033
P2390,F019,A02
P2391,F041,F045
P2392,F030,F026
P2393,LAND,F022
P2394,F026,A02
P2395,A03,F048
P2396,LAND,F048
P2397,A02,F033
P2398,F045,A03
P2399,F019,LAND
P2400,LAND,F008
P2401,A02,F027
P2402,F052,LAND
P2403,F045,LAND
P2404,F001,F005
P2405,F045,LAND
P2406,F036,LAND
P2407,A02,F028
P2408,A02,F026
P2409,A01,F002
P2410,LAND,F001
P2411,F051,LAND
P2412,F009,F003
P2413,LAND,F035
P2414,F017,LAND
P2415,LAND,F009
P2416,LAND,F001
P2417,F019,LAND
P2418,F035,LAND
P2419,LAND,F048
P2420,F031,LAND
P2421,F024,LAND
P2422,LAND,F032
P2423,F040,A03
P2424,F006,LAND
P2425,LAND,F022
P2426,LAND,F027
P2427,F043,LAND
P2428,F004,F007
P2429,A02,F020
P2430,F018,LAND
P2431,F049,LAND
P2432,LAND,F031
P2433,LAND,F024
P2434,F003,F007
P2435,LAND,F032
P2436,F013,A01
P2437,F010,F007
P2438,F026,LAND
P2439,F034,LAND
P2440,LAND,F023
P2441,F031,F021
P2442,LAND,F043
P2443,F013,F002
P2444,F001,F016
P2445,F007,F002
P2446,LAND,F039
P2447,LAND,F014
P2448,LAND,F037
P2449,F038,LAND
P2450,LAND,F037
P2451,F011,LAND
P2452,F040,LAND
P2453,LAND,F030
P2454,F002,LAND
P2455,F021,LAND
P2456,LAND,F032
P2457,LAND,F033
P2458,F002,LAND
P2459,F050,F043
P2460,F002,LAND
P2461,F003,F008
P2462,LAND,F022
P2463,LAND,F013
P2464,A01,F013
P2465,F002,LAND
P2466,LAND,F033
P2467,F015,A01
P2468,F020,F019
P2469,LAND,F020
P2470,LAND,F008
P2471,LAND,F019
P2472,A01,F016
P2473,F028,A02
P2474,LAND,F050
P2475,F046,LAND
P2476,F021,LAND
P2477,LAND,F043
P2478,F036,LAND
P2479,F007,F002
P2480,F043,LAND
P2481,LAND,F048
P2482,F020,LAND
P2483,F012,F015
P2484,F022,LAND
P2485,LAND,F045
P2486,F024,LAND
P2487,LAND,F004
P2488,LAND,F019
P2489,F016,LAND
P2490,LAND,F039
P2491,F017,LAND
P2492,F046,A03
P2493,LAND,F032
P2494,F030,A02
P2495,LAND,F011
P2496,F013,LAND
P2497,F046,F047
P2498,F028,LAND
P2499,LAND,F017
P2500,LAND,F046
P2501,F023,LAND
P2502,F005,LAND
P2503,LAND,F012
P2504,F001,F005
P2505,F049,F048
P2506,LAND,F002
P2507,F002,LAND
P2508,F037,LAND
P2509,F005,LAND
P2510,F015,F009
P2511,F039,A03
P2512,LAND,F014
P2513,F039,LAND
P2514,LAND,F021
P2515,F048,LAND
P2516,F048,LAND
P2517,A02,F018
P2518,LAND,F024
P2519,F038,A03
P2520,F007,LAND
P2521,A03,F042
P2522,F052,F048
P2523,F002,LAND
P2524,F018,F026
P2525,F033,LAND
P2526,F015,LAND
P2527,LAND,F036
P2528,F046,A03
P2529,F021,A02
P2530,F020,LAND
P2531,LAND,F037
P2532,F018,LAND
P2533,F032,LAND
P2534,F008,F003
P2535,A02,F024
P2536,LAND,F033
P2537,A01,F001
P2538,LAND,F036
P2539,F017,LAND
P2540,LAND,F005
P2541,F001,F016
P2542,F008,LAND
P2543,LAND,F020
P2544,A03,F038
P2545,F022,LAND
P2546,F016,LAND
P2547,F020,LAND
P2548,LAND,F027
P2549,LAND,F010
P2550,F031,F021
P2551,LAND,F004
P2552,F026,LAND
P2553,F037,F040
P2554,F016,LAND
P2555,LAND,F040
P2556,F048,LAND
P2557,F018,LAND
P2558,LAND,F051
P2559,F028,F018
P2560,F009,LAND
P2561,LAND,F014
P2562,LAND,F051
P2563,F036,LAND
P2564,LAND,F027
P2565,F009,A01
P2566,F004,A01
P2567,F025,F027
P2568,F026,LAND
P2569,F048,A03
P2570,F031,A02
P2571,A02,F027
P2572,A02,F024
P2573,LAND,F026
P2574,F046,LAND
P2575,F025,LAND
P2576,F030,LAND
P2577,LAND,F010
P2578,LAND,F022
P2579,F052,F048
P2580,LAND,F021
P2581,F028,LAND
P2582,F017,LAND
P2583,F036,LAND
P2584,F023,F032
P2585,F010,LAND
P2586,LAND,F007
P2587,F018,LAND
P2588,F026,F033
P2589,F032,LAND
P2590,LAND,F029
P2591,F050,A03
P2592,F043,LAND
P2593,F019,LAND
P2594,F004,LAND
P2595,LAND,F002
P2596,F037,F040
P2597,LAND,F022
P2598,A02,F019
P2599,LAND,F046
P2600,F020,LAND
P2601,LAND,F002
P2602,F012,F015
P2603,F045,LAND
P2604,LAND,F048
P2605,F014,F017
P2606,F037,LAND
P2607,F033,LAND
P2608,F034,LAND
P2609,F041,LAND
P2610,F004,LAND
P2611,LAND,F038
P2612,F043,LAND
P2613,F032,F025
P2614,LAND,F018
P2615,LAND,F010
P2616,F022,LAND
P2617,LAND,F029
P2618,LAND,F039
P2619,LAND,F048
P2620,LAND,F034
P2621,F049,A03
P2622,F019,A02
P2623,F001,F005
P2624,F027,F021
P2625,A01,F002
P2626,F022,LAND
P2627,LAND,F025
P2628,F031,LAND
P2629,F008,LAND
P2630,F052,LAND
P2631,F032,F025
P2632,LAND,F011
P2633,LAND,F021
P2634,F041,F045
P2635,F012,F015
P2636,A03,F043
P2637,LAND,F021
P2638,F049,LAND
P2639,F050,LAND
P2640,F045,LAND
P2641,F005,LAND
P2642,LAND,F031
P2643,LAND,F038
P2644,LAND,F018
P2645,F043,LAND
P2646,F022,LAND
P2647,LAND,F049
P2648,LAND,F043
P2649,LAND,F039
P2650,LAND,F041
P2651,F003,LAND
P2652,F021,LAND
P2653,F031,A02
P2654,LAND,F045
P2655,F042,LAND
P2656,F005,LAND
P2657,LAND,F020
P2658,F004,A01
P2659,F045,A03
P2660,F021,LAND
P2661,LAND,F005
P2662,F009,LAND
P2663,LAND,F036
P2664,F017,LAND
P2665,LAND,F002
P2666,F049,F048
P2667,LAND,F044
P2668,F005,LAND
P2669,LAND,F004
P2670,F028,F018
P2671,F039,F048
P2672,LAND,F049
P2673,F021,LAND
P2674,LAND,F038
P2675,LAND,F021
P2676,F003,F007
P2677,LAND,F036
P2678,LAND,F024
P2679,F036,LAND
P2680,F022,LAND
P2681,LAND,F032
P2682,LAND,F017
P2683,A02,F029
P2684,F001,LAND
P2685,F038,LAND
P2686,F002,F004
P2687,F043,LAND
P2688,LAND,F001
P2689,LAND,F018
P2690,F019,F033
P2691,LAND,F012
P2692,LAND,F048
P2693,F010,F007
P2694,F009,F003
P2695,LAND,F003
P2696,F015,LAND
P2697,F018,LAND
P2698,LAND,F012
P2699,F047,LAND
P2700,LAND,F049
P2701,F027,F021
P2702,LAND,F002
P2703,F014,A01
P2704,F017,F014
P2705,F018,A02
P2706,F004,F007
P2707,F045,LAND
P2708,F036,LAND
P2709,F045,LAND
P2710,LAND,F026
P2711,LAND,F022
P2712,LAND,F048
P2713,F044,LAND
P2714,F051,LAND
P2715,LAND,F002
P2716,LAND,F004
P2717,LAND,F002
P2718,LAND,F006
P2719,LAND,F003
P2720,LAND,F009
P2721,LAND,F039
P2722,LAND,F020
P2723,LAND,F002
P2724,LAND,F002
P2725,LAND,F005
P2726,LAND,F051
P2727,LAND,F040
P2728,F038,F039
P2729,F002,LAND
P2730,A03,F042
P2731,LAND,F016
P2732,F008,A01
P2733,F032,LAND
P2734,F023,LAND
P2735,F028,LAND
P2736,LAND,F016
P2737,F045,F048
P2738,A01,F007
P2739,F021,LAND
P2740,F004,LAND
P2741,LAND,F012
P2742,LAND,F039
P2743,A03,F048
P2744,F027,LAND
P2745,F008,LAND
P2746,LAND,F040
P2747,F031,F021
P2748,F005,LAND
P2749,F021,F027
P2750,F005,A01
P2751,LAND,F042
P2752,F035,LAND
P2753,A01,F012
P2754,F004,LAND
P2755,F051,A03
P2756,F026,LAND
P2757,F035,LAND
P2758,F045,F048
P2759,LAND,F049
P2760,F029,F021
P2761,F034,LAND
P2762,F021,LAND
P2763,F042,F040
P2764,LAND,F011
P2765,F027,F021
P2766,LAND,F043
P2767,LAND,F014
P2768,LAND,F011
P2769,LAND,F028
P2770,F005,LAND
P2771,A02,F027
P2772,F048,F039
P2773,F046,LAND
P2774,F014,F017
P2775,LAND,F040
P2776,LAND,F048
P2777,F014,LAND
P2778,A02,F034
P2779,LAND,F042
P2780,F001,LAND
P2781,F037,LAND
P2782,LAND,F050
P2783,LAND,F044
P2784,F017,LAND
P2785,LAND,F052
P2786,LAND,F042
P2787,LAND,F052
P2788,F030,LAND
P2789,LAND,F017
P2790,A02,F023
P2791,A02,F025
P2792,F033,LAND
P2793,A01,F004
P2794,LAND,F009
P2795,F024,F027
P2796,LAND,F029
P2797,F030,LAND
P2798,F041,LAND
P2799,LAND,F039
P2800,F009,LAND
P2801,LAND,F045
P2802,F045,LAND
P2803,F006,A01
P2804,F044,LAND
P2805,LAND,F009
P2806,F012,F015
P2807,LAND,F013
P2808,F020,LAND
P2809,LAND,F022
P2810,A02,F029
P2811,F007,LAND
P2812,F037,LAND
P2813,F027,F021
P2814,F027,F021
P2815,LAND,F008
P2816,F009,LAND
P2817,F048,LAND
P2818,F037,LAND
P2819,A01,F002
P2820,LAND,F033
P2821,F008,F003
P2822,A02,F019
P2823,F003,F007
P2824,LAND,F046
P2825,LAND,F017
P2826,LAND,F033
P2827,F024,LAND
P2828,LAND,F039
P2829,LAND,F002
P2830,F047,A03
P2831,LAND,F020
P2832,A03,F049
P2833,F002,A01
P2834,F015,LAND
P2835,LAND,F044
P2836,LAND,F017
P2837,LAND,F045
P2838,LAND,F021
P2839,LAND,F050
P2840,A01,F010
P2841,LAND,F045
P2842,F036,F049
P2843,A03,F044
P2844,LAND,F014
P2845,F046,F047
P2846,LAND,F040
P2847,LAND,F051
P2848,LAND,F025
P2849,F014,LAND
P2850,A03,F047
P2851,F021,LAND
P2852,F022,LAND
P2853,LAND,F034
P2854,LAND,F049
P2855,F009,F003
P2856,F038,LAND
P2857,F040,A03
P2858,LAND,F048
P2859,LAND,F009
P2860,F051,LAND
P2861,F043,A03
P2862,F020,F019
P2863,A03,F046
P2864,LAND,F028
P2865,F038,LAND
P2866,LAND,F001
P2867,LAND,F026
P2868,F016,LAND
P2869,LAND,F010
P2870,F047,F049
P2871,LAND,F041
P2872,F019,LAND
P2873,LAND,F019
P2874,F026,LAND
P2875,F002,LAND
P2876,LAND,F007
P2877,LAND,F025
P2878,LAND,F011
P2879,F024,F027
P2880,LAND,F002
P2881,LAND,F040
P2882,F042,LAND
P2883,F007,F002
P2884,F026,F033
P2885,LAND,F006
P2886,F039,LAND
P2887,F018,LAND
P2888,F019,LAND
P2889,LAND,F042
P2890,F036,LAND
P2891,F001,F016
P2892,F040,LAND
P2893,LAND,F049
P2894,F004,F007
P2895,F024,F027
P2896,LAND,F034
P2897,F025,F027
P2898,A01,F016
P2899,F042,F040
P2900,LAND,F031
P2901,LAND,F038
P2902,LAND,F023
P2903,F006,LAND
P2904,LAND,F018
P2905,F033,A02
P2906,F020,LAND
P2907,LAND,F024
P2908,LAND,F014
P2909,F010,LAND
P2910,F017,LAND
P2911,F008,F003
P2912,A03,F038
P2913,LAND,F039
P2914,A03,F048
P2915,F038,A03
P2916,F005,LAND
P2917,F014,LAND
P2918,F035,LAND
P2919,F040,F041
P2920,F007,F002
P2921,F019,LAND
P2922,LAND,F049
P2923,F024,A02
P2924,F021,A02
P2925,F019,F033
P2926,F051,LAND
P2927,F016,LAND
P2928,LAND,F001
P2929,A01,F003
P2930,LAND,F051
P2931,F038,F045
P2932,LAND,F024
P2933,LAND,F032
P2934,F031,F021
P2935,LAND,F040
P2936,F042,LAND
P2937,F028,LAND
P2938,LAND,F002
P2939,A03,F045
P2940,LAND,F033
P2941,F003,F008
P2942,A01,F001
P2943,LAND,F023
P2944,F022,LAND
P2945,LAND,F051
P2946,F013,F002
P2947,F043,F051
P2948,F048,LAND
P2949,F029,LAND
P2950,F030,LAND
P2951,F052,F048
P2952,F002,LAND
P2953,LAND,F014
P2954,F045,F048
P2955,LAND,F025
P2956,A03,F037
P2957,F036,F046
P2958,F026,F033
P2959,F002,LAND
P2960,F001,F016
P2961,F029,LAND
P2962,F028,A02
P2963,F038,F045
P2964,F047,LAND
P2965,LAND,F042
P2966,LAND,F041
P2967,F027,A02
P2968,LAND,F039
P2969,A01,F014
P2970,F051,A03
P2971,LAND,F026
P2972,A03,F050
P2973,F050,A03
P2974,LAND,F036
P2975,F014,A01
P2976,F025,LAND
P2977,F045,A03
P2978,LAND,F011
P2979,F037,F040
P2980,F013,LAND
P2981,F020,LAND
P2982,LAND,F009
P2983,F048,LAND
P2984,A03,F042
P2985,F007,LAND
P2986,F034,LAND
P2987,F039,LAND
P2988,F026,LAND
P2989,F013,F002
P2990,LAND,F008
P2991,LAND,F009
P2992,F030,LAND
P2993,F019,F033
P2994,F010,F007
P2995,F042,LAND
P2996,LAND,F001
P2997,F036,LAND
P2998,LAND,F046
P2999,A01,F017
P3000,F015,LAND
P3001,F031,F021
P3002,LAND,F033
P3003,F023,LAND
P3004,LAND,F038
P3005,F026,LAND
P3006,LAND,F009
P3007,F014,F017
P3008,LAND,F044
P3009,F028,LAND
P3010,F019,LAND
P3011,F022,F033
P3012,F026,LAND
P3013,A02,F026
P3014,F006,LAND
P3015,F021,F027
P3016,F040,F041
P3017,F051,F038
P3018,F031,LAND
P3019,F027,LAND
P3020,F038,F045
P3021,F018,A02
P3022,LAND,F036
P3023,A03,F043
P3024,F048,LAND
P3025,LAND,F002
P3026,LAND,F020
P3027,LAND,F048
P3028,LAND,F042
P3029,F052,LAND
P3030,F044,LAND
P3031,F008,F003
P3032,F018,LAND
P3033,F001,F005
P3034,F020,LAND
P3035,F002,LAND
P3036,F026,F033
P3037,F001,F016
P3038,F045,F048
P3039,LAND,F004
P3040,F001,F016
P3041,A02,F031
P3042,LAND,F022
P3043,F046,A03
P3044,A02,F019
P3045,F003,F008
P3046,F024,F027
P3047,F018,LAND
P3048,A03,F039
P3049,F034,A02
P3050,LAND,F001
P3051,F039,F052
P3052,F030,LAND
P3053,LAND,F004
P3054,F044,F037
P3055,LAND,F002
P3056,F019,LAND
P3057,F044,F037
P3058,F029,LAND
P3059,F008,A01
P3060,LAND,F020
P3061,F024,LAND
P3062,LAND,F034
P3063,LAND,F003
P3064,F002,LAND
P3065,F044,LAND
P3066,F031,LAND
P3067,LAND,F039
P3068,F006,F007
P3069,F044,LAND
P3070,F049,F048
P3071,F050,A03
P3072,F021,A02
P3073,F023,F032
P3074,LAND,F005
P3075,LAND,F010
P3076,F052,F048
P3077,LAND,F001
P3078,F040,F041
P3079,LAND,F022
P3080,F050,F043
P3081,F025,LAND
P3082,LAND,F051
P3083,A02,F022
P3084,LAND,F037
P3085,F040,A03
P3086,F021,LAND
P3087,LAND,F023
P3088,LAND,F006
P3089,LAND,F041
P3090,LAND,F024
P3091,F017,F014
P3092,A01,F013
P3093,LAND,F020
P3094,LAND,F043
P3095,F017,LAND
P3096,LAND,F030
P3097,F007,LAND
P3098,LAND,F015
P3099,F044,LAND
P3100,F016,LAND
P3101,A02,F027
P3102,F032,LAND
P3103,F038,F045
P3104,A02,F027
P3105,LAND,F052
P3106,F020,LAND
P3107,F049,A03
P3108,A01,F011
P3109,A02,F027
P3110,F019,F033
P3111,F032,A02
P3112,LAND,F017
P3113,A01,F004
P3114,A02,F018
P3115,F042,F040
P3116,F005,LAND
P3117,LAND,F030
P3118,A01,F009
P3119,LAND,F004
P3120,LAND,F031
P3121,F020,LAND
P3122,F036,F046
P3123,F024,LAND
P3124,F036,F049
P3125,LAND,F001
P3126,LAND,F038
P3127,F014,LAND
P3128,F022,LAND
P3129,F040,F041
P3130,F046,LAND
P3131,F041,LAND
P3132,F012,A01
P3133,F026,LAND
P3134,F004,F007
P3135,F047,LAND
P3136,LAND,F025
P3137,A01,F009
P3138,LAND,F001
P3139,F011,LAND
P3140,F007,LAND
P3141,F039,F052
P3142,F006,LAND
P3143,F020,LAND
P3144,F029,LAND
P3145,F011,LAND
P3146,F014,LAND
P3147,F019,LAND
P3148,F003,F008
P3149,LAND,F049
P3150,A01,F013
P3151,F052,LAND
P3152,F002,F003
P3153,F047,LAND
P3154,F031,LAND
P3155,LAND,F044
P3156,LAND,F037
P3157,F026,LAND
P3158,A02,F021
P3159,LAND,F004
P3160,LAND,F014
P3161,F035,LAND
P3162,F018,LAND
P3163,F005,LAND
P3164,LAND,F010
P3165,F006,F007
P3166,F011,LAND
P3167,LAND,F051
P3168,F036,F049
P3169,LAND,F036
P3170,LAND,F016
P3171,LAND,F032
P3172,F001,LAND
P3173,F015,F009
P3174,LAND,F026
P3175,A01,F011
P3176,A01,F013
P3177,LAND,F025
P3178,F039,F052
P3179,F046,LAND
P3180,F040,LAND
P3181,F031,A02
P3182,LAND,F032
P3183,F044,LAND
P3184,LAND,F051
P3185,F009,A01
P3186,F016,F005
P3187,F027,LAND
P3188,F012,LAND
P3189,F006,LAND
P3190,A02,F024
P3191,LAND,F049
P3192,LAND,F016
P3193,F028,F018
P3194,F020,A02
P3195,F025,F027
P3196,F046,LAND
P3197,F008,A01
P3198,LAND,F011
P3199,F010,F007
P3200,F028,A02
P3201,F013,F002
P3202,LAND,F013
P3203,F041,LAND
P3204,F050,F043
P3205,LAND,F049
P3206,F038,F045
P3207,F036,LAND
P3208,F001,A01
P3209,LAND,F044
P3210,LAND,F050
P3211,A01,F012
P3212,LAND,F011
P3213,LAND,F039
P3214,F049,LAND
P3215,F023,A02
P3216,LAND,F025
P3217,F001,LAND
P3218,F032,LAND
P3219,F032,F025
P3220,F004,LAND
P3221,F039,LAND
P3222,LAND,F040
P3223,F023,LAND
P3224,F011,LAND
P3225,LAND,F038
P3226,F012,LAND
P3227,LAND,F052
P3228,F039,F052
P3229,F010,LAND
P3230,F040,LAND
P3231,LAND,F007
P3232,F027,LAND
P3233,F030,LAND
P3234,LAND,F015
P3235,LAND,F050
P3236,F031,LAND
P3237,F001,LAND
P3238,A03,F044
P3239,F041,LAND
P3240,LAND,F017
P3241,F043,A03
P3242,F032,LAND
P3243,LAND,F004
P3244,F024,LAND
P3245,F006,F007
P3246,F021,F027
P3247,F018,A02
P3248,F002,LAND
P3249,LAND,F011
P3250,LAND,F011
P3251,F050,F043
P3252,F001,LAND
P3253,LAND,F051
P3254,F052,LAND
P3255,F020,LAND
P3256,F009,LAND
P3257,LAND,F045
P3258,F041,F045
P3259,F027,LAND
P3260,A03,F044
P3261,F019,F033
P3262,F015,LAND
P3263,F052,A03
P3264,LAND,F019
P3265,LAND,F019
P3266,F003,F007
P3267,A03,F048
P3268,LAND,F003
P3269,F006,LAND
P3270,A03,F043
P3271,A01,F006
P3272,F036,LAND
P3273,F013,LAND
P3274,F043,A03
P3275,F003,LAND
P3276,A03,F049
P3277,LAND,F013
P3278,LAND,F020
P3279,LAND,F017
P3280,LAND,F009
P3281,F030,F026
P3282,LAND,F034
P3283,LAND,F028
P3284,F038,F039
P3285,F031,LAND
P3286,F039,LAND
P3287,LAND,F040
P3288,A02,F019
P3289,F007,LAND
P3290,F009,F003
P3291,F016,A01
P3292,LAND,F007
P3293,F014,LAND
P3294,F024,LAND
P3295,F021,LAND
P3296,F010,LAND
P3297,F045,LAND
P3298,F013,F002
P3299,F039,F052
P3300,F007,F002
P3301,F044,A03
P3302,LAND,F028
P3303,LAND,F033
P3304,LAND,F008
P3305,LAND,F021
P3306,F010,LAND
P3307,F030,F026
P3308,LAND,F028
P3309,LAND,F042
P3310,LAND,F017
P3311,LAND,F047
P3312,LAND,F018
P3313,LAND,F021
P3314,F038,F039
P3315,F015,A01
P3316,LAND,F016
P3317,F032,A02
P3318,F046,F047
P3319,F030,LAND
P3320,LAND,F026
P3321,F047,F049
P3322,LAND,F040
P3323,F003,LAND
P3324,F017,F014
P3325,LAND,F044
P3326,LAND,F028
P3327,LAND,F007
P3328,F032,A02
P3329,LAND,F018
P3330,LAND,F036
P3331,F018,A02
P3332,F016,LAND
P3333,F039,LAND
P3334,A03,F044
P3335,F025,F027
P3336,F038,F039
P3337,F042,LAND
P3338,F046,F047
P3339,F001,F016
P3340,F028,F018
P3341,LAND,F020
P3342,F036,LAND
P3343,F045,F048
P3344,LAND,F031
P3345,LAND,F022
P3346,LAND,F042
P3347,F038,F045
P3348,LAND,F039
P3349,F041,LAND
P3350,F026,LAND
P3351,F022,LAND
P3352,LAND,F033
P3353,F050,LAND
P3354,LAND,F007
P3355,F003,LAND
P3356,LAND,F016
P3357,F013,F002
P3358,F022,F033
P3359,F021,LAND
P3360,LAND,F035
P3361,F028,LAND
P3362,LAND,F001
P3363,LAND,F005
P3364,F036,F049
P3365,LAND,F034
P3366,LAND,F032
P3367,F033,LAND
P3368,LAND,F027
P3369,LAND,F046
P3370,LAND,F036
P3371,F037,LAND
P3372,F011,LAND
P3373,F022,LAND
P3374,F009,LAND
P3375,LAND,F004
P3376,F038,LAND
P3377,F021,LAND
P3378,F013,F002
P3379,F042,LAND
P3380,F050,LAND
P3381,LAND,F018
P3382,F049,LAND
P3383,F014,F017
P3384,F042,LAND
P3385,A02,F032
P3386,F041,LAND
P3387,F002,LAND
P3388,F014,F017
P3389,F003,F008
P3390,F025,F027
P3391,F041,LAND
P3392,F043,F051
P3393,F039,LAND
P3394,LAND,F006
P3395,F013,LAND
P3396,F034,A02
P3397,F025,LAND
P3398,F019,LAND
P3399,F025,F027
P3400,F034,LAND
P3401,F020,F019
P3402,LAND,F029
P3403,A01,F005
P3404,F011,LAND
P3405,F006,F007
P3406,LAND,F021
P3407,F026,F033
P3408,F039,F048
P3409,A02,F019
P3410,A01,F008
P3411,F037,LAND
P3412,F008,F003
P3413,F032,LAND
P3414,F024,LAND
P3415,F011,LAND
P3416,LAND,F049
P3417,F031,F021
P3418,LAND,F001
P3419,F002,F004
P3420,LAND,F034
P3421,F004,A01
P3422,LAND,F018
P3423,LAND,F041
P3424,F010,LAND
P3425,LAND,F001
P3426,F025,LAND
P3427,LAND,F016
P3428,LAND,F042
P3429,F050,LAND
P3430,F003,F008
P3431,F023,LAND
P3432,F020,LAND
P3433,LAND,F012
P3434,F009,LAND
P3435,F051,F038
P3436,LAND,F031
P3437,LAND,F002
P3438,F038,A03
P3439,F030,LAND
P3440,LAND,F052
P3441,LAND,F019
P3442,F045,F048
P3443,LAND,F050
P3444,F039,LAND
P3445,LAND,F012
P3446,F002,LAND
P3447,F009,LAND
P3448,F016,LAND
P3449,F048,LAND
P3450,F012,LAND
P3451,F038,LAND
P3452,LAND,F049
P3453,F044,F037
P3454,F022,LAND
P3455,F034,LAND
P3456,F049,F048
P3457,LAND,F001
P3458,F003,F008
P3459,LAND,F043
P3460,F029,LAND
P3461,LAND,F034
P3462,LAND,F039
P3463,F037,F040
P3464,LAND,F009
P3465,F012,A01
P3466,LAND,F013
P3467,F012,F015
P3468,F028,LAND
P3469,LAND,F039
P3470,F044,A03
P3471,A03,F048
P3472,F038,F045
P3473,LAND,F023
P3474,F002,LAND
P3475,LAND,F014
P3476,LAND,F010
P3477,LAND,F040
P3478,LAND,F009
P3479,F036,LAND
P3480,F038,F045
P3481,F003,F008
P3482,F006,LAND
P3483,LAND,F020
P3484,F019,LAND
P3485,F012,LAND
P3486,F013,F002
P3487,F051,LAND
P3488,LAND,F024
P3489,F018,F026
P3490,F012,A01
P3491,F026,A02
P3492,F022,A02
P3493,F024,LAND
P3494,F012,LAND
P3495,A01,F008
P3496,F007,A01
P3497,LAND,F008
P3498,F032,F025
P3499,F025,LAND
P3500,F018,LAND
P3501,F042,A03
P3502,F013,F002
P3503,F039,F048
P3504,F017,F014
P3505,LAND,F036
P3506,LAND,F025
P3507,LAND,F036
P3508,F013,LAND
P3509,LAND,F022
P3510,LAND,F043
P3511,F023,F032
P3512,F003,F008
P3513,F031,F021
P3514,F050,LAND
P3515,F020,LAND
P3516,LAND,F031
P3517,F052,LAND
P3518,LAND,F002
P3519,F051,LAND
P3520,F043,LAND
P3521,F044,F037
P3522,F020,LAND
P3523,F025,LAND
P3524,A02,F019
P3525,F047,F049
P3526,F014,LAND
P3527,F001,LAND
P3528,F004,F007
P3529,F006,F007
P3530,LAND,F037
P3531,LAND,F030
P3532,LAND,F022
P3533,LAND,F019
P3534,F008,LAND
P3535,F008,LAND
P3536,F033,A02
P3537,F008,LAND
P3538,LAND,F039
P3539,F016,F005
P3540,F036,A03
P3541,LAND,F045
P3542,LAND,F033
P3543,LAND,F028
P3544,LAND,F021
P3545,LAND,F050
P3546,LAND,F019
P3547,LAND,F040
P3548,F019,A02
P3549,F018,LAND
P3550,F009,LAND
P3551,LAND,F006
P3552,LAND,F035
P3553,F001,LAND
P3554,LAND,F014
P3555,F010,LAND
P3556,F020,F019
P3557,F007,LAND
P3558,F045,F048
P3559,F024,LAND
P3560,LAND,F025
P3561,F040,F041
P3562,F032,LAND
P3563,F033,LAND
P3564,F024,LAND
P3565,F016,LAND
P3566,F047,F049
P3567,F014,LAND
P3568,F023,A02
P3569,F026,A02
P3570,F048,F039
P3571,F018,F026
P3572,LAND,F013
P3573,LAND,F012
P3574,LAND,F031
P3575,LAND,F006
P3576,A03,F039
P3577,F020,F019
P3578,F021,F027
P3579,LAND,F023
P3580,F049,LAND
P3581,F013,LAND
P3582,LAND,F026
P3583,F037,F044
P3584,LAND,F025
P3585,LAND,F004
P3586,LAND,F006
P3587,LAND,F052
P3588,LAND,F039
P3589,LAND,F048
P3590,F036,LAND
P3591,LAND,F044
P3592,A01,F002
P3593,F040,LAND
P3594,F039,F052
P3595,LAND,F046
P3596,F013,LAND
P3597,F039,LAND
P3598,LAND,F004
P3599,LAND,F048
P3600,F003,F007
P3601,LAND,F031
P3602,LAND,F022
P3603,LAND,F024
P3604,F021,F027
P3605,F021,LAND
P3606,F024,LAND
P3607,F022,F033
P3608,LAND,F003
P3609,F003,LAND
P3610,LAND,F038
P3611,LAND,F052
P3612,LAND,F038
P3613,LAND,F009
P3614,A01,F014
P3615,LAND,F030
P3616,F046,F047
P3617,F048,LAND
P3618,F036,A03
P3619,F043,F051
P3620,F034,LAND
P3621,A01,F008
P3622,F049,F048
P3623,LAND,F022
P3624,LAND,F005
P3625,LAND,F046
P3626,LAND,F029
P3627,A03,F050
P3628,F031,LAND
P3629,F018,LAND
P3630,F019,LAND
P3631,LAND,F003
P3632,F011,LAND
P3633,LAND,F020
P3634,LAND,F014
P3635,F014,LAND
P3636,LAND,F001
P3637,LAND,F037
P3638,F045,LAND
P3639,F026,A02
P3640,LAND,F052
P3641,F047,F049
P3642,F035,LAND
P3643,F028,F018
P3644,A01,F010
P3645,F044,A03
P3646,F017,LAND
P3647,F043,LAND
P3648,F003,LAND
P3649,LAND,F033
P3650,LAND,F008
P3651,LAND,F014
P3652,A02,F035
P3653,F018,LAND
P3654,F020,LAND
P3655,LAND,F017
P3656,LAND,F044
P3657,F017,LAND
P3658,A02,F026
P3659,F022,LAND
P3660,F028,F018
P3661,F029,F021
P3662,F050,F043
P3663,F038,F039
P3664,LAND,F046
P3665,F046,F047
P3666,F031,F021
P3667,F027,LAND
P3668,F049,F048
P3669,F004,F007
P3670,F002,LAND
P3671,F033,A02
P3672,F036,F046
P3673,F012,LAND
P3674,A03,F038
P3675,F010,F007
P3676,LAND,F013
P3677,F012,LAND
P3678,F021,LAND
P3679,F001,LAND
P3680,F020,F019
P3681,F031,F021
P3682,F047,F049
P3683,F046,F047
P3684,LAND,F017
P3685,LAND,F018
P3686,LAND,F030
P3687,F037,F040
P3688,F007,LAND
P3689,F022,LAND
P3690,F014,LAND
P3691,F045,F048
P3692,F046,F047
P3693,LAND,F011
P3694,LAND,F026
P3695,F049,F048
P3696,F043,F051
P3697,F036,LAND
P3698,A03,F036
P3699,LAND,F048
P3700,F027,A02
P3701,F027,F021
P3702,F034,LAND
P3703,A03,F049
P3704,F049,LAND
P3705,F016,LAND
P3706,LAND,F005
P3707,F003,LAND
P3708,A03,F051
P3709,F041,F045
P3710,F031,F021
P3711,A02,F019
P3712,F015,LAND
P3713,F034,LAND
P3714,LAND,F007
P3715,F027,A02
P3716,F023,LAND
P3717,LAND,F037
P3718,LAND,F027
P3719,F005,LAND
P3720,F034,LAND
P3721,LAND,F040
P3722,F045,LAND
P3723,F014,LAND
P3724,F047,F049
P3725,LAND,F009
P3726,F004,LAND
P3727,LAND,F020
P3728,F038,F039
P3729,F016,F005
P3730,A03,F050
P3731,F021,LAND
P3732,F029,LAND
P3733,F015,F009
P3734,LAND,F021
P3735,F006,LAND
P3736,F004,LAND
P3737,F020,LAND
P3738,F037,F044
P3739,F021,LAND
P3740,F016,LAND
P3741,LAND,F029
P3742,F044,LAND
P3743,F023,A02
P3744,F005,F017
P3745,F039,LAND
P3746,F015,LAND
P3747,F013,LAND
P3748,F042,F040
P3749,LAND,F021
P3750,F016,F005
P3751,LAND,F022
P3752,LAND,F019
P3753,F032,F025
P3754,F037,LAND
P3755,A03,F036
P3756,LAND,F028
P3757,LAND,F034
P3758,LAND,F036
P3759,F039,LAND
P3760,LAND,F010
P3761,LAND,F004
P3762,LAND,F044
P3763,LAND,F046
P3764,F013,F002
P3765,F017,LAND
P3766,F001,F005
P3767,F021,LAND
P3768,F012,LAND
P3769,F015,LAND
P3770,A03,F036
P3771,LAND,F049
P3772,F035,LAND
P3773,F002,LAND
P3774,LAND,F043
P3775,A01,F010
P3776,F002,F004
P3777,F037,F040
P3778,F001,F016
P3779,LAND,F002
P3780,LAND,F031
P3781,F042,F040
P3782,LAND,F022
P3783,F022,LAND
P3784,F009,LAND
P3785,F043,LAND
P3786,LAND,F011
P3787,F019,F033
P3788,F022,A02
P3789,F008,A01
P3790,F024,F027
P3791,LAND,F032
P3792,F020,LAND
P3793,LAND,F043
P3794,F021,F027
P3795,F043,F051
P3796,F001,LAND
P3797,LAND,F013
P3798,F033,LAND
P3799,LAND,F030
P3800,F045,LAND
P3801,F039,LAND
P3802,F026,F033
P3803,F041,A03
P3804,F038,F039
P3805,F032,LAND
P3806,F022,LAND
P3807,LAND,F009
P3808,LAND,F014
P3809,LAND,F021
P3810,LAND,F023
P3811,LAND,F006
P3812,F003,LAND
P3813,F051,F038
P3814,LAND,F005
P3815,LAND,F025
P3816,LAND,F027
P3817,LAND,F010
P3818,F052,LAND
P3819,F052,F048
P3820,F042,A03
P3821,F027,LAND
P3822,LAND,F020
P3823,LAND,F027
P3824,LAND,F007
P3825,F044,LAND
P3826,F040,LAND
P3827,F025,LAND
P3828,F019,F033
P3829,F039,F048
P3830,F001,LAND
P3831,F027,LAND
P3832,F019,LAND
P3833,F045,F048
P3834,F019,F033
P3835,F033,LAND
P3836,LAND,F015
P3837,F037,F044
P3838,F037,A03
P3839,F004,LAND
P3840,LAND,F031
P3841,F026,F033
P3842,F030,LAND
P3843,LAND,F006
P3844,A02,F035
P3845,F008,LAND
P3846,LAND,F037
P3847,LAND,F030
P3848,LAND,F020
P3849,LAND,F013
P3850,LAND,F031
P3851,LAND,F037
P3852,LAND,F006
P3853,F045,LAND
P3854,F007,LAND
P3855,F047,LAND
P3856,LAND,F039
P3857,F005,LAND
P3858,F021,A02
P3859,LAND,F019
P3860,F026,LAND
P3861,F037,LAND
P3862,LAND,F026
P3863,F022,LAND
P3864,F041,F045
P3865,F046,LAND
P3866,F005,F017
P3867,F005,LAND
P3868,LAND,F049
P3869,F014,F017
P3870,F027,LAND
P3871,F012,F015
P3872,A02,F024
P3873,F046,F047
P3874,F012,LAND
P3875,LAND,F002
P3876,F004,F007
P3877,LAND,F021
P3878,F022,F033
P3879,LAND,F034
P3880,LAND,F009
P3881,F025,F027
P3882,A01,F005
P3883,F027,LAND
P3884,LAND,F002
P3885,LAND,F048
P3886,F024,LAND
P3887,F012,LAND
P3888,LAND,F002
P3889,LAND,F050
P3890,F018,LAND
P3891,F005,LAND
P3892,LAND,F010
P3893,F047,LAND
P3894,F013,LAND
P3895,LAND,F021
P3896,F010,F007
P3897,LAND,F044
P3898,LAND,F050
P3899,F007,F002
P3900,F021,LAND
P3901,F021,LAND
P3902,F022,LAND
P3903,LAND,F048
P3904,F010,LAND
P3905,F039,F052
P3906,LAND,F004
P3907,F034,LAND
P3908,F032,LAND
P3909,LAND,F047
P3910,F019,A02
P3911,LAND,F034
P3912,F019,F033
P3913,F048,LAND
P3914,LAND,F026
P3915,F040,F041
P3916,F003,F007
P3917,LAND,F005
P3918,F025,F027
P3919,F032,LAND
P3920,LAND,F050
P3921,F017,F014
P3922,F023,F032
P3923,F014,LAND
P3924,F005,F017
P3925,LAND,F013
P3926,F027,F021
P3927,F034,LAND
P3928,F021,LAND
P3929,LAND,F033
P3930,F051,LAND
P3931,F035,LAND
P3932,F011,F015
P3933,F010,LAND
P3934,F048,F039
P3935,LAND,F019
P3936,F001,LAND
P3937,LAND,F020
P3938,A01,F004
P3939,LAND,F015
P3940,LAND,F001
P3941,F004,F007
P3942,F017,F014
P3943,F002,F004
P3944,F050,F043
P3945,A01,F015
P3946,F011,F015
P3947,LAND,F051
P3948,F020,LAND
P3949,F024,F027
P3950,F039,A03
P3951,F009,F003
P3952,F036,F046
P3953,F020,LAND
P3954,LAND,F041
P3955,LAND,F038
P3956,F004,LAND
P3957,F011,LAND
P3958,F027,LAND
P3959,LAND,F042
P3960,F041,LAND
P3961,A01,F002
P3962,F039,LAND
P3963,LAND,F027
P3964,F043,F051
P3965,F002,LAND
P3966,LAND,F048
P3967,F051,LAND
P3968,LAND,F002
P3969,A03,F045
P3970,LAND,F042
P3971,F011,LAND
P3972,F041,F045
P3973,LAND,F014
P3974,F039,F052
P3975,F008,LAND
P3976,F030,F026
P3977,F013,LAND
P3978,F003,LAND
P3979,F010,LAND
P3980,F027,LAND
P3981,F012,F015
P3982,LAND,F019
P3983,F007,LAND
P3984,LAND,F003
P3985,LAND,F015
P3986,F040,LAND
P3987,LAND,F052
P3988,F011,F015
P3989,LAND,F037
P3990,F009,F003
P3991,F038,F045
P3992,LAND,F045
P3993,F037,LAND
P3994,LAND,F014
P3995,F003,LAND
P3996,LAND,F022
P3997,F036,F049
P3998,LAND,F020
P3999,F017,F014
P4000,F005,LAND
