person_id,aircraft_id,flight_no,pickup_stop_order,delivery_stop_order
P0001,A03-T3-H02,4,2,4
P0002,A02-T2-H03,2,0,1
P0003,A03-T2-H02,14,2,3
P0004,A01-T3-H01,7,0,2
P0005,A02-T2-H03,2,1,2
P0006,A02-T2-H04,1,1,2
P0007,A02-T3-H01,3,0,2
P0008,A02-T3-H01,9,0,1
P0009,A01-T2-H03,5,1,3
P0010,A03-T2-H02,1,3,4
P0011,A02-T2-H02,8,1,2
P0012,A03-T3-H02,1,2,4
P0013,A02-T2-H03,7,2,3
P0014,A02-T3-H02,9,1,3
P0015,A01-T2-H02,2,0,1
P0016,A02-T2-H02,1,0,1
P0017,A02-T2-H02,1,1,3
P0018,A01-T2-H03,1,1,2
P0019,A02-T3-H02,9,1,3
P0020,A01-T3-H01,4,0,1
P0021,A01-T3-H01,3,2,3
P0022,A03-T2-H03,3,3,4
P0023,A03-T2-H01,14,2,3
P0024,A02-T2-H04,4,1,2
P0025,A02-T2-H01,8,2,4
P0026,A03-T3-H03,6,1,3
P0027,A01-T3-H01,9,0,1
P0028,A01-T1-H03,1,0,2
P0029,A02-T2-H02,2,0,2
P0030,A01-T2-H02,6,0,1
P0031,A01-T2-H02,4,3,4
P0032,A01-T2-H01,2,1,3
P0033,A01-T3-H02,3,0,1
P0034,A03-T3-H03,2,4,5
P0035,A01-T2-H02,2,0,1
P0036,A01-T2-H02,8,0,1
P0037,A02-T3-H02,5,0,1
P0038,A03-T2-H02,1,1,2
P0039,A03-T3-H01,4,3,5
P0040,A03-T3-H01,12,0,2
P0041,A02-T2-H01,8,2,4
P0042,A01-T2-H02,1,0,1
P0043,A03-T2-H02,5,2,3
P0044,A01-T1-H02,2,0,1
P0045,A02-T3-H02,2,0,2
P0046,A01-T3-H01,4,1,3
P0047,A03-T3-H01,11,2,4
P0048,A03-T3-H03,11,1,2
P0049,A01-T2-H03,7,0,2
P0050,A02-T2-H01,7,1,2
P0051,A01-T3-H01,4,1,3
P0052,A02-T3-H02,9,1,3
P0053,A02-T3-H01,4,2,3
P0054,A02-T2-H04,1,1,2
P0055,A02-T2-H03,2,0,1
P0056,A02-T3-H02,5,0,1
P0057,A01-T2-H01,10,0,1
P0058,A02-T2-H03,4,0,2
P0059,A02-T2-H01,1,0,4
P0060,A03-T2-H02,5,2,3
P0061,A01-T3-H02,4,0,1
P0062,A01-T2-H01,4,1,4
P0063,A02-T2-H01,1,4,6
P0064,A03-T2-H01,6,1,2
P0065,A02-T3-H01,7,0,2
P0066,A02-T3-H01,7,0,2
P0067,A02-T2-H03,1,2,3
P0068,A02-T2-H01,2,0,1
P0069,A03-T2-H03,1,2,6
P0070,A02-T2-H03,3,0,2
P0071,A02-T3-H02,9,1,3
P0072,A03-T2-H03,3,0,3
P0073,A02-T2-H01,2,1,3
P0074,A03-T3-H03,2,0,2
P0075,A02-T2-H01,5,1,2
P0076,A02-T2-H03,2,3,4
P0077,A01-T3-H02,9,0,5
P0078,A01-T1-H01,2,1,3
P0079,A01-T2-H02,4,4,5
P0080,A03-T3-H03,10,4,5
P0081,A01-T2-H01,6,0,4
P0082,A02-T1-H01,6,1,2
P0083,A02-T3-H01,7,0,2
P0084,A03-T2-H02,6,2,3
P0085,A02-T3-H01,5,3,6
P0086,A01-T3-H01,8,0,1
P0087,A03-T3-H03,11,1,2
P0088,A02-T3-H01,7,2,3
P0089,A01-T2-H02,1,0,1
P0090,A02-T3-H01,9,1,3
P0091,A02-T2-H03,3,0,2
P0092,A03-T3-H01,5,3,4
P0093,A01-T2-H01,3,0,2
P0094,A02-T2-H02,2,0,2
P0095,A03-T3-H03,5,0,1
P0096,A01-T3-H02,8,2,3
P0097,A03-T2-H02,6,0,2
P0098,A03-T3-H03,3,1,2
P0099,A02-T2-H03,7,0,2
P0100,A01-T3-H01,4,1,3
P0101,A01-T3-H01,7,2,3
P0102,A03-T2-H01,14,0,2
P0103,A03-T3-H02,9,2,3
P0104,A02-T3-H02,10,1,6
P0105,A02-T2-H01,9,1,3
P0106,A01-T2-H01,6,5,6
P0107,A01-T3-H02,2,1,2
P0108,A02-T2-H01,5,1,2
P0109,A02-T2-H01,7,1,2
P0110,A02-T2-H04,5,2,3
P0111,A02-T2-H01,2,0,1
P0112,A01-T2-H02,7,2,3
P0113,A01-T2-H03,5,0,2
P0114,A02-T2-H01,2,1,3
P0115,A02-T2-H04,6,0,3
P0116,A02-T3-H01,3,0,2
P0117,A01-T1-H03,4,2,4
P0118,A01-T2-H01,5,2,3
P0119,A03-T3-H02,7,1,2
P0120,A02-T3-H01,2,1,2
P0121,A01-T2-H03,2,1,4
P0122,A02-T2-H02,4,1,5
P0123,A03-T3-H02,1,2,4
P0124,A02-T3-H01,9,0,1
P0125,A03-T3-H02,9,2,3
P0126,A02-T2-H03,2,0,1
P0127,A01-T2-H01,2,1,3
P0128,A01-T2-H02,5,1,2
P0129,A03-T2-H01,11,2,3
P0130,A01-T2-H02,5,1,2
P0131,A02-T2-H01,10,2,4
P0132,A03-T3-H03,5,0,1
P0133,A01-T1-H01,9,2,4
P0134,A02-T2-H01,8,0,2
P0135,A03-T3-H02,7,1,2
P0136,A01-T2-H01,1,3,5
P0137,A01-T2-H02,5,0,1
P0138,A02-T2-H02,10,0,1
P0139,A02-T2-H03,7,2,3
P0140,A03-T3-H02,1,0,2
P0141,A02-T2-H01,2,1,3
P0142,A02-T3-H01,7,2,3
P0143,A01-T1-H01,9,2,4
P0144,A01-T3-H01,2,3,4
P0145,A02-T2-H01,6,1,2
P0146,A01-T3-H02,1,0,1
P0147,A02-T2-H02,10,0,1
P0148,A02-T3-H01,9,0,1
P0149,A03-T3-H02,4,3,4
P0150,A02-T2-H01,1,1,2
P0151,A01-T2-H03,5,0,2
P0152,A03-T3-H01,11,1,2
P0153,A03-T2-H03,3,3,4
P0154,A02-T2-H04,6,3,6
P0155,A03-T2-H03,2,2,3
P0156,A03-T3-H01,4,3,5
P0157,A01-T2-H02,8,1,3
P0158,A01-T2-H03,5,0,2
P0159,A02-T2-H04,3,0,2
P0160,A01-T2-H01,1,3,5
P0161,A01-T3-H01,6,1,2
P0162,A03-T3-H01,15,1,2
P0163,A03-T3-H02,4,3,4
P0164,A02-T2-H03,7,2,3
P0165,A03-T3-H03,5,1,3
P0166,A03-T3-H02,5,0,2
P0167,A01-T1-H01,3,1,3
P0168,A02-T2-H04,6,2,4
P0169,A02-T2-H01,5,0,1
P0170,A01-T2-H03,5,2,3
P0171,A02-T3-H02,6,4,5
P0172,A03-T3-H01,10,0,1
P0173,A02-T3-H02,3,3,4
P0174,A01-T3-H01,3,0,1
P0175,A03-T3-H01,4,4,5
P0176,A02-T2-H04,1,1,2
P0177,A01-T2-H01,9,0,1
P0178,A03-T2-H01,6,1,2
P0179,A02-T2-H04,5,2,3
P0180,A02-T2-H03,1,1,2
P0181,A01-T1-H01,9,2,4
P0182,A03-T3-H02,11,2,3
P0183,A03-T3-H02,5,1,5
P0184,A03-T2-H01,14,0,2
P0185,A02-T3-H02,6,4,5
P0186,A01-T1-H02,1,0,3
P0187,A03-T2-H03,3,3,4
P0188,A02-T2-H02,8,0,1
P0189,A03-T3-H01,1,1,2
P0190,A02-T2-H01,2,1,3
P0191,A03-T2-H01,11,0,2
P0192,A02-T3-H01,2,0,1
P0193,A02-T2-H02,2,0,2
P0194,A01-T3-H01,8,1,2
P0195,A01-T2-H02,7,2,3
P0196,A03-T2-H01,8,2,3
P0197,A03-T2-H02,5,2,3
P0198,A02-T2-H02,8,1,2
P0199,A03-T3-H02,5,0,1
P0200,A03-T2-H01,11,2,3
P0201,A01-T3-H02,1,4,5
P0202,A01-T2-H02,1,2,3
P0203,A02-T3-H01,9,0,1
P0204,A02-T2-H01,8,2,4
P0205,A01-T2-H01,6,1,2
P0206,A03-T2-H03,3,0,3
P0207,A02-T2-H02,9,3,4
P0208,A03-T3-H03,3,1,2
P0209,A02-T2-H02,1,0,1
P0210,A03-T3-H03,11,1,2
P0211,A02-T2-H03,1,2,3
P0212,A01-T3-H01,3,2,3
P0213,A02-T2-H03,6,0,1
P0214,A02-T2-H03,4,0,2
P0215,A03-T3-H01,15,0,1
P0216,A02-T2-H03,3,0,2
P0217,A02-T2-H03,7,2,3
P0218,A02-T1-H01,6,1,2
P0219,A02-T3-H02,5,1,3
P0220,A03-备用-01,1,1,3
P0221,A02-T2-H04,4,0,1
P0222,A02-T3-H01,6,0,1
P0223,A01-T2-H02,6,5,6
P0224,A03-T3-H02,4,2,4
P0225,A01-T3-H02,10,1,3
P0226,A02-T1-H01,5,0,2
P0227,A03-T3-H03,1,0,2
P0228,A01-T2-H01,3,0,2
P0229,A01-T2-H03,3,0,2
P0230,A02-T2-H02,2,0,2
P0231,A01-T2-H01,2,1,3
P0232,A02-T2-H03,2,1,4
P0233,A01-T2-H01,12,1,3
P0234,A03-T2-H02,2,1,3
P0235,A01-T2-H01,3,2,3
P0236,A03-T3-H03,8,2,3
P0237,A01-T2-H02,4,3,4
P0238,A03-T3-H03,3,0,1
P0239,A01-T2-H01,3,0,2
P0240,A01-T3-H01,2,0,3
P0241,A02-T2-H01,11,0,2
P0242,A02-T2-H04,5,2,3
P0243,A01-T2-H02,5,1,2
P0244,A01-T2-H03,5,0,2
P0245,A03-T2-H01,11,0,2
P0246,A03-T2-H01,11,2,3
P0247,A01-T2-H03,7,0,2
P0248,A03-T2-H02,1,1,4
P0249,A02-T2-H01,7,0,1
P0250,A01-T1-H02,4,2,3
P0251,A03-T2-H01,6,4,6
P0252,A01-T3-H01,8,0,1
P0253,A02-T2-H01,1,0,1
P0254,A02-T3-H02,5,0,1
P0255,A03-T2-H03,3,0,2
P0256,A02-T2-H04,5,2,3
P0257,A01-T2-H02,6,0,1
P0258,A02-T2-H03,3,2,3
P0259,A03-T3-H03,2,0,2
P0260,A03-T3-H02,1,0,1
P0261,A03-T3-H03,11,1,2
P0262,A03-T3-H03,11,1,2
P0263,A03-备用-02,2,1,2
P0264,A03-T2-H02,6,2,3
P0265,A03-T3-H02,7,1,2
P0266,A01-T2-H01,3,0,2
P0267,A01-T2-H02,6,0,2
P0268,A02-T3-H02,10,0,1
P0269,A01-T2-H03,9,0,2
P0270,A03-T3-H01,2,1,2
P0271,A03-T3-H01,15,1,2
P0272,A02-T2-H01,4,0,2
P0273,A03-T3-H01,10,2,4
P0274,A03-T3-H02,3,1,2
P0275,A01-T2-H01,7,0,1
P0276,A03-T3-H03,10,1,2
P0277,A03-T3-H01,5,2,5
P0278,A02-T2-H01,1,4,6
P0279,A01-T3-H01,3,2,3
P0280,A02-T3-H02,9,2,5
P0281,A01-T3-H02,1,4,5
P0282,A02-T3-H02,5,1,3
P0283,A03-T2-H01,1,3,6
P0284,A01-T3-H01,7,0,1
P0285,A03-T2-H01,3,1,3
P0286,A03-T3-H02,2,1,2
P0287,A02-T3-H01,5,1,2
P0288,A02-T3-H01,6,0,1
P0289,A02-T2-H01,4,0,2
P0290,A03-T2-H01,12,2,3
P0291,A03-T3-H02,10,2,3
P0292,A01-T2-H03,5,2,3
P0293,A01-T3-H01,7,0,1
P0294,A03-T3-H01,8,0,1
P0295,A02-T3-H02,9,1,3
P0296,A03-T2-H01,3,1,3
P0297,A02-T2-H01,2,1,3
P0298,A02-T2-H01,10,0,2
P0299,A02-T2-H04,3,0,2
P0300,A02-T3-H02,5,0,1
P0301,A02-T2-H04,6,3,6
P0302,A03-T3-H02,10,2,3
P0303,A01-T2-H03,9,0,1
P0304,A02-T2-H02,7,0,2
P0305,A02-T3-H01,7,0,2
P0306,A02-T1-H01,5,0,2
P0307,A02-T2-H03,2,0,3
P0308,A02-T3-H01,1,1,3
P0309,A03-T2-H02,13,1,2
P0310,A02-T2-H02,1,1,3
P0311,A02-T2-H02,1,0,1
P0312,A02-T3-H01,7,2,3
P0313,A03-T3-H01,5,3,4
P0314,A03-T3-H02,2,1,2
P0315,A03-T3-H02,14,1,3
P0316,A03-T3-H01,11,2,4
P0317,A01-T2-H01,5,2,3
P0318,,,,
P0319,A01-T2-H03,5,1,3
P0320,A02-T2-H01,11,0,2
P0321,A01-T1-H01,5,2,3
P0322,A02-T3-H02,3,3,4
P0323,A03-T2-H02,3,0,2
P0324,A03-T2-H01,14,2,3
P0325,A03-T3-H01,1,1,2
P0326,A03-T2-H02,9,0,2
P0327,A02-T2-H01,8,2,4
P0328,A03-T3-H03,10,1,2
P0329,A03-T3-H02,1,2,4
P0330,A03-T3-H02,5,0,1
P0331,A02-T2-H01,9,1,3
P0332,A02-T2-H01,5,0,1
P0333,A03-T2-H02,5,2,3
P0334,A02-T3-H02,10,1,6
P0335,A03-T2-H01,8,2,3
P0336,A03-T3-H02,14,1,3
P0337,A01-T2-H02,1,2,3
P0338,A03-T3-H03,3,0,1
P0339,A03-T3-H02,10,2,3
P0340,A02-T2-H03,6,1,2
P0341,A03-T3-H02,5,1,5
P0342,A01-T3-H01,7,1,3
P0343,A01-T2-H01,10,3,4
P0344,A02-T2-H01,8,0,2
P0345,A02-T2-H03,8,1,2
P0346,A02-T2-H02,9,3,4
P0347,A02-T2-H01,5,0,1
P0348,A01-T2-H01,6,5,6
P0349,A03-T2-H01,14,0,2
P0350,A02-T2-H03,8,0,1
P0351,A02-T3-H01,9,1,3
P0352,A02-T2-H04,6,3,6
P0353,A03-T3-H02,4,2,4
P0354,A02-T2-H01,3,2,3
P0355,A02-T2-H03,2,3,4
P0356,A03-T3-H02,14,1,3
P0357,A02-T2-H01,12,0,1
P0358,A02-T3-H01,4,2,3
P0359,A02-T2-H01,13,1,3
P0360,A03-T3-H01,5,2,5
P0361,A02-T3-H01,7,2,3
P0362,A02-T3-H01,3,2,3
P0363,A02-T2-H04,1,1,2
P0364,A03-T3-H01,1,1,2
P0365,A03-T3-H02,9,0,2
P0366,A03-T2-H02,13,1,2
P0367,A03-T3-H02,1,0,2
P0368,A03-T3-H03,1,0,2
P0369,A03-T2-H02,8,0,1
P0370,A01-T3-H02,4,1,2
P0371,A02-T2-H02,10,0,1
P0372,A03-T2-H02,14,2,3
P0373,A03-T3-H03,10,4,5
P0374,A02-T2-H04,3,2,3
P0375,A01-T2-H03,2,0,1
P0376,A02-T3-H01,5,0,2
P0377,A03-T3-H03,2,0,1
P0378,A03-T3-H01,10,1,2
P0379,A02-T2-H02,3,0,2
P0380,A01-T2-H03,9,2,3
P0381,A03-T3-H03,11,1,2
P0382,A02-T2-H02,5,0,1
P0383,A03-T3-H03,7,1,2
P0384,A03-T3-H02,3,1,2
P0385,A03-T3-H03,3,0,1
P0386,A03-T3-H03,2,0,2
P0387,A02-T2-H04,5,0,2
P0388,A03-T3-H01,15,0,1
P0389,A03-T3-H03,10,4,5
P0390,A02-T2-H03,7,0,2
P0391,A03-T3-H03,1,3,4
P0392,A01-T3-H01,2,1,2
P0393,A01-T1-H02,1,0,3
P0394,A02-T2-H02,1,0,1
P0395,A01-T3-H02,9,0,5
P0396,A03-T3-H02,7,0,1
P0397,A01-T2-H03,2,1,4
P0398,A02-T2-H02,4,1,5
P0399,A03-T2-H02,1,0,3
P0400,A02-T2-H04,6,2,4
P0401,A03-T2-H02,1,0,1
P0402,A01-T2-H01,1,0,1
P0403,A02-T2-H03,5,2,3
P0404,A02-T3-H01,3,0,2
P0405,A03-T2-H02,4,3,6
P0406,A02-T2-H01,5,1,2
P0407,A02-T2-H02,3,2,3
P0408,A02-T2-H01,3,2,3
P0409,A01-T1-H01,5,0,2
P0410,A02-T2-H03,2,0,3
P0411,A01-T3-H01,1,3,4
P0412,A02-T2-H01,1,4,6
P0413,A01-T2-H02,7,2,3
P0414,A02-T2-H02,2,0,2
P0415,A02-T3-H02,5,0,1
P0416,A01-T2-H03,1,1,2
P0417,A01-T2-H02,7,0,2
P0418,A01-T3-H01,5,0,1
P0419,A01-T2-H02,7,0,2
P0420,A03-T3-H01,1,1,2
P0421,A02-T3-H02,1,0,1
P0422,A02-T2-H02,3,0,2
P0423,A01-T2-H01,12,0,1
P0424,A01-T2-H03,2,1,4
P0425,A03-T2-H02,1,3,4
P0426,A03-T3-H02,14,1,3
P0427,A02-T1-H02,2,2,3
P0428,A02-T2-H02,4,0,3
P0429,A02-T3-H01,3,2,3
P0430,A03-T3-H02,9,0,2
P0431,A01-T2-H01,6,4,6
P0432,A02-T2-H01,13,1,3
P0433,A02-T2-H03,6,0,1
P0434,A03-T3-H01,13,1,2
P0435,A03-T3-H01,15,0,1
P0436,A02-T2-H03,8,0,1
P0437,A01-T3-H01,6,1,2
P0438,A02-T3-H02,5,0,1
P0439,A01-T3-H01,5,1,2
P0440,A02-T3-H02,1,0,1
P0441,A01-T3-H01,1,3,4
P0442,A03-T3-H02,7,0,1
P0443,A03-T3-H03,3,1,2
P0444,A01-T2-H03,2,1,4
P0445,A02-T2-H03,4,0,1
P0446,A03-T2-H02,5,0,2
P0447,A02-T2-H03,4,2,3
P0448,A02-T2-H01,5,0,1
P0449,A02-T2-H04,3,0,2
P0450,A02-T3-H01,2,0,1
P0451,A02-T3-H01,3,0,2
P0452,A02-T2-H01,9,2,3
P0453,A01-T2-H03,3,0,2
P0454,A01-T2-H03,6,0,1
P0455,A03-T3-H01,4,0,1
P0456,A02-T3-H01,9,0,1
P0457,A03-T2-H03,9,2,3
P0458,A02-T2-H03,8,0,1
P0459,A02-T3-H02,6,0,4
P0460,A02-T2-H02,9,0,2
P0461,A03-T3-H02,10,2,3
P0462,A03-T2-H02,5,0,2
P0463,A01-T3-H02,3,3,4
P0464,A01-T2-H02,8,1,3
P0465,A03-T2-H02,14,0,2
P0466,A03-T2-H01,8,2,3
P0467,A03-T3-H02,14,0,2
P0468,A02-T2-H02,8,1,2
P0469,A03-T3-H02,7,1,2
P0470,A02-T2-H04,4,0,1
P0471,A03-T2-H02,6,2,3
P0472,A02-T2-H01,1,0,1
P0473,A03-T3-H03,11,1,2
P0474,A01-T2-H02,4,3,4
P0475,A02-T3-H02,2,0,3
P0476,A01-T2-H03,9,0,2
P0477,A03-T3-H03,1,2,3
P0478,A03-T3-H03,3,1,2
P0479,A02-T2-H01,12,0,1
P0480,A01-T2-H02,1,0,2
P0481,A02-T3-H01,7,2,3
P0482,A01-T2-H01,12,0,1
P0483,A03-T2-H03,3,3,4
P0484,A01-T1-H01,5,0,2
P0485,A02-T3-H02,10,3,5
P0486,A01-T3-H01,5,1,2
P0487,A02-T2-H02,3,2,3
P0488,A02-T2-H02,2,2,3
P0489,A01-T3-H02,10,1,3
P0490,A02-T2-H01,4,0,2
P0491,A01-T3-H02,3,3,4
P0492,A02-T2-H01,7,0,1
P0493,A02-T2-H01,1,0,4
P0494,A03-T2-H01,8,2,3
P0495,A03-T3-H01,4,4,5
P0496,A03-T2-H02,8,0,1
P0497,A03-T3-H03,1,3,4
P0498,A02-T3-H02,1,1,2
P0499,A02-T2-H03,2,0,3
P0500,A03-T3-H03,2,4,5
P0501,A02-T2-H02,1,0,1
P0502,A03-T2-H02,5,0,2
P0503,A03-T3-H02,3,1,2
P0504,A03-T2-H03,2,2,3
P0505,A02-T2-H02,7,0,2
P0506,A01-T2-H02,7,2,3
P0507,A03-T3-H03,7,1,2
P0508,A01-T2-H01,10,1,4
P0509,A03-T3-H02,1,1,2
P0510,A01-T2-H01,3,0,2
P0511,A02-T2-H02,7,0,2
P0512,A01-T2-H03,4,0,1
P0513,A01-T1-H01,5,0,2
P0514,A03-T2-H02,11,1,6
P0515,A01-T2-H01,9,1,2
P0516,A03-T3-H02,14,1,3
P0517,A03-T3-H03,2,4,5
P0518,A01-T3-H01,1,3,4
P0519,A03-T3-H03,1,0,2
P0520,A03-T3-H03,2,0,3
P0521,A02-T2-H02,2,0,2
P0522,A02-T2-H02,7,0,2
P0523,A03-T3-H03,3,1,2
P0524,A01-T2-H01,12,1,3
P0525,A01-T3-H01,7,0,2
P0526,A03-T2-H03,7,1,2
P0527,A01-T3-H01,2,1,2
P0528,A01-T2-H02,6,0,1
P0529,A03-T3-H03,5,1,3
P0530,A03-T2-H01,14,0,2
P0531,A02-T2-H02,9,2,6
P0532,A02-T3-H01,9,1,3
P0533,A02-T2-H01,3,2,3
P0534,A02-T3-H01,7,2,3
P0535,A01-T3-H01,3,0,1
P0536,A03-T3-H02,14,2,4
P0537,A02-T2-H01,3,0,2
P0538,A01-T2-H03,1,1,2
P0539,A02-T2-H01,1,4,6
P0540,A03-T3-H02,5,0,2
P0541,A03-T2-H02,5,0,2
P0542,A02-T2-H01,13,0,1
P0543,A02-T2-H01,2,1,3
P0544,A02-T2-H01,12,1,2
P0545,A02-T2-H01,12,1,2
P0546,A02-T2-H03,7,0,2
P0547,A03-T3-H02,12,0,2
P0548,A01-T3-H01,9,1,3
P0549,A03-T3-H03,11,1,2
P0550,A02-T2-H02,1,0,1
P0551,A03-T3-H02,4,3,4
P0552,A03-T2-H02,8,0,1
P0553,A02-T3-H02,6,4,5
P0554,A02-T2-H01,7,1,2
P0555,A02-T2-H04,3,2,3
P0556,A03-T3-H01,11,1,2
P0557,A03-T3-H03,3,1,2
P0558,A03-T3-H03,2,0,2
P0559,A02-T2-H01,4,0,2
P0560,A01-T3-H01,6,1,2
P0561,A01-T2-H01,3,0,2
P0562,A02-T2-H01,12,0,1
P0563,A02-T2-H03,6,1,2
P0564,A01-T2-H03,5,2,3
P0565,A02-T2-H02,4,0,3
P0566,A03-T3-H02,7,0,1
P0567,A03-T3-H01,6,0,2
P0568,A03-T2-H01,4,0,2
P0569,A03-T2-H01,6,1,2
P0570,A01-T1-H01,5,0,2
P0571,A02-T2-H04,5,2,3
P0572,A02-T2-H01,1,0,4
P0573,A03-T3-H03,3,0,1
P0574,A02-T2-H02,7,0,2
P0575,A01-T2-H02,8,0,1
P0576,A02-T2-H02,9,3,4
P0577,A01-T2-H01,6,4,6
P0578,A01-T3-H02,10,1,3
P0579,A03-T3-H02,3,1,2
P0580,A02-T2-H04,5,0,2
P0581,A02-T2-H01,3,2,3
P0582,A03-T3-H02,7,0,1
P0583,A01-T2-H03,2,0,1
P0584,A01-T2-H03,7,0,2
P0585,A02-T2-H01,1,1,2
P0586,A01-T2-H01,6,4,6
P0587,A02-T2-H03,6,1,2
P0588,A03-T3-H03,2,0,3
P0589,A02-T3-H02,1,1,2
P0590,A03-T3-H01,4,4,5
P0591,A02-T2-H02,1,1,3
P0592,A02-T3-H01,4,2,3
P0593,A03-T2-H01,8,2,3
P0594,A02-T2-H04,6,3,6
P0595,A01-T1-H01,5,2,3
P0596,A02-T2-H04,3,2,3
P0597,A02-T2-H02,1,1,3
P0598,A01-T2-H01,12,0,2
P0599,A02-T2-H04,5,0,2
P0600,A02-T2-H01,11,0,2
P0601,A03-T3-H03,2,0,3
P0602,A01-T2-H03,4,0,1
P0603,A03-T3-H02,14,1,3
P0604,A01-T3-H02,1,4,5
P0605,A01-T1-H01,5,0,2
P0606,A01-T2-H02,6,1,6
P0607,A01-T2-H02,8,0,1
P0608,A02-T2-H03,3,2,3
P0609,A03-T3-H01,15,1,2
P0610,A03-T2-H03,2,0,2
P0611,A02-T2-H01,10,0,2
P0612,A02-T3-H02,1,0,1
P0613,A01-T2-H01,7,0,1
P0614,A01-T3-H02,7,1,2
P0615,A02-T2-H01,2,1,3
P0616,A02-T2-H02,3,0,2
P0617,A03-T3-H01,8,0,1
P0618,A02-T2-H02,3,0,2
P0619,A01-T2-H01,3,0,2
P0620,A02-T2-H02,2,0,2
P0621,A01-T3-H02,2,1,2
P0622,A01-T2-H03,1,0,1
P0623,A01-T3-H02,10,1,3
P0624,A03-T3-H01,4,4,5
P0625,A01-T2-H01,12,2,3
P0626,A02-T3-H02,1,1,2
P0627,A02-T2-H02,1,1,3
P0628,A01-T2-H03,6,0,1
P0629,A02-T2-H03,2,1,4
P0630,A01-T3-H01,7,2,3
P0631,A01-T3-H02,9,0,5
P0632,A01-T2-H03,5,0,1
P0633,A01-T3-H01,8,1,2
P0634,A02-T2-H01,11,0,2
P0635,A02-T3-H02,1,0,1
P0636,A01-T3-H02,3,3,4
P0637,A01-T1-H01,5,0,2
P0638,A03-T3-H01,8,0,1
P0639,A02-T2-H04,5,2,3
P0640,A02-T1-H01,2,3,6
P0641,A01-T2-H01,3,0,2
P0642,A01-T2-H01,10,0,3
P0643,A03-T3-H01,6,0,2
P0644,A01-T2-H03,7,0,2
P0645,A03-T3-H03,4,1,2
P0646,A03-T2-H01,14,2,3
P0647,A01-T2-H01,12,0,1
P0648,A01-T2-H02,7,0,2
P0649,A03-T2-H03,2,2,3
P0650,A01-T2-H01,8,2,3
P0651,A03-T2-H02,14,2,3
P0652,A01-T2-H01,10,0,1
P0653,A02-T3-H02,6,4,5
P0654,A02-T2-H01,4,2,3
P0655,A03-T3-H03,3,0,1
P0656,A02-T2-H02,2,2,3
P0657,A03-T3-H03,1,0,2
P0658,A03-T2-H01,13,1,2
P0659,A01-T3-H01,4,0,1
P0660,A02-T2-H04,5,0,2
P0661,A02-T2-H01,12,0,1
P0662,A02-T2-H01,1,1,2
P0663,A01-T2-H01,6,1,2
P0664,A02-T3-H02,6,4,5
P0665,A02-T2-H04,6,0,3
P0666,A02-T2-H03,8,1,2
P0667,A03-T2-H02,5,2,3
P0668,A01-T2-H01,3,2,3
P0669,A03-T3-H01,5,3,4
P0670,A01-T1-H01,3,1,3
P0671,A03-T2-H01,2,2,5
P0672,A01-T2-H02,7,0,2
P0673,A03-T3-H02,9,0,2
P0674,A02-T3-H01,3,2,3
P0675,A02-T2-H03,1,2,3
P0676,A03-T3-H03,3,1,2
P0677,A02-T2-H04,6,0,3
P0678,A01-T3-H02,1,4,5
P0679,A01-T2-H02,1,2,3
P0680,A01-T3-H01,9,0,1
P0681,A03-T3-H01,2,1,2
P0682,A01-T2-H01,3,0,2
P0683,A03-T2-H02,9,2,4
P0684,A01-T3-H01,1,1,4
P0685,A01-T3-H01,1,0,2
P0686,A03-T2-H03,2,2,3
P0687,A01-T2-H02,1,0,2
P0688,A03-T3-H02,10,2,3
P0689,A03-T2-H02,1,0,1
P0690,A01-T3-H01,4,1,3
P0691,A02-T1-H01,5,2,3
P0692,A02-T3-H02,10,3,5
P0693,A02-T2-H01,2,0,1
P0694,A01-T2-H02,9,2,3
P0695,A02-T2-H03,8,1,2
P0696,A02-T3-H02,6,0,4
P0697,A02-T2-H02,7,0,2
P0698,A01-T3-H02,3,0,2
P0699,,,,
P0700,A02-T2-H01,4,0,2
P0701,A01-T2-H01,6,1,2
P0702,A01-T3-H01,2,1,2
P0703,A02-T2-H03,4,0,1
P0704,A03-T3-H02,7,0,1
P0705,A01-T3-H02,3,1,2
P0706,A02-T2-H02,2,2,3
P0707,A01-T3-H01,3,0,1
P0708,A01-T3-H01,3,2,3
P0709,A03-T3-H01,15,0,1
P0710,A02-T3-H01,4,2,3
P0711,A02-T2-H01,2,1,3
P0712,A03-T2-H02,3,2,4
P0713,A02-T2-H03,4,2,3
P0714,A03-T3-H01,3,0,1
P0715,A01-T2-H02,6,0,1
P0716,A03-T2-H03,10,2,3
P0717,A01-T3-H01,1,3,4
P0718,A01-T3-H01,2,0,3
P0719,A02-T2-H01,10,2,4
P0720,A01-T3-H02,9,5,6
P0721,A03-T2-H02,1,0,3
P0722,A01-T2-H02,7,2,3
P0723,A02-T3-H01,2,1,2
P0724,A02-T2-H01,7,1,2
P0725,A02-T2-H04,1,1,2
P0726,A03-T2-H02,11,1,6
P0727,A01-T3-H01,4,1,3
P0728,A03-T3-H02,7,0,1
P0729,A02-T2-H03,2,0,3
P0730,A03-T3-H03,5,1,3
P0731,A02-T2-H03,6,0,1
P0732,A02-T3-H02,9,1,3
P0733,A03-T3-H03,11,1,2
P0734,A01-T2-H02,7,2,3
P0735,A01-T3-H02,3,0,1
P0736,A01-T2-H03,9,1,3
P0737,A01-T3-H01,5,1,2
P0738,A02-T2-H02,3,0,2
P0739,A02-T3-H01,1,1,3
P0740,A01-T3-H02,10,1,3
P0741,A03-T3-H02,9,0,2
P0742,A01-T2-H01,6,4,6
P0743,A02-T3-H01,3,0,2
P0744,A02-T2-H04,5,0,2
P0745,A01-T2-H01,10,1,4
P0746,A02-T3-H01,6,0,1
P0747,A01-T2-H02,1,0,2
P0748,A03-T3-H03,5,1,3
P0749,A02-T3-H01,5,1,2
P0750,A02-T2-H03,2,0,1
P0751,A02-T3-H01,2,0,1
P0752,A02-T3-H01,2,1,2
P0753,A01-T3-H02,10,1,3
P0754,A03-T3-H01,15,1,2
P0755,A02-T2-H04,6,0,3
P0756,A02-T2-H02,3,2,3
P0757,A02-T2-H02,5,0,1
P0758,A03-T3-H03,3,1,2
P0759,A02-T2-H01,3,2,3
P0760,A01-T3-H01,2,1,2
P0761,A02-T2-H04,5,0,2
P0762,A01-T3-H02,8,2,3
P0763,A03-T2-H02,5,2,3
P0764,A03-T3-H02,5,3,4
P0765,A01-T3-H02,7,1,2
P0766,A03-T3-H02,4,2,4
P0767,A02-T3-H01,2,0,1
P0768,A03-T2-H01,5,0,4
P0769,A02-T3-H02,1,1,2
P0770,A03-T2-H02,4,1,2
P0771,A02-T2-H01,9,1,3
P0772,A03-T3-H03,7,1,2
P0773,A03-T2-H02,14,0,2
P0774,A02-T2-H01,3,2,3
P0775,A01-T2-H02,6,1,6
P0776,A03-T2-H01,4,0,2
P0777,A03-T3-H03,11,1,2
P0778,A03-T2-H01,5,0,2
P0779,A01-T2-H01,11,4,5
P0780,A01-T2-H03,9,1,3
P0781,A03-T3-H02,9,0,2
P0782,A02-T3-H02,10,0,1
P0783,A03-T3-H03,1,2,3
P0784,A03-T3-H01,11,1,2
P0785,A01-T2-H02,7,0,2
P0786,A01-T2-H02,1,0,2
P0787,A03-T3-H03,10,3,6
P0788,A03-备用-03,2,0,2
P0789,A01-T3-H01,4,1,3
P0790,A01-T3-H02,4,1,2
P0791,A02-T3-H01,9,1,3
P0792,A02-T2-H01,1,0,1
P0793,A03-T2-H03,3,0,3
P0794,A03-T3-H03,1,0,2
P0795,A03-T3-H03,4,1,2
P0796,A01-T2-H03,4,0,1
P0797,A03-T2-H01,6,0,2
P0798,A01-T2-H02,6,3,4
P0799,A02-T3-H01,7,0,2
P0800,A02-T2-H03,4,0,2
P0801,A03-T3-H02,9,0,2
P0802,A03-T2-H02,4,1,2
P0803,A02-T3-H01,7,2,3
P0804,A01-T2-H03,5,2,3
P0805,A03-T2-H01,4,0,2
P0806,A01-T3-H02,3,1,2
P0807,A01-T1-H02,2,1,3
P0808,A02-T3-H01,3,0,2
P0809,A02-T3-H01,2,0,1
P0810,A02-T2-H03,2,3,4
P0811,A02-T2-H01,7,1,2
P0812,A01-T2-H02,1,0,2
P0813,A03-T3-H02,13,2,3
P0814,A03-T3-H02,4,2,4
P0815,A02-T2-H04,3,2,3
P0816,A03-T2-H01,6,1,2
P0817,A01-T1-H03,5,2,3
P0818,A01-T3-H02,3,0,2
P0819,A02-T2-H03,8,1,2
P0820,A03-T2-H02,1,0,3
P0821,A01-T2-H03,2,0,2
P0822,A03-T3-H02,7,0,1
P0823,A01-T2-H01,2,0,2
P0824,A03-T2-H02,12,2,3
P0825,A03-T2-H02,9,2,4
P0826,A03-T3-H02,9,0,2
P0827,A03-T3-H03,4,1,2
P0828,A02-T2-H03,3,0,2
P0829,A03-T2-H01,4,0,2
P0830,A03-T2-H02,8,1,3
P0831,A03-T3-H02,9,0,2
P0832,A01-T2-H02,1,2,3
P0833,A03-T2-H02,14,0,2
P0834,A03-T3-H02,4,0,3
P0835,A01-T1-H03,1,0,2
P0836,A03-T3-H01,10,1,2
P0837,A03-T2-H02,8,1,3
P0838,A03-T2-H01,5,0,4
P0839,A02-T3-H01,1,1,3
P0840,A03-T3-H01,10,1,2
P0841,A01-T2-H02,4,3,4
P0842,A02-T2-H01,7,1,2
P0843,A03-T3-H01,10,0,2
P0844,A02-T2-H01,8,1,4
P0845,A02-T2-H04,4,0,1
P0846,A02-T2-H01,8,2,4
P0847,A01-T2-H01,6,1,2
P0848,A03-T3-H03,5,0,1
P0849,A01-T2-H03,9,0,1
P0850,A02-T2-H03,2,1,2
P0851,A01-T2-H02,1,0,2
P0852,A02-T3-H01,1,1,3
P0853,A03-T2-H01,5,5,6
P0854,A03-T2-H03,2,1,3
P0855,A03-T3-H01,3,0,1
P0856,A03-T2-H02,5,0,2
P0857,A02-T3-H01,6,0,1
P0858,A03-T2-H02,11,1,6
P0859,A03-T3-H02,9,2,3
P0860,A01-T3-H02,5,0,1
P0861,A03-T3-H01,5,3,4
P0862,A02-T3-H02,5,0,1
P0863,A01-T2-H02,6,0,2
P0864,A02-T3-H01,2,1,2
P0865,A03-T3-H02,14,0,2
P0866,A01-T2-H02,8,1,3
P0867,A01-T3-H01,2,1,2
P0868,A03-T2-H02,11,0,1
P0869,A03-T3-H02,4,0,2
P0870,A01-T2-H02,7,0,2
P0871,A01-T3-H01,2,1,2
P0872,A03-T3-H01,15,0,1
P0873,A02-T2-H02,6,2,3
P0874,A03-T2-H01,11,2,3
P0875,A02-T1-H01,6,1,2
P0876,A03-T3-H02,10,2,3
P0877,A02-T2-H03,3,2,3
P0878,A01-T1-H01,3,1,3
P0879,A01-T2-H03,1,0,1
P0880,A03-T2-H01,1,0,2
P0881,A02-T2-H01,10,2,4
P0882,A01-T2-H01,7,1,2
P0883,A02-T3-H01,3,2,3
P0884,A03-T2-H01,5,5,6
P0885,A01-T3-H01,2,1,2
P0886,A02-T2-H03,1,1,2
P0887,A01-T1-H03,1,2,3
P0888,A03-T2-H02,8,0,1
P0889,A03-T2-H02,1,0,1
P0890,A01-T3-H02,10,1,3
P0891,A01-T3-H01,9,1,3
P0892,A03-T3-H03,10,2,6
P0893,A01-T2-H02,1,0,2
P0894,A03-T3-H02,9,0,2
P0895,A01-T3-H02,10,1,3
P0896,A02-T3-H01,3,0,2
P0897,A02-T3-H01,6,0,1
P0898,A03-T3-H03,4,1,2
P0899,A01-T2-H01,9,1,2
P0900,A01-T3-H01,4,1,3
P0901,A01-T2-H02,5,1,2
P0902,A01-T1-H03,4,2,4
P0903,A01-T3-H02,1,4,5
P0904,A03-T2-H01,14,0,2
P0905,A03-T2-H02,7,1,3
P0906,A01-T2-H01,12,1,3
P0907,A01-T2-H03,4,2,3
P0908,A01-T2-H03,5,0,1
P0909,A02-T3-H02,10,0,1
P0910,A02-T3-H01,3,2,3
P0911,A03-T3-H01,5,0,1
P0912,A01-T2-H02,7,0,2
P0913,A03-T3-H02,9,2,3
P0914,A03-T2-H03,1,2,6
P0915,A03-T2-H01,1,2,6
P0916,A03-T3-H01,6,0,2
P0917,A02-T2-H01,1,4,6
P0918,A01-T2-H01,1,0,1
P0919,A01-T2-H01,3,2,3
P0920,A03-T2-H01,6,1,2
P0921,A03-T2-H02,8,0,1
P0922,A02-T2-H01,12,1,2
P0923,A01-T3-H01,3,0,1
P0924,A01-T3-H01,9,1,3
P0925,A01-T2-H02,6,0,1
P0926,A02-T2-H04,2,0,2
P0927,A01-T3-H02,10,1,3
P0928,A02-T3-H02,3,2,6
P0929,A02-T2-H04,4,1,2
P0930,A02-T3-H02,1,1,2
P0931,A02-T3-H02,10,3,5
P0932,A03-T3-H01,10,2,4
P0933,A03-T3-H02,4,0,2
P0934,A03-T3-H01,5,3,4
P0935,A02-T2-H03,3,2,3
P0936,A02-T2-H03,3,2,3
P0937,A03-T2-H02,1,1,2
P0938,A02-T2-H04,4,1,2
P0939,A01-T2-H03,1,1,2
P0940,A03-T3-H03,1,2,3
P0941,,,,
P0942,A02-T2-H01,7,1,2
P0943,A02-T3-H01,4,2,3
P0944,A03-T2-H03,1,2,6
P0945,A01-T2-H03,4,2,3
P0946,A02-T2-H01,8,0,2
P0947,A01-T2-H03,4,2,3
P0948,A03-T2-H01,4,0,2
P0949,A01-T2-H03,2,2,4
P0950,A01-T2-H01,12,0,1
P0951,A03-T3-H02,3,1,2
P0952,A03-T3-H02,4,0,2
P0953,A02-T2-H01,11,0,2
P0954,A02-T2-H04,3,2,3
P0955,A02-T2-H04,5,0,2
P0956,A03-T2-H01,14,2,3
P0957,A02-T3-H02,2,0,2
P0958,A02-T3-H01,2,1,2
P0959,A01-T2-H03,9,1,3
P0960,A02-T3-H01,6,1,2
P0961,A03-T3-H03,4,1,2
P0962,A02-T2-H04,3,0,2
P0963,A03-T2-H01,3,1,3
P0964,A02-T2-H03,2,3,4
P0965,A03-T2-H01,5,0,2
P0966,A01-T2-H02,6,3,4
P0967,A03-T3-H02,10,2,3
P0968,A03-T3-H03,3,1,2
P0969,A01-T1-H01,5,0,2
P0970,A03-T3-H01,10,1,2
P0971,A02-T2-H01,10,2,4
P0972,A01-T1-H01,2,1,3
P0973,A03-T2-H03,3,3,4
P0974,A01-T1-H02,2,1,2
P0975,A02-T3-H01,9,0,1
P0976,A03-T3-H02,14,2,4
P0977,A01-T3-H01,7,2,3
P0978,A01-T2-H01,9,0,1
P0979,A02-T2-H02,8,1,2
P0980,A03-T3-H02,1,0,1
P0981,A03-T2-H02,1,1,2
P0982,A01-T1-H01,2,1,3
P0983,A03-T3-H03,1,3,4
P0984,A03-T2-H01,8,2,3
P0985,A03-T3-H01,6,0,2
P0986,A02-T3-H01,9,0,1
P0987,A02-T1-H01,5,0,2
P0988,A03-T3-H02,1,1,2
P0989,A02-T3-H01,2,1,2
P0990,A03-T2-H01,3,1,3
P0991,A02-T3-H01,6,1,2
P0992,A02-T2-H03,2,0,1
P0993,A03-T3-H03,3,0,1
P0994,A03-T3-H01,10,0,2
P0995,A02-T2-H03,6,0,1
P0996,A03-T3-H02,14,2,4
P0997,A03-T2-H01,14,0,2
P0998,A01-T1-H01,5,0,2
P0999,A03-T2-H02,5,2,3
P1000,A01-T2-H03,7,0,2
P1001,A02-T3-H01,6,1,2
P1002,A02-T2-H01,3,2,3
P1003,A01-T1-H03,1,2,3
P1004,A03-T2-H02,11,0,1
P1005,A02-T3-H02,9,0,2
P1006,A01-T2-H01,9,0,1
P1007,A02-T2-H01,5,0,1
P1008,A02-T2-H04,2,2,4
P1009,A03-T3-H02,1,0,1
P1010,A01-T1-H01,3,1,3
P1011,A01-T2-H03,6,0,1
P1012,A03-T2-H02,8,1,3
P1013,A03-T3-H03,10,4,5
P1014,A02-T3-H01,6,1,2
P1015,A02-T2-H03,1,2,3
P1016,A03-T2-H01,4,0,2
P1017,A01-T2-H02,1,2,3
P1018,A02-T2-H02,1,0,1
P1019,A01-T3-H01,6,1,2
P1020,A03-T3-H02,14,2,4
P1021,A03-备用-04,2,1,2
P1022,A01-T3-H01,4,0,1
P1023,A02-T2-H01,6,1,2
P1024,A01-T3-H02,9,5,6
P1025,A03-T2-H01,4,0,2
P1026,A01-T3-H01,5,3,4
P1027,A01-T3-H02,4,1,2
P1028,A03-T3-H01,10,1,2
P1029,A01-T2-H02,8,1,3
P1030,A01-T2-H02,4,4,5
P1031,A02-T2-H01,2,0,1
P1032,A03-T2-H02,8,1,3
P1033,A02-T3-H01,4,2,3
P1034,A01-T3-H01,3,2,3
P1035,A03-T2-H02,14,0,2
P1036,A01-T2-H03,4,0,1
P1037,A03-T3-H03,10,4,5
P1038,A03-T2-H02,8,1,3
P1039,A02-T2-H02,6,2,3
P1040,A03-T3-H01,10,2,4
P1041,A03-T3-H03,1,2,3
P1042,A03-T3-H02,5,0,1
P1043,A03-T3-H03,1,2,3
P1044,A01-T2-H01,10,1,4
P1045,A03-T2-H02,14,2,3
P1046,A01-T3-H02,3,3,4
P1047,A01-T2-H02,1,2,3
P1048,A02-T3-H01,2,0,1
P1049,A02-T2-H02,4,0,3
P1050,A03-T3-H03,5,0,1
P1051,A01-T1-H01,2,1,3
P1052,A01-T3-H02,1,0,1
P1053,A01-T2-H02,7,2,3
P1054,A02-T3-H01,6,1,2
P1055,A03-T3-H03,10,1,2
P1056,A02-T3-H01,3,0,2
P1057,A01-T3-H02,5,1,3
P1058,A02-T2-H01,2,1,3
P1059,A02-T2-H01,12,1,2
P1060,A01-T2-H03,5,2,3
P1061,A01-T2-H02,8,1,3
P1062,A01-T3-H01,2,1,2
P1063,A03-T3-H03,9,0,2
P1064,A02-T3-H01,9,1,3
P1065,A01-T2-H01,12,2,3
P1066,A01-T3-H02,10,1,3
P1067,A01-T3-H01,6,1,2
P1068,A02-T2-H01,3,0,1
P1069,A02-T2-H02,1,1,3
P1070,A02-T2-H01,6,1,2
P1071,A02-T2-H02,2,0,2
P1072,A01-T1-H01,6,2,3
P1073,A03-T2-H03,2,0,2
P1074,A02-T2-H02,1,1,3
P1075,A01-T2-H02,1,0,2
P1076,A02-T2-H01,10,0,2
P1077,A02-T2-H04,3,0,2
P1078,A01-T2-H03,1,0,1
P1079,A01-T2-H02,5,0,1
P1080,A01-T2-H03,9,0,2
P1081,A03-T2-H02,5,0,2
P1082,A03-T3-H02,4,0,3
P1083,A01-T3-H01,6,1,2
P1084,A02-T1-H01,5,2,3
P1085,A01-T3-H01,8,0,1
P1086,A02-T2-H01,12,0,1
P1087,A03-T3-H01,15,0,1
P1088,A01-T2-H01,9,1,2
P1089,A01-T2-H03,9,2,3
P1090,A02-T3-H02,3,3,4
P1091,A02-T2-H03,4,2,3
P1092,A03-T2-H03,2,0,2
P1093,A02-T2-H01,10,3,4
P1094,A03-T2-H01,8,2,3
P1095,A01-T2-H03,9,0,1
P1096,A01-T1-H01,3,1,3
P1097,A02-T3-H02,1,1,2
P1098,A01-T3-H02,5,1,3
P1099,A02-T2-H01,1,0,4
P1100,A01-T2-H01,1,0,1
P1101,A02-T2-H01,8,0,2
P1102,A01-T3-H02,5,1,3
P1103,A03-T3-H02,7,0,1
P1104,A01-T3-H01,5,3,4
P1105,A02-T2-H01,6,1,2
P1106,A03-T3-H02,5,3,4
P1107,A03-T3-H03,3,1,2
P1108,A01-T2-H02,6,0,1
P1109,A03-T2-H02,3,0,2
P1110,A02-T2-H04,4,1,2
P1111,A02-T2-H01,12,1,2
P1112,A02-T2-H01,10,0,2
P1113,A02-T2-H01,4,0,2
P1114,A01-T2-H01,12,0,1
P1115,A03-T3-H02,8,1,2
P1116,A01-T3-H02,3,1,2
P1117,A02-T3-H02,3,3,4
P1118,A01-T2-H02,1,0,2
P1119,A02-T2-H03,8,0,1
P1120,A02-T3-H02,1,0,1
P1121,A01-T3-H02,7,1,2
P1122,A03-T2-H02,8,0,1
P1123,A01-T2-H02,8,1,3
P1124,A02-T2-H04,6,0,3
P1125,A03-T3-H02,7,1,2
P1126,A03-T3-H02,14,2,4
P1127,A02-T2-H04,6,2,4
P1128,A02-T2-H01,10,2,4
P1129,A01-T2-H01,10,1,4
P1130,A03-T2-H01,6,1,2
P1131,A01-T2-H01,10,0,1
P1132,A01-T2-H02,6,1,6
P1133,A02-T3-H01,7,0,2
P1134,A01-T3-H01,9,1,3
P1135,A03-T3-H03,3,0,1
P1136,A03-T3-H01,10,2,4
P1137,A03-T2-H02,9,0,2
P1138,A02-T2-H04,4,1,2
P1139,A01-T2-H03,3,0,2
P1140,A02-T3-H01,1,1,3
P1141,A02-T2-H03,2,0,1
P1142,A01-T1-H01,6,2,3
P1143,A01-T2-H03,5,2,3
P1144,A02-T2-H03,6,0,1
P1145,A02-T2-H01,1,1,2
P1146,,,,
P1147,A01-T2-H03,3,2,3
P1148,A03-T3-H02,5,0,2
P1149,A03-T2-H02,5,2,3
P1150,A01-T3-H01,6,1,2
P1151,A02-T2-H03,4,0,2
P1152,A02-T2-H01,9,1,3
P1153,A01-T2-H03,3,0,2
P1154,A02-T3-H02,10,3,5
P1155,A01-T3-H01,9,1,3
P1156,A02-T3-H01,3,0,2
P1157,A03-T2-H01,4,0,2
P1158,A02-T1-H01,5,2,3
P1159,A01-T3-H02,4,1,2
P1160,A02-T2-H01,8,0,2
P1161,A03-T2-H01,1,2,6
P1162,A03-备用-07,2,2,3
P1163,A01-T3-H02,4,0,1
P1164,A02-T3-H02,2,0,2
P1165,A02-T3-H01,6,1,2
P1166,A02-T2-H03,8,1,2
P1167,A01-T2-H02,8,0,1
P1168,A01-T2-H02,4,3,4
P1169,A01-T3-H01,9,1,3
P1170,A03-T3-H01,10,2,4
P1171,A03-T3-H03,5,0,1
P1172,A01-T2-H03,9,2,3
P1173,A03-T2-H03,2,0,2
P1174,A03-T3-H01,4,0,1
P1175,A01-T3-H01,7,2,3
P1176,A01-T2-H03,2,2,4
P1177,A02-T3-H02,5,1,3
P1178,A02-T2-H03,3,2,3
P1179,A02-T2-H01,4,0,2
P1180,A01-T2-H01,5,2,3
P1181,A01-T2-H01,6,1,2
P1182,A01-T2-H01,12,2,3
P1183,A02-T2-H04,4,1,2
P1184,A02-T3-H02,6,0,4
P1185,A01-T2-H01,6,1,2
P1186,A02-T3-H01,9,1,3
P1187,A01-T2-H03,7,0,2
P1188,A02-T2-H03,4,0,2
P1189,A02-T2-H01,5,1,2
P1190,A02-T1-H01,3,1,2
P1191,A03-T3-H01,1,1,2
P1192,A03-T2-H02,6,2,3
P1193,A03-T2-H02,2,1,3
P1194,A02-T2-H02,5,0,1
P1195,A02-T3-H01,9,0,1
P1196,A01-T2-H01,10,0,1
P1197,A03-T3-H01,1,1,2
P1198,A02-T2-H04,5,0,2
P1199,A03-T3-H02,4,0,3
P1200,A02-T2-H01,12,0,1
P1201,A03-T2-H02,14,0,2
P1202,A02-T2-H01,4,2,3
P1203,A03-T3-H01,8,0,1
P1204,A03-T2-H01,1,5,6
P1205,A01-T2-H03,3,2,3
P1206,A02-T2-H02,8,0,1
P1207,A01-T2-H02,1,2,3
P1208,A01-T2-H01,1,0,1
P1209,A02-T3-H02,9,1,3
P1210,A01-T2-H01,3,0,2
P1211,A02-T2-H01,7,1,2
P1212,A03-T3-H02,7,1,2
P1213,A02-T2-H03,4,0,1
P1214,A01-T2-H01,2,1,3
P1215,A01-T2-H01,7,1,2
P1216,A01-T3-H02,1,0,1
P1217,A03-T2-H03,3,0,2
P1218,A02-T3-H02,3,3,4
P1219,A03-T3-H01,1,1,2
P1220,A02-T3-H02,6,4,5
P1221,A03-T3-H02,5,0,1
P1222,A01-T1-H03,4,2,4
P1223,A02-T2-H03,7,2,3
P1224,A03-T3-H01,5,3,4
P1225,A01-T2-H02,6,5,6
P1226,A02-T2-H04,3,0,2
P1227,A02-T2-H04,3,2,3
P1228,A02-T1-H01,3,1,2
P1229,A01-T2-H02,8,0,1
P1230,A03-备用-08,2,1,2
P1231,A03-T2-H01,15,0,2
P1232,A01-T1-H01,9,2,4
P1233,A02-T3-H01,2,0,1
P1234,A03-T2-H02,6,2,3
P1235,A01-T3-H02,4,0,1
P1236,A03-T2-H02,6,0,2
P1237,A03-T2-H02,4,3,6
P1238,A03-T2-H02,14,0,2
P1239,A03-T3-H03,1,2,3
P1240,A02-T3-H02,10,3,5
P1241,A02-T3-H01,5,3,6
P1242,A01-T2-H01,6,4,6
P1243,A01-T2-H02,1,0,2
P1244,A02-T2-H04,3,2,3
P1245,A02-T2-H01,4,2,3
P1246,A03-T3-H03,2,4,5
P1247,A03-T2-H02,8,0,1
P1248,A01-T3-H01,7,1,3
P1249,A02-T2-H02,2,2,3
P1250,A01-T3-H02,3,3,4
P1251,A03-T2-H01,1,3,6
P1252,A01-T3-H01,5,1,2
P1253,A02-T2-H01,10,2,4
P1254,A02-T2-H03,7,0,2
P1255,A03-T3-H02,14,1,3
P1256,A02-T2-H02,4,0,3
P1257,A01-T3-H01,7,2,3
P1258,A03-T3-H02,10,2,3
P1259,A02-T2-H02,8,1,2
P1260,A02-T2-H02,2,2,3
P1261,A03-T2-H03,3,0,2
P1262,A02-T2-H02,8,1,2
P1263,A01-T2-H02,6,3,4
P1264,A01-T2-H03,5,0,1
P1265,A02-T2-H01,10,3,4
P1266,A02-T2-H02,2,0,2
P1267,A03-T2-H02,8,0,1
P1268,A03-T3-H01,4,0,1
P1269,A03-T2-H01,11,0,2
P1270,A01-T2-H02,2,0,2
P1271,A01-T3-H01,8,1,2
P1272,A03-T3-H01,4,1,2
P1273,A03-T3-H02,5,1,5
P1274,A03-T2-H02,4,3,6
P1275,A02-T3-H01,9,1,3
P1276,A02-T2-H04,3,0,2
P1277,A03-T2-H01,2,2,5
P1278,A03-T2-H02,1,0,3
P1279,A01-T3-H02,2,1,2
P1280,A01-T2-H01,9,1,2
P1281,A03-T3-H01,11,2,4
P1282,A02-T3-H01,9,1,3
P1283,A02-T2-H01,4,2,3
P1284,A02-T3-H02,2,0,2
P1285,A02-T2-H01,1,0,1
P1286,A02-T2-H01,9,2,3
P1287,A02-T2-H02,2,2,3
P1288,A03-T3-H02,5,3,4
P1289,A01-T3-H02,5,1,3
P1290,A01-T2-H02,5,1,2
P1291,A02-T2-H03,3,2,3
P1292,A03-T3-H02,14,1,3
P1293,A02-T2-H01,5,1,2
P1294,A03-T2-H01,5,0,2
P1295,A02-T2-H03,4,2,3
P1296,A01-T2-H03,3,0,2
P1297,A02-T2-H01,13,1,3
P1298,A03-T3-H03,2,4,5
P1299,A01-T2-H01,2,1,3
P1300,A02-T2-H03,7,0,2
P1301,A01-T2-H02,1,2,3
P1302,A02-T3-H01,7,2,3
P1303,A03-T2-H03,2,0,2
P1304,A03-T3-H01,4,4,5
P1305,A02-T2-H01,12,1,2
P1306,A01-T3-H02,5,1,3
P1307,A01-T2-H03,1,0,1
P1308,A03-T2-H02,8,0,1
P1309,A03-T2-H03,1,2,6
P1310,A01-T2-H03,2,0,2
P1311,A02-T2-H03,2,3,4
P1312,A03-T3-H03,4,1,2
P1313,A03-T2-H01,8,2,3
P1314,A03-T3-H02,5,1,5
P1315,A02-T2-H01,7,0,1
P1316,A03-T3-H03,5,0,1
P1317,A01-T1-H01,3,1,3
P1318,A01-T3-H01,2,1,2
P1319,A01-T2-H01,3,0,2
P1320,A01-T3-H02,1,4,5
P1321,A02-T2-H03,2,3,4
P1322,A03-T3-H01,15,0,1
P1323,A03-T3-H01,1,1,2
P1324,A02-T2-H01,12,0,1
P1325,A02-T2-H02,6,2,3
P1326,A02-T2-H03,1,1,2
P1327,A03-T2-H01,5,0,2
P1328,A03-T3-H02,3,1,2
P1329,A02-T2-H03,8,0,1
P1330,A02-T2-H03,3,2,3
P1331,A03-T3-H03,4,1,2
P1332,A01-T3-H02,3,3,4
P1333,A02-T3-H02,1,0,1
P1334,A01-T2-H03,6,0,1
P1335,A02-T2-H01,2,0,1
P1336,A02-T3-H01,7,2,3
P1337,A01-T3-H01,7,2,3
P1338,A02-T2-H03,3,0,2
P1339,A02-T3-H01,9,0,1
P1340,A01-T2-H02,5,1,2
P1341,A02-T2-H02,2,2,3
P1342,A02-T2-H01,11,0,2
P1343,A02-T2-H03,8,0,1
P1344,A03-T3-H02,4,3,4
P1345,A02-T2-H01,13,0,1
P1346,A03-T3-H03,3,1,2
P1347,A01-T2-H01,7,0,1
P1348,A01-T3-H02,3,1,2
P1349,A03-T2-H02,4,1,2
P1350,A01-T2-H01,1,0,1
P1351,A01-T3-H02,9,5,6
P1352,A02-T2-H01,13,1,3
P1353,A02-T2-H03,5,2,3
P1354,A02-T2-H03,1,1,2
P1355,A03-T2-H01,14,2,3
P1356,A02-T3-H02,10,3,5
P1357,A03-T3-H01,10,0,1
P1358,A02-T2-H01,7,0,1
P1359,A03-T3-H03,7,1,2
P1360,A01-T1-H03,4,2,4
P1361,A03-T2-H02,9,2,4
P1362,A03-T3-H01,15,1,2
P1363,A03-T3-H02,14,1,3
P1364,A01-T2-H03,9,0,2
P1365,A02-T3-H02,1,0,1
P1366,A02-T2-H02,4,0,3
P1367,A02-T3-H01,9,0,1
P1368,A02-T3-H01,3,0,2
P1369,A02-T2-H01,4,0,2
P1370,A01-T1-H03,1,2,3
P1371,A03-T2-H02,2,1,3
P1372,A02-T2-H02,6,2,3
P1373,A02-T3-H01,2,1,2
P1374,A01-T3-H01,8,1,2
P1375,A03-T3-H03,7,1,2
P1376,A02-T2-H01,12,0,1
P1377,A01-T2-H03,3,2,3
P1378,A01-T2-H01,3,2,3
P1379,A02-T2-H01,4,2,3
P1380,A01-T2-H02,5,0,1
P1381,A03-T3-H02,2,0,1
P1382,A03-T3-H02,7,0,1
P1383,A01-T3-H02,4,1,2
P1384,A01-T2-H01,9,1,2
P1385,A03-T3-H01,10,0,2
P1386,A03-T3-H01,10,1,2
P1387,A01-T2-H02,8,1,3
P1388,A02-T2-H01,4,2,3
P1389,A01-T2-H01,6,1,2
P1390,A01-T2-H02,5,1,2
P1391,A03-T2-H02,7,1,3
P1392,A02-T3-H01,3,0,2
P1393,A01-T2-H01,10,1,4
P1394,A01-T2-H02,6,0,2
P1395,A01-T3-H01,1,0,1
P1396,A03-T3-H02,7,1,2
P1397,A01-T2-H02,6,0,2
P1398,A03-T3-H03,3,1,2
P1399,A01-T2-H02,6,0,2
P1400,A02-T3-H02,3,3,4
P1401,A02-T1-H01,5,2,3
P1402,A01-T3-H02,7,0,1
P1403,A03-T3-H03,7,1,2
P1404,A03-T2-H03,2,0,2
P1405,A02-T3-H01,1,1,3
P1406,A03-T2-H02,7,1,3
P1407,A03-T2-H02,6,0,2
P1408,A01-T2-H01,1,3,5
P1409,A01-T3-H02,10,1,3
P1410,A01-T2-H01,5,2,3
P1411,A01-T3-H02,5,1,3
P1412,A01-T3-H01,7,1,3
P1413,A02-T2-H03,6,0,1
P1414,A01-T2-H01,1,1,5
P1415,A03-T3-H02,10,2,3
P1416,A03-T3-H03,2,4,5
P1417,A01-T2-H01,12,1,3
P1418,A02-T3-H02,9,1,3
P1419,A02-T2-H03,1,1,2
P1420,A01-T2-H03,5,2,3
P1421,A03-T2-H01,2,2,5
P1422,A02-T3-H02,6,0,4
P1423,A02-T3-H01,7,0,2
P1424,A02-T2-H03,5,2,3
P1425,A01-T3-H01,8,1,2
P1426,A01-T2-H03,1,1,2
P1427,A03-T2-H01,1,3,6
P1428,A02-T3-H02,6,4,5
P1429,A01-T3-H01,7,0,2
P1430,A03-T3-H01,9,1,2
P1431,A01-T3-H01,9,0,1
P1432,A02-T2-H02,1,1,3
P1433,A03-T3-H03,1,2,3
P1434,A02-T2-H01,13,1,3
P1435,A03-T3-H01,8,0,1
P1436,A03-T3-H03,11,1,2
P1437,A03-T3-H01,11,1,2
P1438,A02-T2-H03,2,1,2
P1439,A02-T2-H01,2,1,3
P1440,A03-T2-H02,1,3,4
P1441,A03-T3-H03,5,1,3
P1442,A03-T2-H02,1,3,4
P1443,A02-T2-H04,4,0,1
P1444,A01-T2-H01,3,2,3
P1445,A02-T2-H01,11,0,2
P1446,A03-T3-H03,2,4,5
P1447,A02-T2-H03,6,0,1
P1448,A02-T2-H02,10,1,2
P1449,A03-T3-H01,5,3,4
P1450,A03-T3-H03,5,0,1
P1451,A02-T2-H01,10,0,2
P1452,A03-T3-H02,14,0,2
P1453,A02-T3-H02,1,0,1
P1454,A01-T2-H03,9,2,3
P1455,A01-T1-H03,1,2,3
P1456,A02-T2-H03,1,1,2
P1457,A03-T3-H01,15,1,2
P1458,A01-T3-H01,9,0,1
P1459,A03-T3-H02,3,1,2
P1460,A02-T3-H01,4,2,3
P1461,A01-T2-H03,2,0,2
P1462,A02-T2-H03,3,0,2
P1463,A02-T2-H03,4,0,2
P1464,A03-T2-H03,2,0,2
P1465,A01-T3-H01,9,1,3
P1466,A02-T3-H01,3,2,3
P1467,A02-T2-H02,8,0,1
P1468,A03-备用-02,1,1,3
P1469,A01-T3-H02,2,1,2
P1470,A02-T2-H02,5,0,1
P1471,A03-T3-H02,5,0,2
P1472,A01-T2-H02,8,1,3
P1473,A03-T2-H02,3,2,4
P1474,A03-T3-H01,3,0,1
P1475,A02-T2-H03,3,0,2
P1476,A02-T2-H03,2,0,1
P1477,A03-T3-H02,1,0,1
P1478,A01-T2-H03,1,1,2
P1479,A03-T3-H03,1,0,2
P1480,A02-T3-H01,9,1,3
P1481,A02-T2-H01,8,0,1
P1482,A02-T2-H01,2,0,1
P1483,A02-T2-H04,6,3,6
P1484,A03-T3-H02,5,0,1
P1485,A03-T3-H01,1,1,2
P1486,A02-T2-H01,3,2,3
P1487,A01-T2-H01,8,2,3
P1488,A03-T3-H01,3,0,1
P1489,A02-T2-H02,3,1,3
P1490,A02-T2-H01,4,2,3
P1491,A03-T2-H02,9,2,4
P1492,A01-T3-H02,3,3,4
P1493,A01-T2-H02,5,0,1
P1494,A03-T2-H02,5,2,3
P1495,A03-T3-H01,11,2,4
P1496,A03-T3-H03,10,1,2
P1497,A03-T3-H02,4,0,2
P1498,A01-T3-H02,10,1,3
P1499,A01-T2-H03,9,2,3
P1500,A02-T2-H01,8,0,2
P1501,A03-T2-H01,2,1,5
P1502,A03-T3-H02,1,1,2
P1503,A03-T2-H03,1,2,6
P1504,A02-T2-H02,5,0,1
P1505,A03-T2-H02,2,1,3
P1506,A01-T1-H01,5,0,2
P1507,A02-T3-H02,2,1,2
P1508,A03-T3-H02,9,2,3
P1509,A01-T3-H01,9,0,1
P1510,A01-T1-H03,4,2,4
P1511,A03-T3-H02,9,2,3
P1512,A02-T2-H02,8,0,1
P1513,A01-T1-H01,9,2,4
P1514,A03-T2-H02,4,1,2
P1515,A02-T2-H03,6,0,1
P1516,A02-T2-H01,1,4,6
P1517,A03-T3-H01,15,0,1
P1518,A01-T2-H01,10,0,3
P1519,A01-T3-H02,2,1,2
P1520,A03-T3-H01,10,0,2
P1521,A01-T2-H02,5,0,1
P1522,A03-T3-H01,1,1,2
P1523,A01-T2-H02,1,0,2
P1524,A01-T3-H01,8,1,2
P1525,A03-T3-H02,10,2,3
P1526,A01-T2-H02,4,3,4
P1527,A03-T3-H03,10,4,5
P1528,A02-T3-H01,6,0,1
P1529,A01-T3-H01,7,0,1
P1530,A01-T3-H01,6,1,2
P1531,A01-T2-H01,5,2,3
P1532,A02-T2-H01,8,2,4
P1533,A03-T2-H03,2,2,3
P1534,A02-T2-H04,4,0,1
P1535,A02-T3-H01,2,1,2
P1536,A01-T3-H02,2,1,2
P1537,A01-T2-H01,7,0,1
P1538,A02-T3-H02,10,1,6
P1539,A01-T2-H03,4,2,3
P1540,A03-T3-H02,14,1,3
P1541,A02-T2-H03,3,0,2
P1542,A03-T2-H02,9,2,4
P1543,A02-T2-H01,5,1,2
P1544,A02-T2-H02,9,0,2
P1545,A01-T2-H03,5,2,3
P1546,A01-T2-H01,11,4,5
P1547,A02-T2-H04,4,1,2
P1548,A02-T1-H02,3,1,2
P1549,A01-T3-H02,9,0,5
P1550,A01-T3-H02,1,4,5
P1551,A02-T2-H01,10,3,4
P1552,A03-T3-H02,4,0,3
P1553,A01-T3-H02,1,0,1
P1554,A01-T3-H01,3,2,3
P1555,A02-T2-H04,6,3,6
P1556,A03-T2-H02,9,0,2
P1557,A02-T3-H01,3,2,3
P1558,A01-T2-H03,5,2,3
P1559,A03-T2-H02,6,0,2
P1560,A02-T3-H01,7,2,3
P1561,A01-T3-H01,1,1,4
P1562,A03-T3-H03,3,0,1
P1563,A01-T2-H03,3,2,3
P1564,A02-T3-H01,9,0,1
P1565,A03-T2-H02,4,3,6
P1566,A02-T2-H03,4,0,1
P1567,A03-T3-H02,1,0,2
P1568,A01-T2-H02,4,4,5
P1569,A03-T2-H01,8,0,2
P1570,A03-T3-H02,4,0,2
P1571,A01-T3-H01,3,0,1
P1572,A03-T3-H01,5,3,4
P1573,A03-T2-H02,4,5,6
P1574,A02-T3-H01,2,0,1
P1575,A02-T2-H04,6,0,3
P1576,A03-T2-H02,1,0,1
P1577,A02-T2-H03,2,0,1
P1578,A02-T2-H02,6,2,3
P1579,A01-T2-H01,12,0,1
P1580,A02-T3-H01,9,0,1
P1581,A02-T2-H03,2,1,2
P1582,A01-T2-H01,7,0,1
P1583,A01-T1-H01,5,2,3
P1584,A03-T3-H03,11,1,2
P1585,A03-T3-H02,10,2,3
P1586,A02-T2-H02,9,3,4
P1587,A03-T3-H03,7,1,2
P1588,A02-T2-H03,1,2,3
P1589,A02-T2-H03,7,2,3
P1590,A03-T3-H01,11,1,2
P1591,A02-T1-H01,5,2,3
P1592,A01-T1-H02,2,1,2
P1593,A01-T2-H03,1,1,2
P1594,A03-T3-H02,10,4,5
P1595,A02-T2-H04,5,2,3
P1596,A02-T2-H03,5,2,3
P1597,A02-T2-H01,9,2,3
P1598,A03-T3-H02,1,0,2
P1599,A01-T3-H02,5,1,3
P1600,A01-T2-H01,6,4,6
P1601,A01-T2-H01,6,0,4
P1602,A01-T3-H02,9,5,6
P1603,A01-T2-H01,12,1,3
P1604,A03-T2-H03,3,0,2
P1605,A01-T3-H01,3,0,1
P1606,A03-T2-H03,4,2,3
P1607,A02-T2-H01,1,0,1
P1608,A02-T3-H02,5,0,1
P1609,A01-T2-H01,6,0,4
P1610,A01-T2-H02,3,0,3
P1611,A01-T2-H02,6,0,2
P1612,A03-T2-H02,1,0,3
P1613,A03-T2-H02,15,0,2
P1614,A03-T2-H03,2,2,3
P1615,A03-T2-H01,5,0,2
P1616,A03-T2-H03,2,0,2
P1617,A03-T3-H02,2,1,2
P1618,A01-T2-H03,7,1,3
P1619,A03-T3-H02,2,1,2
P1620,A01-T2-H02,6,1,6
P1621,A02-T2-H03,4,2,3
P1622,A01-T2-H01,10,3,4
P1623,A01-T2-H02,7,2,3
P1624,A01-T2-H03,9,1,3
P1625,A01-T3-H01,2,0,3
P1626,A03-T2-H02,5,2,3
P1627,A02-T2-H01,8,0,1
P1628,A02-T2-H03,2,1,2
P1629,A03-T3-H01,2,1,2
P1630,A03-T3-H02,1,1,2
P1631,A01-T2-H03,7,1,3
P1632,A03-T2-H02,5,2,3
P1633,A01-T1-H01,9,2,4
P1634,A01-T2-H01,1,3,5
P1635,A02-T2-H04,3,2,3
P1636,A03-T2-H02,8,1,3
P1637,A03-T3-H01,15,1,2
P1638,A03-备用-03,1,1,3
P1639,A01-T2-H03,6,2,3
P1640,A03-T2-H01,4,0,2
P1641,A03-T3-H02,5,3,4
P1642,A02-T2-H03,8,1,2
P1643,A03-T2-H01,8,2,3
P1644,A01-T1-H01,2,1,3
P1645,A02-T2-H03,1,0,2
P1646,A03-T2-H01,2,2,5
P1647,A03-T3-H01,2,1,2
P1648,A01-T2-H01,12,2,3
P1649,A03-T2-H03,3,3,4
P1650,A03-T2-H02,8,0,1
P1651,A02-T3-H02,3,3,4
P1652,A01-T2-H02,4,3,4
P1653,A01-T2-H03,6,0,1
P1654,A02-T2-H03,6,0,1
P1655,A01-T2-H03,7,0,2
P1656,A02-T3-H02,1,1,2
P1657,A02-T3-H02,5,1,3
P1658,A03-T3-H02,9,2,3
P1659,A03-T3-H01,11,1,2
P1660,A03-T3-H02,14,2,4
P1661,A02-T2-H01,13,0,1
P1662,A01-T2-H03,6,2,3
P1663,A02-T3-H01,6,1,2
P1664,A02-T2-H01,1,0,4
P1665,A02-T1-H01,5,2,3
P1666,A02-T1-H01,6,1,2
P1667,A01-T3-H01,7,0,1
P1668,A02-T3-H01,2,0,1
P1669,A01-T2-H02,4,4,5
P1670,A02-T2-H03,1,1,2
P1671,A02-T3-H02,1,0,1
P1672,A02-T2-H01,4,2,3
P1673,A03-T2-H01,8,2,3
P1674,A02-T3-H02,5,1,3
P1675,A02-T2-H01,4,2,3
P1676,A01-T2-H03,5,2,3
P1677,A02-T2-H02,5,0,2
P1678,A02-T2-H01,4,2,3
P1679,A02-T1-H01,5,2,3
P1680,A01-T2-H01,12,0,1
P1681,A02-T2-H03,7,0,2
P1682,A02-T2-H01,3,0,2
P1683,A03-T3-H01,4,0,1
P1684,A03-T2-H01,14,0,2
P1685,A01-T3-H01,4,0,1
P1686,A02-T3-H01,3,0,2
P1687,A02-T2-H03,6,1,2
P1688,A01-T3-H01,3,0,1
P1689,A01-T2-H03,1,1,2
P1690,A02-T3-H02,5,0,1
P1691,A02-T3-H02,10,3,5
P1692,A02-T2-H04,4,1,2
P1693,A01-T2-H01,11,4,5
P1694,A01-T2-H03,6,0,1
P1695,A01-T3-H01,2,1,2
P1696,A02-T2-H03,5,2,3
P1697,A01-T2-H01,7,0,1
P1698,A02-T3-H02,3,3,4
P1699,A02-T2-H03,8,0,1
P1700,A03-T2-H02,1,3,4
P1701,A02-T2-H04,6,0,3
P1702,A01-T3-H02,3,3,4
P1703,A01-T2-H01,10,0,1
P1704,A03-T3-H01,2,1,2
P1705,A03-T2-H01,1,0,2
P1706,A02-T3-H01,7,2,3
P1707,A03-T3-H03,1,3,4
P1708,A02-T2-H01,10,0,2
P1709,A03-备用-04,1,1,3
P1710,A01-T2-H03,1,0,1
P1711,A01-T1-H02,2,1,2
P1712,A01-T1-H01,3,1,3
P1713,A02-T2-H03,8,0,1
P1714,A02-T2-H02,4,0,3
P1715,A03-T2-H02,11,0,1
P1716,A02-T3-H01,6,1,2
P1717,A02-T3-H02,9,1,3
P1718,A01-T3-H01,7,0,1
P1719,A03-T2-H01,6,1,2
P1720,A03-T3-H01,11,2,4
P1721,A03-T3-H01,15,0,1
P1722,A02-T1-H01,5,2,3
P1723,A03-T2-H01,14,0,2
P1724,A02-T2-H02,2,0,2
P1725,A03-T3-H01,3,0,1
P1726,A02-T3-H02,3,3,4
P1727,A01-T2-H01,11,4,5
P1728,A03-T3-H02,1,2,4
P1729,A02-T2-H01,11,0,2
P1730,A03-T3-H02,5,1,5
P1731,A03-T3-H03,1,3,4
P1732,A03-T2-H01,8,2,3
P1733,A01-T2-H01,3,2,3
P1734,A01-T3-H01,1,0,1
P1735,A03-T3-H01,14,1,2
P1736,A03-T2-H03,3,3,4
P1737,A03-T3-H02,14,1,3
P1738,A02-T1-H01,5,0,2
P1739,A02-T2-H01,12,0,1
P1740,A01-T2-H01,10,3,4
P1741,A03-T2-H02,8,1,3
P1742,A03-T2-H02,9,0,2
P1743,A01-T3-H01,8,0,1
P1744,A01-T2-H02,4,3,4
P1745,A01-T2-H01,12,0,2
P1746,A02-T3-H01,2,1,2
P1747,A03-T3-H02,5,1,5
P1748,A01-T1-H02,1,0,3
P1749,A01-T2-H01,12,1,3
P1750,A03-T2-H01,1,0,2
P1751,A03-T2-H02,11,1,6
P1752,A02-T2-H02,10,0,1
P1753,A03-T2-H01,4,0,2
P1754,A01-T3-H01,4,0,1
P1755,A03-T3-H01,15,1,2
P1756,A02-T2-H02,3,2,3
P1757,A01-T2-H01,6,0,4
P1758,A01-T2-H02,8,0,1
P1759,A01-T2-H02,8,0,1
P1760,A03-T3-H03,2,0,2
P1761,A03-T2-H01,8,0,2
P1762,A02-T2-H04,6,3,6
P1763,A01-T2-H02,3,0,3
P1764,A02-T2-H02,6,2,3
P1765,A03-T2-H02,7,1,3
P1766,A03-T2-H02,1,0,3
P1767,A03-T3-H01,4,0,1
P1768,A03-T3-H02,1,2,4
P1769,A02-T2-H02,2,2,3
P1770,A02-T1-H01,3,1,2
P1771,A01-T3-H01,1,0,1
P1772,A02-T2-H02,8,0,1
P1773,A02-T2-H01,11,0,2
P1774,A01-T1-H01,5,0,2
P1775,A02-T2-H02,2,2,3
P1776,A02-T2-H01,3,2,3
P1777,A01-T2-H03,7,1,3
P1778,A03-T3-H02,4,0,3
P1779,A02-T3-H02,1,1,2
P1780,A03-T3-H02,1,2,4
P1781,A01-T3-H02,4,1,2
P1782,A01-T1-H01,5,0,2
P1783,A03-T3-H02,9,2,3
P1784,A01-T1-H01,5,2,3
P1785,A03-T3-H02,9,0,2
P1786,A03-T3-H03,4,1,2
P1787,A01-T3-H02,10,1,3
P1788,A02-T3-H02,9,1,3
P1789,A03-T3-H01,2,1,2
P1790,A02-T3-H02,1,0,1
P1791,A03-T3-H01,4,4,5
P1792,A02-T2-H03,4,2,3
P1793,A02-T2-H02,7,0,2
P1794,A02-T2-H01,7,0,1
P1795,A02-T2-H01,12,1,2
P1796,A02-T2-H03,8,1,2
P1797,A01-T2-H01,10,0,1
P1798,A02-T3-H01,5,1,2
P1799,A03-T3-H02,9,2,3
P1800,A03-T3-H02,10,2,5
P1801,A02-T2-H02,1,0,1
P1802,A01-T2-H03,7,1,3
P1803,A03-T3-H02,9,0,2
P1804,A02-T2-H01,5,0,1
P1805,A01-T3-H02,4,0,1
P1806,A02-T2-H04,4,0,1
P1807,A02-T2-H03,4,0,1
P1808,A03-T3-H02,1,1,4
P1809,A02-T3-H02,10,3,5
P1810,A01-T2-H03,9,2,3
P1811,A02-T2-H03,7,0,2
P1812,A02-T2-H01,13,1,3
P1813,A03-T3-H03,10,1,2
P1814,A02-T2-H01,11,0,2
P1815,A03-T2-H02,6,2,3
P1816,A02-T2-H01,3,2,3
P1817,A03-T2-H02,8,0,1
P1818,A01-T3-H01,1,1,4
P1819,A03-T3-H01,15,1,2
P1820,A01-T2-H02,9,1,3
P1821,A03-T2-H01,9,1,2
P1822,A03-T3-H02,1,2,4
P1823,A03-T2-H02,2,1,3
P1824,A03-T2-H02,6,2,3
P1825,A02-T2-H03,3,2,3
P1826,A03-T2-H02,14,2,3
P1827,A02-T1-H01,5,0,2
P1828,A02-T3-H02,6,0,4
P1829,A03-T2-H03,6,1,2
P1830,A03-T3-H01,15,1,2
P1831,A03-T2-H02,10,1,2
P1832,A03-T3-H01,11,0,1
P1833,A01-T2-H01,11,4,5
P1834,A03-T3-H01,11,2,4
P1835,A02-T3-H02,10,1,6
P1836,A01-T1-H01,3,1,3
P1837,A02-T2-H04,5,2,3
P1838,A01-T2-H02,1,0,2
P1839,A03-T3-H01,10,0,1
P1840,A03-T2-H02,1,3,4
P1841,A02-T2-H01,11,0,2
P1842,A02-T2-H03,5,2,3
P1843,,,,
P1844,A01-T2-H01,6,5,6
P1845,A01-T3-H01,4,1,3
P1846,A01-T2-H02,6,0,2
P1847,A03-T3-H01,15,0,1
P1848,A01-T2-H03,4,0,1
P1849,A03-T3-H01,8,1,3
P1850,A03-T2-H02,9,0,2
P1851,A02-T2-H03,3,2,3
P1852,A02-T2-H04,1,1,2
P1853,A01-T3-H02,4,0,1
P1854,A02-T3-H01,6,0,1
P1855,A03-T3-H03,5,0,1
P1856,A02-T3-H02,6,0,4
P1857,A02-T2-H01,7,0,1
P1858,A03-T3-H01,2,0,1
P1859,A02-T2-H04,4,0,1
P1860,A03-T3-H01,4,4,5
P1861,A03-T3-H02,1,1,2
P1862,A03-T3-H02,14,2,4
P1863,A01-T2-H02,6,5,6
P1864,A01-T2-H03,2,0,1
P1865,A01-T2-H01,12,2,3
P1866,A02-T2-H02,10,0,1
P1867,A02-T3-H02,6,0,4
P1868,A03-备用-05,2,2,3
P1869,A03-T3-H02,1,2,4
P1870,A03-T2-H03,3,0,2
P1871,A02-T2-H03,4,2,3
P1872,A01-T2-H01,1,0,1
P1873,A03-T3-H03,5,1,3
P1874,A02-T2-H02,9,2,6
P1875,A01-T2-H01,2,1,3
P1876,A03-T3-H01,2,1,2
P1877,A02-T3-H02,2,1,2
P1878,A02-T2-H04,3,0,2
P1879,A03-T3-H03,2,4,5
P1880,A02-T3-H02,5,1,3
P1881,A02-T2-H01,1,1,2
P1882,A02-T3-H01,2,1,2
P1883,A02-T2-H01,3,0,2
P1884,A03-T2-H01,4,0,2
P1885,A03-T3-H03,3,1,2
P1886,A02-T3-H02,6,0,4
P1887,A01-T3-H01,9,1,3
P1888,A03-T3-H02,5,3,4
P1889,A02-T3-H02,1,1,2
P1890,A03-T2-H01,11,0,2
P1891,A01-T2-H01,10,0,3
P1892,A03-T3-H01,10,2,4
P1893,A01-T3-H01,5,1,2
P1894,A03-T2-H02,1,1,2
P1895,A02-T2-H03,1,0,2
P1896,A01-T3-H02,5,1,3
P1897,A01-T2-H02,7,0,2
P1898,A02-T2-H03,6,1,2
P1899,A01-T3-H01,1,3,4
P1900,A02-T2-H02,9,0,2
P1901,A01-T3-H01,2,1,2
P1902,A01-T2-H03,9,0,1
P1903,A02-T2-H03,1,2,3
P1904,A02-T3-H01,2,0,1
P1905,A02-T2-H03,6,0,1
P1906,A02-T2-H01,2,0,1
P1907,A01-T1-H03,1,0,2
P1908,A03-T2-H01,1,0,2
P1909,A03-T3-H03,11,1,2
P1910,A01-T2-H01,9,0,1
P1911,A03-T2-H01,3,1,3
P1912,A03-T3-H01,11,1,2
P1913,A03-T3-H03,3,0,1
P1914,A03-T2-H02,14,2,3
P1915,A02-T3-H01,2,1,2
P1916,A02-T3-H01,3,0,2
P1917,A01-T3-H02,1,4,5
P1918,A03-T3-H03,4,1,2
P1919,A02-T2-H04,3,0,2
P1920,A01-T2-H01,6,1,2
P1921,A02-T3-H02,2,0,2
P1922,A03-T3-H01,10,1,2
P1923,A02-T2-H03,3,2,3
P1924,A02-T2-H01,6,1,2
P1925,A03-T3-H02,5,1,5
P1926,A03-T2-H02,5,0,2
P1927,A02-T2-H01,3,2,3
P1928,A03-T3-H03,10,1,2
P1929,A01-T3-H01,9,1,3
P1930,A01-T3-H02,3,3,4
P1931,A03-T3-H01,2,1,2
P1932,A03-T3-H01,14,1,2
P1933,A01-T2-H03,1,0,1
P1934,A03-T2-H01,3,1,3
P1935,A02-T2-H02,2,2,3
P1936,A03-T3-H01,3,0,1
P1937,A01-T2-H01,3,2,3
P1938,A02-T2-H02,4,1,5
P1939,A01-T2-H01,3,2,3
P1940,A02-T2-H02,3,0,2
P1941,A03-T3-H01,15,1,2
P1942,A03-T3-H01,1,1,2
P1943,A01-T2-H01,6,5,6
P1944,A03-T3-H01,7,0,3
P1945,A02-T2-H03,3,0,2
P1946,A01-T3-H02,4,1,2
P1947,A03-T3-H02,9,2,3
P1948,A03-T3-H03,5,0,1
P1949,A01-T2-H02,3,0,3
P1950,A03-备用-09,2,2,3
P1951,A01-T3-H02,3,1,2
P1952,A03-T2-H01,1,3,6
P1953,A03-T2-H01,8,2,3
P1954,A01-T3-H01,4,0,1
P1955,A02-T2-H02,6,2,3
P1956,A02-T1-H01,5,0,2
P1957,A02-T2-H03,3,2,3
P1958,A02-T3-H01,9,1,3
P1959,A03-T3-H02,4,0,2
P1960,A03-T3-H02,7,0,1
P1961,A01-T3-H01,1,3,4
P1962,A03-T2-H01,14,0,2
P1963,A03-T3-H01,2,1,2
P1964,A02-T3-H02,9,2,5
P1965,A03-T3-H01,8,1,3
P1966,A02-T2-H03,5,2,3
P1967,A03-T2-H01,5,5,6
P1968,A01-T3-H01,3,0,1
P1969,A03-T3-H01,3,0,1
P1970,A01-T1-H02,5,1,4
P1971,A01-T2-H03,4,2,3
P1972,A01-T1-H01,5,2,3
P1973,A02-T2-H02,8,1,2
P1974,A01-T3-H01,5,3,4
P1975,A03-T2-H03,7,1,2
P1976,A03-T2-H01,5,5,6
P1977,A03-T3-H03,1,2,3
P1978,A03-T3-H03,1,0,2
P1979,A02-T3-H01,7,2,3
P1980,A03-T3-H01,5,4,5
P1981,A03-T2-H03,2,0,2
P1982,A02-T2-H03,1,0,2
P1983,A01-T2-H02,1,2,3
P1984,A02-T2-H03,2,0,1
P1985,A02-T2-H04,6,3,6
P1986,A03-T3-H03,2,4,5
P1987,A02-T3-H01,9,0,1
P1988,A02-T2-H01,10,0,2
P1989,A03-T3-H03,5,1,3
P1990,A02-T2-H01,2,1,3
P1991,A02-T3-H01,6,0,1
P1992,A01-T2-H03,3,0,2
P1993,A01-T1-H01,3,1,3
P1994,A02-T3-H01,3,0,2
P1995,A03-T2-H02,9,2,4
P1996,A02-T1-H02,2,2,3
P1997,A01-T3-H02,2,1,2
P1998,A02-T2-H03,7,2,3
P1999,A01-T3-H01,1,1,4
P2000,A02-T2-H03,4,2,3
P2001,A01-T2-H02,9,2,3
P2002,A03-T3-H03,10,4,5
P2003,A01-T1-H01,9,2,4
P2004,A03-T3-H01,11,2,4
P2005,A01-T3-H01,5,1,2
P2006,A01-T3-H01,7,2,3
P2007,A02-T2-H03,7,2,3
P2008,A02-T2-H03,8,1,2
P2009,A02-T2-H02,9,2,6
P2010,A02-T2-H01,9,2,3
P2011,A01-T3-H01,7,2,3
P2012,A03-T3-H02,10,2,3
P2013,A02-T3-H01,1,1,3
P2014,A01-T3-H01,7,2,3
P2015,A02-T2-H01,13,1,3
P2016,A02-T2-H01,5,1,2
P2017,A03-T3-H01,7,0,3
P2018,A02-T3-H01,3,0,2
P2019,A03-T3-H02,9,2,3
P2020,A03-T3-H01,4,1,5
P2021,A01-T2-H01,9,1,2
P2022,A03-T2-H01,8,0,2
P2023,A03-T2-H01,2,0,4
P2024,A01-T3-H01,1,0,1
P2025,A03-T3-H01,5,3,4
P2026,A02-T2-H01,5,0,1
P2027,A01-T2-H03,1,0,1
P2028,A01-T3-H01,1,0,1
P2029,A03-T3-H03,5,1,3
P2030,A01-T3-H01,1,0,1
P2031,A03-T3-H01,8,0,1
P2032,A02-T3-H01,9,0,1
P2033,A02-T2-H01,5,1,2
P2034,A02-T2-H03,8,0,1
P2035,A01-T2-H03,2,2,4
P2036,A03-T2-H01,5,0,4
P2037,A03-T3-H01,7,0,3
P2038,A02-T3-H01,9,0,1
P2039,A01-T2-H02,8,0,1
P2040,A01-T2-H01,1,3,5
P2041,A01-T3-H01,7,0,1
P2042,A02-T3-H01,7,0,2
P2043,A01-T3-H01,3,0,3
P2044,A01-T2-H02,7,0,2
P2045,A03-T3-H02,1,0,1
P2046,A03-T3-H01,4,4,5
P2047,A03-T3-H01,2,0,1
P2048,A03-T3-H02,1,0,1
P2049,A01-T2-H03,5,2,3
P2050,A03-T3-H01,10,1,2
P2051,A02-T3-H02,10,0,1
P2052,A02-T2-H03,5,2,3
P2053,A02-T2-H01,2,1,3
P2054,A01-T1-H01,2,1,3
P2055,A02-T2-H01,3,0,2
P2056,A02-T2-H03,7,0,2
P2057,A02-T2-H03,8,0,1
P2058,A03-T3-H02,1,0,1
P2059,A03-T2-H01,14,0,2
P2060,A01-T2-H03,7,1,3
P2061,A01-T2-H02,7,0,2
P2062,A01-T2-H03,1,0,1
P2063,A03-T3-H02,1,1,2
P2064,A03-T2-H01,4,0,2
P2065,A02-T2-H02,7,0,2
P2066,A01-T2-H01,4,1,3
P2067,A01-T2-H01,5,2,3
P2068,A02-T2-H03,2,1,4
P2069,A02-T3-H02,9,1,3
P2070,A03-T3-H02,2,1,2
P2071,A01-T1-H01,6,2,3
P2072,A02-T3-H02,9,1,3
P2073,A02-T2-H01,9,2,3
P2074,A01-T2-H02,9,1,3
P2075,A02-T2-H04,2,3,4
P2076,A02-T2-H01,2,0,1
P2077,A01-T2-H03,2,0,1
P2078,A02-T3-H02,9,0,2
P2079,A02-T2-H04,6,0,3
P2080,A01-T2-H03,9,2,3
P2081,A01-T2-H03,7,1,3
P2082,A01-T2-H02,6,1,6
P2083,A01-T2-H01,3,2,3
P2084,A02-T2-H01,1,1,2
P2085,A02-T2-H01,13,1,3
P2086,A02-T2-H01,5,0,1
P2087,A03-T3-H02,5,1,5
P2088,A02-T2-H02,10,0,1
P2089,A02-T2-H02,8,1,2
P2090,A01-T1-H02,2,1,2
P2091,A01-T2-H03,9,0,2
P2092,A01-T3-H01,8,1,2
P2093,A03-T3-H01,8,0,1
P2094,A03-T2-H01,1,0,2
P2095,A03-T2-H02,14,2,3
P2096,A01-T2-H01,9,0,1
P2097,A02-T2-H03,7,0,2
P2098,A02-T2-H01,5,0,1
P2099,A02-T3-H02,3,3,4
P2100,A01-T1-H01,3,1,3
P2101,A02-T2-H04,3,0,2
P2102,A01-T1-H02,1,0,3
P2103,A02-T2-H01,1,0,1
P2104,A02-T2-H02,3,0,2
P2105,A03-T2-H01,8,0,2
P2106,A01-T2-H03,2,0,1
P2107,A01-T3-H01,6,1,2
P2108,A03-T2-H03,2,2,3
P2109,A02-T3-H02,1,1,2
P2110,A03-T2-H03,2,0,2
P2111,A03-T2-H02,14,0,2
P2112,A01-T1-H03,4,2,4
P2113,A02-T3-H02,3,1,6
P2114,A02-T2-H04,4,1,2
P2115,A03-T3-H01,4,4,5
P2116,A02-T2-H04,6,0,3
P2117,A03-T2-H02,1,3,4
P2118,A03-T3-H03,10,4,5
P2119,A01-T3-H01,9,0,1
P2120,A01-T2-H03,9,0,1
P2121,A03-T2-H02,4,1,2
P2122,A03-T2-H02,4,0,5
P2123,A02-T2-H01,6,1,2
P2124,A02-T2-H02,9,2,6
P2125,A02-T1-H01,6,1,2
P2126,A02-T1-H01,5,2,3
P2127,A01-T2-H03,9,0,1
P2128,A03-T3-H03,7,1,2
P2129,A03-T2-H02,8,0,1
P2130,A02-T2-H02,6,2,3
P2131,A01-T2-H01,3,0,2
P2132,A02-T2-H01,5,1,2
P2133,A01-T2-H02,5,1,2
P2134,A02-T2-H02,1,1,3
P2135,A03-T3-H01,15,1,2
P2136,A03-T2-H01,3,1,3
P2137,A01-T2-H01,12,0,2
P2138,A03-T2-H02,14,0,2
P2139,A01-T2-H02,9,0,2
P2140,A02-T2-H01,10,2,4
P2141,A03-T3-H03,5,1,3
P2142,A03-T3-H01,15,1,2
P2143,A02-T2-H01,13,0,1
P2144,A03-T3-H01,5,3,4
P2145,A03-T2-H02,14,0,2
P2146,A02-T2-H02,8,1,2
P2147,A03-T2-H03,2,2,3
P2148,A02-T3-H02,9,1,3
P2149,A01-T3-H02,2,1,2
P2150,A01-T3-H02,3,3,4
P2151,A03-T3-H02,3,1,2
P2152,A01-T2-H02,5,0,1
P2153,A02-T2-H03,2,3,4
P2154,A03-T3-H03,3,0,1
P2155,A02-T2-H02,6,2,3
P2156,A03-备用-10,1,0,2
P2157,A02-T2-H02,3,0,2
P2158,A03-T3-H01,15,1,2
P2159,A03-T3-H01,3,0,1
P2160,A02-T3-H02,1,1,2
P2161,A03-T3-H03,7,1,2
P2162,A02-T3-H01,6,1,2
P2163,A01-T2-H02,3,0,3
P2164,A01-T1-H02,2,1,2
P2165,A01-T2-H03,1,0,1
P2166,A03-T2-H02,6,0,2
P2167,A03-T3-H01,5,3,4
P2168,A01-T2-H03,4,2,3
P2169,A03-T3-H02,7,1,2
P2170,A02-T3-H01,5,3,6
P2171,A02-T2-H01,3,0,2
P2172,A02-T2-H02,8,0,1
P2173,A01-T2-H03,5,0,1
P2174,A03-T2-H02,4,3,6
P2175,A03-T2-H02,3,3,4
P2176,A03-T3-H02,1,2,4
P2177,A01-T2-H03,4,2,3
P2178,A03-T2-H02,9,0,2
P2179,A02-T2-H01,13,1,3
P2180,A02-T2-H02,3,2,3
P2181,A02-T3-H01,5,1,2
P2182,A02-T3-H01,3,2,3
P2183,A01-T3-H02,1,0,1
P2184,A02-T2-H02,9,3,4
P2185,A01-T2-H01,12,0,1
P2186,A03-T3-H02,4,0,3
P2187,A03-T2-H02,1,1,2
P2188,A01-T2-H01,4,1,3
P2189,A01-T3-H02,4,1,2
P2190,A02-T3-H01,4,2,3
P2191,A01-T1-H03,1,2,3
P2192,A01-T2-H01,12,0,1
P2193,A01-T2-H02,4,3,4
P2194,A03-T3-H02,5,0,2
P2195,A02-T2-H03,6,0,1
P2196,A02-T2-H01,1,1,2
P2197,A01-T1-H03,1,2,3
P2198,A03-T2-H02,3,0,2
P2199,A03-T2-H01,8,2,3
P2200,A03-T3-H01,2,1,2
P2201,A02-T2-H01,8,2,4
P2202,A01-T2-H03,1,0,1
P2203,A02-T2-H03,3,2,3
P2204,A02-T3-H01,7,2,3
P2205,A02-T2-H04,3,2,3
P2206,A03-T2-H01,5,0,2
P2207,A01-T2-H02,5,0,1
P2208,A01-T3-H02,3,0,1
P2209,A01-T1-H02,5,1,4
P2210,A02-T3-H02,9,1,3
P2211,A03-T2-H01,3,1,3
P2212,A02-T2-H03,5,2,3
P2213,A01-T2-H01,6,4,6
P2214,A02-T3-H01,1,1,3
P2215,A02-T3-H02,6,4,5
P2216,A02-T2-H03,8,0,1
P2217,A03-T2-H02,5,0,2
P2218,A03-T2-H02,5,0,2
P2219,A03-T2-H01,14,2,3
P2220,A03-T2-H03,3,3,4
P2221,A03-T3-H01,15,1,2
P2222,A03-T3-H01,1,1,2
P2223,A03-T2-H01,8,2,3
P2224,A02-T2-H02,8,0,1
P2225,A01-T2-H01,5,2,3
P2226,A02-T2-H03,7,2,3
P2227,A01-T2-H01,7,0,1
P2228,A03-T2-H02,5,0,2
P2229,A01-T2-H02,5,0,1
P2230,A02-T2-H01,2,0,1
P2231,A03-T3-H02,9,2,3
P2232,A02-T2-H02,6,2,3
P2233,A03-T3-H02,4,2,4
P2234,A03-T2-H01,3,1,3
P2235,A01-T3-H01,9,1,3
P2236,A01-T3-H01,5,1,2
P2237,A03-T2-H03,3,3,4
P2238,A01-T3-H01,2,3,4
P2239,A02-T2-H04,6,0,3
P2240,A02-T2-H01,1,1,2
P2241,A02-T3-H02,5,0,1
P2242,A02-T2-H03,2,1,2
P2243,A02-T3-H01,7,0,2
P2244,A01-T2-H03,5,2,3
P2245,A03-T3-H02,2,1,2
P2246,A01-T2-H01,12,2,3
P2247,A03-T3-H03,3,1,2
P2248,A02-T2-H03,7,0,1
P2249,A02-T3-H02,6,4,5
P2250,A01-T3-H02,9,0,5
P2251,A02-T2-H02,3,2,3
P2252,A03-T2-H02,11,1,6
P2253,A03-T3-H02,5,0,2
P2254,A02-T2-H04,6,3,6
P2255,A03-T3-H02,14,2,4
P2256,A02-T1-H01,3,1,2
P2257,A02-T2-H03,4,0,1
P2258,A02-T3-H02,10,0,1
P2259,A01-T3-H02,2,1,2
P2260,A01-T1-H01,5,2,3
P2261,A03-T3-H02,5,0,1
P2262,A03-T3-H03,1,0,2
P2263,A03-T3-H02,9,2,3
P2264,A02-T2-H04,5,2,3
P2265,A01-T2-H03,2,0,1
P2266,A01-T2-H01,1,4,5
P2267,A03-T3-H03,11,1,2
P2268,A01-T3-H01,7,1,3
P2269,A01-T3-H01,5,1,2
P2270,A02-T3-H01,4,4,5
P2271,A02-T2-H02,9,1,6
P2272,A02-T3-H02,6,0,2
P2273,A01-T1-H02,5,1,4
P2274,A02-T3-H01,6,0,1
P2275,A03-T3-H02,1,0,1
P2276,A02-T2-H03,6,1,2
P2277,A01-T1-H03,4,2,4
P2278,A01-T3-H01,1,0,3
P2279,A01-T2-H03,9,1,3
P2280,A02-T2-H01,8,2,4
P2281,A03-备用-05,1,1,3
P2282,A03-T3-H01,3,0,1
P2283,A01-T2-H03,7,0,2
P2284,A03-T2-H02,1,3,4
P2285,A02-T2-H01,5,1,2
P2286,A02-T2-H01,5,1,2
P2287,A02-T2-H03,1,0,1
P2288,A01-T2-H01,5,2,3
P2289,A03-T3-H02,1,1,2
P2290,A02-T2-H01,12,1,2
P2291,A03-T3-H02,5,0,1
P2292,A02-T2-H01,13,0,1
P2293,A02-T3-H01,7,0,2
P2294,A02-T2-H02,3,0,2
P2295,A01-T3-H01,8,0,1
P2296,A03-T3-H02,3,1,2
P2297,A03-T3-H02,2,1,2
P2298,A02-T2-H03,4,2,3
P2299,A01-T3-H01,7,2,3
P2300,A02-T3-H02,5,1,3
P2301,A02-T2-H01,1,0,1
P2302,A03-T2-H02,14,2,3
P2303,A01-T3-H02,1,4,5
P2304,A01-T2-H01,6,4,6
P2305,A03-T2-H02,6,2,3
P2306,A01-T3-H01,8,1,2
P2307,A01-T2-H01,6,4,6
P2308,A03-T3-H03,10,4,5
P2309,A01-T2-H02,5,0,1
P2310,A01-T2-H02,7,2,3
P2311,A01-T3-H01,5,1,2
P2312,A02-T3-H01,6,1,2
P2313,A01-T3-H01,2,3,4
P2314,A02-T2-H01,2,0,1
P2315,A03-备用-11,1,0,2
P2316,A01-T2-H01,8,2,3
P2317,A02-T2-H03,2,0,1
P2318,A01-T3-H01,4,0,1
P2319,A03-T2-H03,1,2,6
P2320,A03-T3-H02,3,1,2
P2321,A03-T2-H02,3,0,2
P2322,A03-T3-H03,10,3,6
P2323,A02-T3-H02,5,0,1
P2324,A03-T3-H02,1,2,4
P2325,A02-T2-H01,8,2,4
P2326,A01-T2-H02,8,0,1
P2327,A03-T3-H02,7,1,2
P2328,A03-T3-H03,10,4,5
P2329,A01-T2-H02,5,1,2
P2330,A03-T3-H02,14,0,2
P2331,A03-T2-H02,14,0,2
P2332,A02-T2-H03,1,2,5
P2333,A02-T3-H02,10,0,1
P2334,A01-T2-H01,9,0,1
P2335,A03-T2-H02,4,3,6
P2336,A01-T1-H03,1,0,2
P2337,A01-T1-H02,2,1,2
P2338,A03-T2-H02,5,2,3
P2339,A01-T3-H01,7,0,2
P2340,A03-T3-H02,4,2,4
P2341,A01-T3-H02,1,4,5
P2342,A01-T3-H01,5,1,2
P2343,A01-T2-H03,3,0,2
P2344,A01-T3-H01,7,2,3
P2345,A03-T3-H02,3,1,2
P2346,A02-T3-H01,2,0,1
P2347,A02-T3-H02,6,0,4
P2348,A01-T2-H01,6,4,6
P2349,A03-T3-H03,1,2,3
P2350,A03-T3-H03,1,2,3
P2351,A02-T2-H02,3,0,2
P2352,A03-T3-H02,5,3,4
P2353,A02-T3-H01,3,2,3
P2354,A02-T2-H01,13,1,3
P2355,A02-T2-H02,8,0,1
P2356,A01-T2-H01,2,1,3
P2357,A03-T2-H02,1,3,4
P2358,A02-T3-H01,6,0,1
P2359,A03-T3-H01,7,0,3
P2360,A01-T2-H02,1,2,3
P2361,A02-T3-H02,10,1,6
P2362,A01-T3-H02,1,0,1
P2363,A01-T2-H01,10,1,4
P2364,A03-T3-H03,2,0,2
P2365,A03-T3-H02,9,0,2
P2366,A02-T3-H02,5,1,3
P2367,A01-T3-H01,6,1,2
P2368,A01-T2-H01,3,0,2
P2369,A03-T3-H03,10,0,3
P2370,A01-T3-H01,5,1,2
P2371,A01-T2-H02,7,2,3
P2372,A01-T2-H02,1,0,1
P2373,A03-T2-H01,14,2,3
P2374,A03-T2-H01,1,0,2
P2375,A02-T3-H02,5,1,3
P2376,A02-T2-H03,2,3,4
P2377,A03-T3-H02,4,2,4
P2378,A03-T2-H02,14,0,2
P2379,A03-T3-H02,1,1,2
P2380,A03-T2-H02,14,2,3
P2381,A03-T3-H02,1,2,4
P2382,A02-T2-H01,8,0,1
P2383,A01-T1-H01,9,2,4
P2384,A01-T2-H02,4,3,4
P2385,A03-T3-H02,3,1,2
P2386,A03-T2-H01,1,0,2
P2387,A02-T3-H02,1,1,2
P2388,A01-T2-H02,4,4,5
P2389,A02-T2-H04,5,0,2
P2390,A02-T2-H01,13,1,3
P2391,A03-T3-H03,1,2,3
P2392,A02-T3-H02,9,1,3
P2393,A02-T3-H02,10,0,1
P2394,A02-T2-H02,2,2,3
P2395,A03-T2-H01,8,0,2
P2396,A03-备用-12,1,0,2
P2397,A02-T2-H03,3,0,2
P2398,A03-T3-H03,1,3,4
P2399,A02-T2-H01,13,1,3
P2400,A01-T2-H03,6,0,1
P2401,A02-T3-H01,6,0,1
P2402,A03-T2-H02,14,2,3
P2403,A03-T3-H03,1,3,4
P2404,A01-T2-H03,7,1,3
P2405,A03-T3-H03,1,3,4
P2406,A03-T2-H02,8,1,3
P2407,A02-T2-H01,4,0,2
P2408,A02-T2-H02,2,0,2
P2409,A01-T3-H01,4,0,1
P2410,A01-T2-H03,4,0,1
P2411,A03-T2-H01,14,2,3
P2412,A01-T3-H02,5,1,3
P2413,A02-T2-H02,4,0,3
P2414,A01-T2-H02,5,1,2
P2415,A01-T2-H02,3,0,3
P2416,A01-T2-H01,1,0,1
P2417,A02-T2-H01,13,1,3
P2418,A02-T3-H01,5,3,6
P2419,A03-T2-H01,8,0,2
P2420,A02-T2-H04,4,1,2
P2421,A02-T2-H03,6,1,2
P2422,A02-T2-H03,7,0,2
P2423,A03-T3-H02,1,2,4
P2424,A01-T3-H01,2,3,4
P2425,A02-T3-H02,10,0,1
P2426,A02-T3-H01,2,0,1
P2427,A03-T3-H03,5,1,3
P2428,A01-T3-H01,2,1,2
P2429,A02-T2-H01,7,0,1
P2430,A02-T2-H02,10,1,2
P2431,A03-T3-H02,4,2,4
P2432,A02-T2-H04,4,0,1
P2433,A02-T2-H01,3,0,1
P2434,A01-T3-H02,10,1,3
P2435,A02-T2-H02,3,0,2
P2436,A01-T2-H03,3,2,3
P2437,A01-T1-H01,3,1,3
P2438,A02-T2-H02,2,2,3
P2439,A02-T3-H01,7,2,3
P2440,A02-T2-H01,10,0,2
P2441,A02-T1-H01,6,1,2
P2442,A03-T2-H01,5,0,2
P2443,A01-T2-H01,8,2,3
P2444,A01-T3-H02,1,4,5
P2445,A01-T2-H02,4,3,4
P2446,A03-T2-H02,6,0,2
P2447,A01-T2-H03,9,0,1
P2448,A03-T3-H02,1,0,1
P2449,A03-T2-H02,1,3,4
P2450,A03-T3-H02,5,0,1
P2451,A01-T3-H02,3,3,4
P2452,A03-T2-H02,11,1,6
P2453,A02-T2-H01,5,0,1
P2454,A01-T3-H01,4,1,3
P2455,A02-T3-H02,5,1,3
P2456,A02-T2-H02,3,0,2
P2457,A02-T2-H04,5,0,2
P2458,A01-T3-H01,9,1,3
P2459,A03-T3-H03,7,1,2
P2460,A01-T3-H01,4,1,3
P2461,A01-T3-H02,3,1,2
P2462,A02-T2-H02,9,0,2
P2463,A01-T2-H02,7,0,2
P2464,A01-T2-H03,3,0,2
P2465,A01-T3-H01,9,1,3
P2466,A02-T2-H04,5,0,2
P2467,A01-T1-H01,5,2,3
P2468,A02-T3-H02,2,1,2
P2469,A02-T2-H01,7,0,1
P2470,A01-T2-H03,2,0,2
P2471,A02-T3-H02,2,0,2
P2472,A01-T2-H01,7,0,1
P2473,A02-T2-H03,5,2,3
P2474,A03-T3-H01,6,0,2
P2475,A03-T2-H01,11,2,3
P2476,A02-T2-H02,1,1,3
P2477,A03-T2-H01,5,0,2
P2478,A03-T3-H02,2,1,2
P2479,A01-T2-H02,4,3,4
P2480,A03-T3-H03,5,1,3
P2481,A03-T3-H03,10,0,3
P2482,A02-T2-H01,7,1,2
P2483,A01-T2-H03,4,2,3
P2484,A02-T2-H03,4,2,3
P2485,A03-T2-H01,4,0,2
P2486,A02-T2-H03,6,1,2
P2487,A01-T3-H02,1,0,1
P2488,A02-T2-H02,5,0,2
P2489,A01-T2-H02,9,1,3
P2490,A03-T3-H01,3,0,1
P2491,A01-T2-H02,5,1,2
P2492,A03-T3-H02,4,3,4
P2493,A02-T2-H03,7,0,2
P2494,A02-T2-H01,12,1,2
P2495,A01-T3-H01,7,0,1
P2496,A01-T2-H03,3,2,3
P2497,A03-T3-H03,4,1,2
P2498,A02-T2-H03,5,2,3
P2499,A01-T2-H02,5,0,1
P2500,A03-T3-H02,4,0,3
P2501,A02-T2-H01,2,1,3
P2502,A01-T2-H01,9,1,2
P2503,,,,
P2504,A01-T2-H03,7,1,3
P2505,A03-T3-H01,11,1,2
P2506,A01-T3-H01,9,0,1
P2507,A01-T2-H01,1,4,5
P2508,A03-T3-H02,5,1,5
P2509,A01-T2-H03,1,1,2
P2510,A01-T1-H03,4,2,4
P2511,A03-T2-H02,6,2,3
P2512,A01-T2-H03,9,0,1
P2513,A03-T2-H02,6,2,3
P2514,A02-T2-H02,1,0,1
P2515,A03-T3-H01,11,2,4
P2516,A03-T3-H03,2,4,5
P2517,A02-T2-H01,1,0,1
P2518,A02-T2-H03,6,0,1
P2519,A03-T2-H02,1,3,4
P2520,A01-T2-H02,1,2,3
P2521,A03-T3-H01,8,0,1
P2522,A03-备用-13,1,1,2
P2523,A01-T3-H01,4,1,3
P2524,A02-T2-H01,1,1,2
P2525,A02-T2-H04,5,2,3
P2526,A01-T2-H03,9,2,3
P2527,A03-T3-H01,15,0,1
P2528,A03-T2-H01,11,2,3
P2529,A02-T3-H02,5,1,3
P2530,A02-T2-H01,7,1,2
P2531,A03-T3-H02,1,0,1
P2532,A02-T2-H02,9,1,6
P2533,A02-T2-H02,3,2,3
P2534,A01-T2-H01,5,2,3
P2535,A02-T2-H03,6,0,1
P2536,A02-T2-H04,5,0,2
P2537,A01-T2-H02,8,0,1
P2538,A03-T2-H02,1,0,1
P2539,A01-T2-H01,12,2,3
P2540,A01-T2-H01,9,0,1
P2541,A01-T3-H02,1,4,5
P2542,A01-T2-H03,2,2,4
P2543,A02-T2-H01,7,0,1
P2544,A03-T3-H03,3,0,1
P2545,A02-T2-H04,2,3,4
P2546,A01-T2-H02,9,1,3
P2547,A02-T2-H03,8,1,2
P2548,A02-T3-H01,2,0,1
P2549,A01-T2-H03,2,0,1
P2550,A02-T1-H01,6,1,2
P2551,A01-T3-H02,1,0,1
P2552,A02-T3-H02,6,2,5
P2553,,,,
P2554,A01-T2-H02,9,1,3
P2555,A03-T2-H02,11,0,1
P2556,A03-T3-H03,2,4,5
P2557,A02-T2-H02,9,1,6
P2558,A03-T2-H02,5,0,2
P2559,A02-T2-H02,6,2,3
P2560,A01-T3-H01,8,1,2
P2561,A01-T3-H02,4,0,1
P2562,A03-T2-H02,5,0,2
P2563,A03-T3-H02,2,1,2
P2564,A02-T3-H01,2,0,1
P2565,A01-T3-H01,8,1,2
P2566,A01-T2-H02,6,5,6
P2567,A02-T2-H02,4,1,5
P2568,A02-T2-H02,2,2,3
P2569,A03-备用-14,1,2,3
P2570,A02-T2-H02,8,1,2
P2571,A02-T3-H01,2,0,1
P2572,A02-T2-H03,6,0,1
P2573,A02-T2-H02,2,0,2
P2574,A03-T2-H01,11,2,3
P2575,A02-T3-H02,6,4,5
P2576,A02-T2-H01,5,1,2
P2577,A01-T2-H01,10,0,3
P2578,A02-T2-H01,8,0,1
P2579,A03-T2-H01,10,1,2
P2580,A02-T2-H02,1,0,1
P2581,A02-T2-H03,5,2,3
P2582,A01-T2-H01,12,2,3
P2583,A03-T2-H02,8,1,3
P2584,A02-T3-H02,3,3,4
P2585,A01-T3-H02,9,5,6
P2586,A01-T3-H01,1,0,2
P2587,A02-T2-H04,1,1,2
P2588,A02-T3-H01,4,2,3
P2589,A02-T2-H02,3,2,3
P2590,A02-T1-H01,5,0,2
P2591,A03-T2-H03,11,3,5
P2592,A03-T3-H03,5,1,3
P2593,A02-T2-H01,13,1,3
P2594,A01-T3-H02,2,1,2
P2595,A01-T3-H01,9,0,1
P2596,A03-T3-H02,1,1,2
P2597,A02-T3-H02,10,0,1
P2598,A02-T2-H01,13,0,1
P2599,A03-T2-H01,11,0,2
P2600,A02-T2-H01,7,1,2
P2601,A01-T3-H01,4,0,1
P2602,A01-T2-H03,4,2,3
P2603,A03-T3-H02,9,2,3
P2604,A03-备用-15,1,0,2
P2605,A01-T1-H01,6,2,3
P2606,A03-T2-H01,2,2,5
P2607,A02-T2-H04,5,2,3
P2608,A02-T3-H01,3,2,3
P2609,A03-T2-H01,5,5,6
P2610,A01-T2-H02,6,5,6
P2611,A03-T3-H03,3,0,1
P2612,A03-T3-H01,4,4,5
P2613,A02-T3-H02,10,3,5
P2614,A02-T2-H02,5,0,1
P2615,A01-T3-H02,9,0,5
P2616,A02-T2-H03,4,2,3
P2617,A02-T1-H01,5,0,2
P2618,A03-T2-H02,6,0,2
P2619,A03-T2-H03,3,0,2
P2620,A02-T3-H01,7,0,2
P2621,A03-T3-H03,10,2,6
P2622,A02-T2-H01,1,4,6
P2623,A01-T3-H02,9,1,3
P2624,A02-T3-H01,5,1,2
P2625,A01-T3-H01,9,0,1
P2626,A02-T2-H04,2,3,4
P2627,A02-T2-H01,3,0,2
P2628,A02-T2-H02,8,1,2
P2629,A01-T2-H01,11,4,5
P2630,A03-T2-H02,14,2,3
P2631,A02-T3-H02,10,3,5
P2632,A01-T3-H01,3,0,1
P2633,A02-T3-H01,9,0,1
P2634,A03-T3-H03,1,2,3
P2635,A01-T2-H03,4,2,3
P2636,A03-T2-H01,5,0,2
P2637,A02-T2-H04,6,0,4
P2638,A03-T3-H01,10,2,4
P2639,A03-T2-H02,4,3,6
P2640,A03-T3-H03,1,3,4
P2641,A01-T2-H03,1,1,2
P2642,A02-T2-H02,8,0,1
P2643,A03-T3-H01,2,0,1
P2644,A02-T2-H03,4,0,1
P2645,A03-T3-H01,4,4,5
P2646,A02-T2-H03,4,2,3
P2647,A03-T3-H02,4,0,2
P2648,A03-T2-H01,5,0,2
P2649,A03-T2-H02,6,0,2
P2650,A03-T2-H02,9,0,2
P2651,A01-T2-H02,6,1,6
P2652,A02-T2-H02,1,1,3
P2653,A02-T2-H02,8,1,2
P2654,A03-T3-H02,9,0,2
P2655,A03-T2-H03,1,2,6
P2656,A01-T2-H01,9,1,2
P2657,A02-T2-H01,7,0,1
P2658,A01-T2-H02,6,5,6
P2659,A03-T3-H02,9,2,3
P2660,A02-T2-H02,1,1,3
P2661,A01-T2-H03,1,0,1
P2662,A01-T1-H01,2,1,3
P2663,A03-T3-H02,2,0,1
P2664,A01-T3-H01,5,1,4
P2665,A01-T3-H01,9,0,1
P2666,A03-T3-H01,11,1,2
P2667,A03-T3-H02,7,0,1
P2668,A01-T2-H01,9,1,2
P2669,A01-T3-H02,1,0,1
P2670,A02-T2-H02,6,2,3
P2671,A03-T3-H03,11,1,2
P2672,A03-T3-H03,10,0,2
P2673,A02-T3-H02,5,1,3
P2674,A03-T3-H01,2,0,1
P2675,A02-T3-H02,5,0,1
P2676,A01-T3-H02,10,1,3
P2677,A03-T3-H01,15,0,1
P2678,A02-T2-H03,6,0,1
P2679,A03-T3-H01,15,1,2
P2680,A02-T2-H04,2,3,4
P2681,A02-T2-H02,3,0,2
P2682,A01-T2-H02,9,0,2
P2683,A02-T2-H04,3,0,2
P2684,A01-T2-H03,4,1,5
P2685,A03-T2-H02,1,3,4
P2686,A01-T2-H01,4,1,3
P2687,A03-T3-H03,5,1,3
P2688,A01-T2-H03,4,0,1
P2689,A02-T2-H02,10,0,1
P2690,A02-T2-H03,1,2,3
P2691,A01-T3-H02,9,0,2
P2692,A03-T2-H01,8,0,2
P2693,A01-T1-H03,2,1,3
P2694,A01-T3-H02,5,1,3
P2695,A01-T2-H02,2,0,1
P2696,A01-T1-H01,5,2,3
P2697,A02-T2-H02,9,1,6
P2698,A01-T2-H01,3,0,2
P2699,A03-T2-H03,2,2,3
P2700,A03-备用-16,1,0,2
P2701,A02-T3-H01,5,1,2
P2702,A01-T3-H01,9,0,1
P2703,A01-T3-H02,4,1,2
P2704,A01-T3-H01,5,1,2
P2705,A02-T2-H04,1,1,2
P2706,A01-T3-H01,2,1,2
P2707,A03-T3-H03,1,3,4
P2708,A03-T3-H02,2,1,2
P2709,A03-T3-H03,1,3,4
P2710,A02-T2-H02,2,0,2
P2711,A02-T2-H03,4,0,2
P2712,A03-T3-H03,10,0,3
P2713,A03-T3-H02,3,1,2
P2714,A03-T2-H01,14,2,3
P2715,A01-T3-H01,9,0,1
P2716,A01-T3-H02,1,0,1
P2717,A01-T3-H01,4,0,1
P2718,A01-T1-H02,1,0,3
P2719,A01-T2-H02,6,0,1
P2720,A01-T2-H02,3,0,3
P2721,A03-T2-H02,6,0,2
P2722,A02-T2-H01,7,0,1
P2723,A01-T3-H01,9,0,1
P2724,A01-T3-H01,9,0,1
P2725,A01-T2-H01,9,0,1
P2726,A03-T2-H01,14,0,2
P2727,A03-T2-H01,1,0,2
P2728,A03-T3-H03,10,4,5
P2729,A01-T2-H01,1,4,5
P2730,A03-T3-H01,8,0,1
P2731,A01-T2-H01,12,0,1
P2732,A01-T2-H03,2,2,4
P2733,A02-T2-H03,7,2,3
P2734,A02-T2-H01,10,2,4
P2735,A02-T2-H01,4,2,3
P2736,A01-T2-H01,7,0,1
P2737,A03-T2-H02,7,1,3
P2738,A01-T2-H01,10,0,1
P2739,A02-T2-H02,1,1,3
P2740,A01-T3-H02,2,1,2
P2741,A01-T3-H02,9,0,2
P2742,A03-T3-H01,3,0,1
P2743,A03-备用-17,1,0,2
P2744,A02-T3-H01,6,1,2
P2745,A01-T2-H03,2,2,4
P2746,A03-T2-H02,11,0,1
P2747,A02-T1-H01,6,1,2
P2748,A01-T3-H01,3,2,4
P2749,A02-T3-H01,1,1,3
P2750,A01-T2-H01,9,1,2
P2751,A03-T3-H01,4,0,1
P2752,A02-T2-H04,6,3,6
P2753,A01-T3-H02,9,0,2
P2754,A01-T3-H02,2,1,2
P2755,A03-T2-H02,5,2,3
P2756,A02-T2-H01,9,2,3
P2757,A02-T3-H01,5,3,6
P2758,A03-T2-H02,7,1,3
P2759,A03-T3-H02,4,0,2
P2760,,,,
P2761,A02-T3-H01,7,2,3
P2762,A02-T2-H02,1,1,3
P2763,A03-T3-H01,5,3,4
P2764,A01-T3-H01,7,0,1
P2765,A02-T3-H01,5,1,2
P2766,A03-T3-H03,5,0,1
P2767,A01-T3-H02,4,0,1
P2768,A01-T3-H01,7,0,1
P2769,A02-T2-H01,4,0,2
P2770,A01-T2-H03,1,1,2
P2771,A02-T3-H01,6,0,1
P2772,A03-T2-H01,8,2,3
P2773,A03-T2-H01,11,2,3
P2774,A01-T1-H01,6,2,3
P2775,A03-T2-H01,1,0,2
P2776,A03-T2-H03,3,0,2
P2777,A01-T3-H02,4,1,2
P2778,A02-T3-H01,7,0,2
P2779,A03-T3-H01,8,0,1
P2780,A01-T2-H03,4,1,5
P2781,A03-T2-H01,2,2,5
P2782,A03-T3-H02,14,0,2
P2783,A03-T3-H02,7,0,1
P2784,A01-T2-H02,5,1,2
P2785,A03-T2-H02,14,0,2
P2786,A03-T3-H01,8,0,1
P2787,A03-T3-H01,7,0,3
P2788,A02-T2-H01,5,1,2
P2789,A01-T2-H02,9,0,2
P2790,A02-T2-H01,2,0,1
P2791,A02-T3-H02,3,0,1
P2792,A02-T2-H03,3,2,3
P2793,A01-T3-H02,1,0,1
P2794,A01-T2-H02,3,0,3
P2795,A02-T2-H01,6,1,2
P2796,A02-T1-H01,5,0,2
P2797,A02-T2-H01,12,1,2
P2798,A03-T2-H01,5,5,6
P2799,A03-T3-H01,3,0,1
P2800,A01-T1-H01,2,1,3
P2801,A03-T2-H01,4,0,2
P2802,A03-T3-H03,1,3,4
P2803,A01-T3-H01,1,3,4
P2804,A03-T3-H02,7,1,2
P2805,A01-T3-H01,8,0,1
P2806,,,,
P2807,A01-T2-H02,7,0,2
P2808,A02-T2-H03,8,1,2
P2809,A02-T3-H02,10,0,1
P2810,A02-T2-H04,3,0,2
P2811,A01-T2-H01,10,1,4
P2812,A03-T3-H02,5,1,5
P2813,A02-T3-H01,5,1,2
P2814,A02-T3-H01,5,1,2
P2815,A01-T2-H02,2,0,2
P2816,A01-T1-H01,2,1,3
P2817,A03-T3-H01,11,2,4
P2818,A03-T3-H02,5,1,5
P2819,A01-T3-H01,4,0,1
P2820,A02-T2-H04,5,0,2
P2821,A01-T2-H01,5,2,3
P2822,A02-T2-H02,5,0,2
P2823,A01-T3-H02,10,1,3
P2824,A03-T2-H01,11,0,2
P2825,A01-T2-H02,5,0,1
P2826,A02-T2-H04,5,0,2
P2827,A02-T2-H03,2,3,4
P2828,A03-T3-H01,3,0,1
P2829,A01-T3-H01,4,0,1
P2830,A03-T3-H02,15,2,3
P2831,A02-T2-H01,7,0,1
P2832,A03-T3-H01,11,0,1
P2833,A01-T3-H01,1,1,4
P2834,A01-T2-H03,9,2,3
P2835,A03-T3-H03,2,0,2
P2836,A01-T2-H02,9,0,2
P2837,A03-T3-H02,9,0,2
P2838,A02-T2-H02,1,0,1
P2839,A03-T3-H02,14,0,2
P2840,A01-T2-H03,2,0,1
P2841,A03-T2-H01,4,0,2
P2842,A03-T3-H03,10,1,2
P2843,A03-T3-H02,7,0,1
P2844,A01-T3-H02,4,0,1
P2845,A03-T3-H03,4,1,2
P2846,A03-T2-H01,1,0,2
P2847,A03-T2-H02,5,0,2
P2848,A02-T3-H02,6,0,4
P2849,A01-T1-H02,5,1,4
P2850,A03-T3-H01,10,0,1
P2851,A02-T3-H01,9,1,3
P2852,A02-T2-H04,2,3,4
P2853,A02-T3-H01,7,0,2
P2854,A03-T3-H03,10,0,2
P2855,A01-T3-H02,5,1,3
P2856,A03-T2-H02,1,3,4
P2857,A03-T3-H02,1,2,4
P2858,A03-T2-H03,3,0,2
P2859,A01-T3-H02,7,0,2
P2860,A03-T2-H01,14,2,3
P2861,A03-T3-H01,4,4,5
P2862,A02-T3-H02,2,1,2
P2863,A03-T2-H01,11,0,2
P2864,A02-T2-H01,11,0,2
P2865,A03-T3-H03,3,1,2
P2866,A01-T2-H02,8,0,1
P2867,A02-T2-H02,2,0,2
P2868,A01-T2-H01,7,1,2
P2869,A01-T2-H03,2,0,1
P2870,A03-T3-H01,10,1,2
P2871,A03-T2-H02,9,0,2
P2872,A02-T2-H01,1,4,6
P2873,A02-T2-H02,5,0,2
P2874,A02-T2-H01,9,2,3
P2875,A01-T3-H01,4,1,3
P2876,A01-T2-H01,10,0,1
P2877,A02-T2-H01,3,0,2
P2878,A01-T3-H01,3,0,1
P2879,A02-T2-H01,6,1,2
P2880,A01-T3-H01,4,0,1
P2881,A03-T2-H01,1,0,2
P2882,A03-T3-H01,8,1,3
P2883,A01-T2-H02,4,3,4
P2884,A02-T3-H01,4,2,3
P2885,A01-T1-H02,3,0,4
P2886,A03-T3-H01,1,1,2
P2887,A02-T1-H01,3,1,2
P2888,A02-T2-H01,1,4,6
P2889,A03-T3-H01,4,0,1
P2890,A03-T3-H01,15,1,2
P2891,A01-T3-H02,1,4,5
P2892,A03-T2-H01,1,2,6
P2893,A03-T3-H03,10,0,2
P2894,A01-T3-H01,2,1,2
P2895,A02-T2-H01,6,1,2
P2896,A02-T3-H01,7,0,2
P2897,A02-T1-H01,2,2,5
P2898,A01-T2-H01,12,0,1
P2899,A03-T3-H01,5,3,4
P2900,A02-T2-H02,8,0,1
P2901,A03-T3-H03,3,0,1
P2902,A02-T2-H01,10,0,2
P2903,A01-T3-H01,2,3,4
P2904,A02-T2-H03,4,0,1
P2905,A02-T2-H04,5,2,3
P2906,A02-T2-H01,7,1,2
P2907,A02-T2-H01,3,0,1
P2908,A01-T3-H02,4,0,1
P2909,A01-T3-H02,9,5,6
P2910,A01-T2-H01,12,2,3
P2911,A01-T2-H01,5,2,3
P2912,A03-T3-H01,2,0,1
P2913,A03-T3-H01,3,0,1
P2914,A03-T2-H03,3,0,2
P2915,A03-T3-H03,3,1,2
P2916,A01-T2-H01,9,1,2
P2917,A01-T1-H02,5,1,4
P2918,A02-T2-H04,6,3,6
P2919,A03-T2-H01,3,1,3
P2920,A01-T2-H02,4,3,4
P2921,A02-T2-H01,1,4,6
P2922,A03-T2-H02,3,0,2
P2923,A02-T2-H03,6,1,2
P2924,A02-T3-H02,5,1,3
P2925,A02-T2-H03,1,2,3
P2926,A03-T2-H02,5,2,3
P2927,A01-T2-H01,6,5,6
P2928,A01-T2-H01,1,0,1
P2929,A01-T3-H02,3,0,1
P2930,A03-T2-H02,5,0,2
P2931,A03-T3-H01,2,1,2
P2932,A02-T2-H01,3,0,1
P2933,A02-T2-H03,7,0,2
P2934,A02-T1-H01,6,1,2
P2935,A03-T2-H01,1,0,2
P2936,A03-T3-H01,8,1,3
P2937,A02-T2-H01,4,2,3
P2938,A01-T3-H01,4,0,1
P2939,A03-T3-H02,9,0,2
P2940,A02-T2-H04,5,0,2
P2941,A01-T3-H02,3,1,2
P2942,A01-T2-H02,8,0,1
P2943,A02-T2-H01,10,0,2
P2944,A02-T2-H03,4,2,3
P2945,A03-T2-H02,5,0,2
P2946,A01-T2-H02,6,3,4
P2947,A03-T2-H01,6,1,2
P2948,A03-T3-H01,11,2,4
P2949,A02-T2-H04,3,2,3
P2950,A02-T2-H01,12,1,2
P2951,A03-T2-H01,16,1,2
P2952,A01-T3-H01,9,1,3
P2953,A01-T3-H02,4,0,1
P2954,A03-T2-H02,7,1,3
P2955,A02-T3-H02,6,0,4
P2956,A03-T3-H02,5,0,1
P2957,A03-T2-H02,1,1,2
P2958,A02-T3-H01,4,2,3
P2959,A01-T3-H01,9,1,3
P2960,A01-T3-H02,1,4,5
P2961,A02-T2-H04,3,2,3
P2962,A02-T2-H03,5,2,3
P2963,A03-T3-H01,2,1,2
P2964,A03-T2-H03,2,2,3
P2965,A03-T3-H01,8,0,1
P2966,A03-T3-H03,1,0,2
P2967,A02-T3-H01,6,1,2
P2968,A03-T2-H02,6,0,2
P2969,A01-T2-H03,9,0,1
P2970,A03-T2-H02,5,2,3
P2971,A02-T2-H02,2,0,2
P2972,A03-T3-H01,6,0,2
P2973,A03-T2-H02,4,3,6
P2974,A03-T2-H02,8,0,1
P2975,A01-T3-H02,4,1,2
P2976,A02-T3-H02,6,4,5
P2977,A03-T3-H03,1,3,4
P2978,A01-T3-H01,3,0,1
P2979,A03-T3-H02,1,1,2
P2980,A01-T2-H02,7,2,3
P2981,A02-T3-H02,1,1,2
P2982,A01-T2-H02,3,0,3
P2983,A03-T3-H01,11,2,4
P2984,A03-T3-H01,8,0,1
P2985,A01-T3-H02,8,2,3
P2986,A02-T3-H01,3,2,3
P2987,A03-T2-H02,6,2,3
P2988,A02-T3-H02,6,2,5
P2989,A01-T2-H02,6,3,4
P2990,A01-T2-H03,2,0,2
P2991,A01-T2-H02,3,0,3
P2992,A02-T2-H01,5,1,2
P2993,A02-T2-H03,1,2,3
P2994,A01-T1-H01,3,1,3
P2995,A03-T3-H01,8,1,3
P2996,A01-T2-H02,8,0,1
P2997,A03-T3-H02,2,1,2
P2998,A03-T2-H01,11,0,2
P2999,A01-T2-H02,9,0,2
P3000,A01-T1-H01,5,2,3
P3001,A02-T1-H01,6,1,2
P3002,A02-T2-H03,3,0,2
P3003,A02-T2-H01,10,2,4
P3004,A03-T3-H01,2,0,1
P3005,A02-T2-H02,2,2,3
P3006,A01-T3-H01,8,0,1
P3007,A01-T1-H01,6,2,3
P3008,A03-T3-H03,2,0,2
P3009,A02-T2-H03,5,2,3
P3010,A02-T2-H01,8,2,4
P3011,A02-T2-H03,2,1,2
P3012,A02-T2-H02,2,2,3
P3013,A02-T2-H02,2,0,2
P3014,A01-T2-H03,5,2,3
P3015,A02-T3-H01,1,1,3
P3016,A03-T2-H01,3,1,3
P3017,A03-T3-H02,10,2,3
P3018,A02-T2-H04,4,1,2
P3019,A02-T3-H01,6,1,2
P3020,A03-T3-H01,2,1,2
P3021,A02-T2-H04,1,1,2
P3022,A03-T2-H02,1,0,1
P3023,A03-T3-H03,5,0,1
P3024,A03-T3-H03,2,4,5
P3025,A01-T3-H01,1,0,1
P3026,A02-T2-H01,7,0,1
P3027,A03-T2-H03,3,0,2
P3028,A03-T3-H01,5,0,3
P3029,A03-T2-H03,3,3,4
P3030,A03-T3-H02,3,1,2
P3031,A01-T2-H01,5,2,3
P3032,A02-T1-H01,3,1,2
P3033,A01-T3-H02,9,1,3
P3034,A02-T3-H02,1,1,2
P3035,A01-T3-H01,9,1,3
P3036,A02-T3-H01,4,2,3
P3037,A01-T3-H02,1,4,5
P3038,A03-T2-H02,7,1,3
P3039,A01-T3-H02,1,0,1
P3040,A01-T3-H02,1,4,5
P3041,A02-T2-H04,4,0,1
P3042,A02-T2-H01,8,0,1
P3043,A03-T3-H02,4,3,4
P3044,A02-T2-H01,13,0,1
P3045,A01-T3-H02,3,1,2
P3046,A02-T2-H01,6,1,2
P3047,A02-T2-H02,9,1,6
P3048,A03-T3-H01,3,0,1
P3049,A02-T3-H01,3,2,3
P3050,A01-T2-H02,8,0,1
P3051,A03-T2-H02,2,1,3
P3052,A02-T2-H01,12,1,2
P3053,A01-T2-H03,5,0,1
P3054,A03-T2-H02,4,1,2
P3055,A01-T3-H01,9,0,1
P3056,A02-T2-H01,13,1,3
P3057,A03-T2-H02,4,1,2
P3058,A02-T2-H04,3,2,3
P3059,A01-T2-H03,2,2,4
P3060,A02-T2-H03,8,0,1
P3061,A02-T2-H03,2,3,4
P3062,A02-T3-H01,8,0,3
P3063,A01-T2-H02,6,0,1
P3064,A01-T3-H01,9,1,3
P3065,A03-T3-H02,7,1,2
P3066,A02-T2-H02,8,1,2
P3067,A03-T2-H02,6,0,2
P3068,A01-T1-H02,2,1,2
P3069,A03-T3-H02,3,1,2
P3070,A03-T3-H01,11,1,2
P3071,A03-T2-H02,4,3,6
P3072,A02-T3-H01,9,1,3
P3073,A02-T3-H02,3,3,4
P3074,A01-T2-H03,1,0,1
P3075,A01-T2-H03,2,0,1
P3076,A03-备用-06,1,1,2
P3077,A01-T2-H01,1,0,1
P3078,A03-T2-H01,3,1,3
P3079,A02-T2-H01,8,0,1
P3080,A03-T3-H03,7,1,2
P3081,A02-T3-H02,6,4,5
P3082,A03-T2-H02,5,0,2
P3083,A02-T2-H01,8,0,1
P3084,A03-T3-H02,1,0,1
P3085,A03-T3-H02,1,2,4
P3086,A02-T2-H02,1,1,3
P3087,A02-T2-H01,2,0,1
P3088,A01-T1-H02,3,0,4
P3089,A03-T2-H02,9,0,2
P3090,A02-T2-H01,3,0,1
P3091,A01-T1-H01,7,1,2
P3092,A01-T2-H02,7,0,2
P3093,A02-T3-H02,1,0,1
P3094,A03-T3-H03,5,0,1
P3095,A01-T2-H02,5,1,2
P3096,A02-T2-H01,12,0,1
P3097,A01-T2-H02,1,2,3
P3098,A01-T2-H03,9,0,2
P3099,A03-T3-H02,7,1,2
P3100,A01-T2-H02,9,1,3
P3101,A02-T3-H01,6,0,1
P3102,A02-T2-H02,3,2,3
P3103,A03-T3-H01,2,1,2
P3104,A02-T3-H01,6,0,1
P3105,A03-T2-H02,14,0,2
P3106,A02-T2-H03,8,1,2
P3107,A03-T3-H02,4,2,4
P3108,A01-T3-H01,3,0,1
P3109,A02-T3-H01,6,0,1
P3110,A02-T2-H03,1,2,3
P3111,A02-T2-H03,7,2,3
P3112,A01-T2-H02,9,0,2
P3113,A01-T3-H02,1,0,1
P3114,A02-T2-H02,10,0,1
P3115,A03-T3-H01,5,3,4
P3116,A01-T2-H01,9,1,2
P3117,A02-T2-H01,5,0,1
P3118,A01-T3-H01,8,0,1
P3119,A01-T2-H03,5,0,1
P3120,A02-T2-H04,4,0,1
P3121,A02-T3-H02,1,1,2
P3122,,,,
P3123,A02-T2-H03,6,1,2
P3124,A03-T3-H03,10,1,2
P3125,A01-T2-H02,8,0,1
P3126,A03-T3-H03,1,0,1
P3127,A01-T1-H02,5,1,4
P3128,A02-T2-H01,8,1,4
P3129,A03-T2-H01,3,1,3
P3130,A03-T2-H01,11,2,3
P3131,A03-T2-H01,5,5,6
P3132,A01-T3-H01,7,2,3
P3133,A02-T2-H02,2,2,3
P3134,A01-T3-H01,2,1,2
P3135,A03-T2-H02,16,2,3
P3136,A02-T3-H02,3,0,1
P3137,A01-T3-H01,8,0,1
P3138,A01-T2-H01,1,0,1
P3139,A01-T3-H02,3,3,4
P3140,A01-T3-H01,1,2,4
P3141,A03-T2-H02,2,1,3
P3142,A01-T3-H01,1,3,4
P3143,A02-T2-H01,1,5,6
P3144,A02-T1-H01,5,2,3
P3145,A01-T2-H03,6,2,3
P3146,A01-T3-H02,4,1,2
P3147,A02-T2-H01,1,4,6
P3148,A01-T3-H02,3,1,2
P3149,A03-T3-H02,4,0,2
P3150,A01-T2-H03,3,0,2
P3151,A03-T2-H02,14,2,3
P3152,A01-T1-H01,9,2,4
P3153,A03-备用-07,1,2,3
P3154,A02-T2-H04,4,1,2
P3155,A03-T2-H01,5,0,4
P3156,A03-T3-H02,5,0,1
P3157,A02-T2-H01,9,2,3
P3158,A02-T2-H02,1,0,1
P3159,A01-T2-H03,5,0,1
P3160,A01-T3-H02,4,0,1
P3161,A02-T2-H01,10,3,4
P3162,A02-T1-H01,3,1,2
P3163,A01-T2-H01,9,1,2
P3164,A01-T2-H01,10,0,3
P3165,A01-T1-H02,2,1,2
P3166,A01-T3-H02,3,3,4
P3167,A03-T2-H01,14,0,2
P3168,A03-T3-H03,10,1,2
P3169,A03-T3-H01,15,0,1
P3170,A01-T2-H01,7,0,1
P3171,A02-T2-H02,3,0,2
P3172,A01-T2-H02,8,1,3
P3173,A01-T1-H03,4,2,4
P3174,A02-T2-H02,7,0,2
P3175,A01-T3-H01,3,0,1
P3176,A01-T2-H02,7,0,2
P3177,A02-T2-H01,3,0,2
P3178,A03-T2-H02,2,1,3
P3179,A03-T3-H02,4,3,4
P3180,A03-T3-H02,1,2,4
P3181,A02-T2-H04,4,1,2
P3182,A02-T3-H01,8,0,5
P3183,A03-T3-H02,7,1,2
P3184,A03-T3-H01,7,0,2
P3185,A01-T3-H01,8,1,2
P3186,A01-T3-H01,6,1,2
P3187,A02-T3-H01,2,1,2
P3188,A01-T2-H01,3,2,3
P3189,A01-T3-H01,1,3,4
P3190,A02-T3-H01,1,0,2
P3191,A03-T3-H01,11,0,1
P3192,A01-T2-H01,7,0,1
P3193,A02-T1-H02,1,2,3
P3194,A02-T2-H01,1,5,6
P3195,A02-T2-H02,4,1,5
P3196,A03-T2-H02,3,3,4
P3197,A01-T2-H01,11,4,5
P3198,A01-T3-H01,7,0,1
P3199,A01-T1-H03,2,1,3
P3200,A02-T2-H03,5,2,3
P3201,A01-T2-H02,6,3,4
P3202,A01-T2-H02,7,0,2
P3203,A03-T2-H01,5,5,6
P3204,A03-T3-H03,7,1,2
P3205,A03-T3-H01,11,0,1
P3206,A03-T3-H01,2,1,2
P3207,A03-T2-H02,8,1,3
P3208,A01-T2-H02,8,1,3
P3209,A03-T3-H03,2,0,2
P3210,A03-T3-H02,14,0,2
P3211,,,,
P3212,A01-T3-H01,7,0,1
P3213,A03-T2-H02,6,0,2
P3214,A03-T3-H01,10,2,4
P3215,A02-T2-H01,10,2,4
P3216,A02-T1-H01,1,0,2
P3217,A01-T2-H02,8,1,3
P3218,A02-T2-H02,3,2,3
P3219,A02-T3-H02,10,3,5
P3220,A01-T3-H02,2,1,2
P3221,A03-T3-H01,1,1,2
P3222,A03-T2-H01,1,0,2
P3223,A02-T1-H01,4,2,4
P3224,A01-T2-H03,6,2,3
P3225,A03-T2-H01,2,0,1
P3226,A01-T2-H01,3,2,3
P3227,A03-T2-H02,14,0,2
P3228,A03-T2-H02,2,1,3
P3229,A01-T3-H02,9,5,6
P3230,A03-T2-H02,11,1,6
P3231,A01-T2-H01,10,0,1
P3232,A02-T3-H01,6,1,2
P3233,A02-T2-H01,12,1,2
P3234,A01-T2-H03,9,0,2
P3235,A03-T2-H03,11,0,3
P3236,A02-T2-H02,8,1,2
P3237,A01-T2-H01,2,1,3
P3238,A03-T3-H03,2,0,2
P3239,A03-T2-H02,9,2,4
P3240,A01-T2-H02,5,0,1
P3241,A03-T3-H03,5,1,3
P3242,A02-T2-H03,7,2,3
P3243,A01-T2-H03,5,0,1
P3244,A02-T2-H03,6,1,2
P3245,A01-T1-H02,2,1,2
P3246,A02-T3-H01,1,1,3
P3247,A02-T1-H01,3,1,2
P3248,A01-T1-H01,9,2,5
P3249,A01-T3-H01,7,0,1
P3250,A01-T2-H02,3,0,2
P3251,A03-T3-H03,7,1,2
P3252,A01-T2-H02,8,1,3
P3253,A03-T2-H01,14,0,2
P3254,A03-T2-H02,14,2,3
P3255,A02-T2-H01,7,1,2
P3256,A01-T1-H01,2,1,3
P3257,A03-T3-H02,9,0,2
P3258,A03-T3-H03,1,2,3
P3259,A02-T3-H01,2,1,2
P3260,A03-T3-H03,2,0,2
P3261,A02-T2-H03,1,2,3
P3262,A01-T2-H03,9,2,3
P3263,A03-T2-H02,14,2,3
P3264,A02-T3-H01,4,0,4
P3265,A02-T2-H01,13,0,1
P3266,A01-T2-H01,11,1,2
P3267,A03-T2-H03,3,0,2
P3268,A01-T3-H02,3,0,1
P3269,A01-T3-H01,1,3,4
P3270,A03-T3-H03,5,0,1
P3271,A01-T2-H03,5,0,2
P3272,A03-T2-H02,8,1,3
P3273,A01-T2-H02,7,2,3
P3274,A03-T3-H01,4,4,5
P3275,A01-T2-H02,6,1,6
P3276,A03-T3-H02,4,0,2
P3277,A01-T1-H01,8,0,2
P3278,A02-T2-H03,8,0,1
P3279,A01-T2-H02,9,0,2
P3280,A01-T2-H02,3,0,3
P3281,A02-T3-H02,9,1,3
P3282,A02-T3-H01,7,0,2
P3283,A02-T2-H01,11,0,2
P3284,A03-T3-H03,10,4,5
P3285,A02-T2-H02,8,1,2
P3286,A03-T3-H01,1,1,2
P3287,A03-T2-H02,11,0,1
P3288,A02-T2-H01,13,0,1
P3289,A01-T2-H02,1,2,3
P3290,A01-T3-H02,5,1,3
P3291,A01-T2-H01,7,1,2
P3292,A01-T3-H01,1,0,2
P3293,A01-T3-H02,4,1,2
P3294,A02-T2-H03,2,3,4
P3295,A02-T3-H02,5,1,3
P3296,A01-T2-H01,10,3,4
P3297,A03-T3-H03,1,3,4
P3298,A01-T2-H02,6,3,4
P3299,A03-T2-H02,2,1,3
P3300,A01-T2-H02,4,3,4
P3301,A03-T3-H02,3,1,2
P3302,A02-T2-H01,11,0,2
P3303,A02-T2-H03,3,0,2
P3304,A01-T2-H03,6,0,1
P3305,A02-T3-H02,5,0,1
P3306,A01-T3-H02,9,5,6
P3307,A02-T3-H01,8,1,2
P3308,A02-T2-H01,4,0,2
P3309,A03-T3-H01,8,0,1
P3310,A01-T2-H02,9,0,2
P3311,A03-T2-H03,2,0,2
P3312,A02-T2-H02,10,0,1
P3313,A02-T2-H02,1,0,1
P3314,A03-T3-H03,10,4,5
P3315,A01-T1-H01,5,2,3
P3316,A01-T2-H01,12,0,1
P3317,A02-T2-H02,3,2,3
P3318,A03-T3-H03,4,1,2
P3319,A02-T2-H01,12,1,2
P3320,A02-T2-H02,7,0,2
P3321,A03-T3-H01,10,1,2
P3322,A03-T2-H01,1,0,2
P3323,A01-T1-H03,3,4,5
P3324,A01-T1-H01,7,1,2
P3325,A03-T3-H02,7,0,1
P3326,A02-T2-H01,11,0,2
P3327,A01-T3-H01,1,0,2
P3328,A02-T2-H02,3,2,3
P3329,A02-T2-H01,1,0,1
P3330,A03-T3-H01,15,0,1
P3331,A02-T2-H02,9,1,6
P3332,A01-T2-H02,9,1,3
P3333,A03-T2-H02,6,2,3
P3334,A03-T3-H03,2,0,2
P3335,A02-T1-H01,2,2,5
P3336,A03-T3-H03,10,4,5
P3337,A03-备用-08,1,1,3
P3338,A03-T3-H03,4,1,2
P3339,A01-T3-H02,1,4,5
P3340,A02-T1-H02,1,2,3
P3341,A02-T2-H03,8,0,1
P3342,A03-T2-H02,8,1,3
P3343,A03-T2-H02,7,1,3
P3344,A02-T2-H04,4,0,1
P3345,A02-T3-H02,10,0,1
P3346,A03-T3-H01,8,0,1
P3347,A03-T3-H01,2,1,2
P3348,A03-T3-H01,3,0,1
P3349,A03-T2-H02,9,2,4
P3350,A02-T2-H01,9,2,3
P3351,A02-T1-H02,2,2,3
P3352,A02-T2-H03,3,0,2
P3353,A03-T2-H02,4,3,6
P3354,A01-T3-H01,1,0,2
P3355,A01-T1-H03,3,4,5
P3356,A01-T2-H01,7,0,1
P3357,A01-T2-H02,6,3,4
P3358,,,,
P3359,A02-T2-H02,1,1,3
P3360,A02-T2-H02,4,0,3
P3361,A02-T2-H03,5,2,3
P3362,A01-T2-H01,6,0,4
P3363,A01-T2-H03,1,0,1
P3364,A03-T3-H03,10,1,2
P3365,A02-T3-H01,3,0,2
P3366,A02-T2-H02,3,0,2
P3367,A02-T2-H04,5,2,3
P3368,A02-T3-H01,2,0,1
P3369,A03-T2-H01,11,0,2
P3370,A03-T2-H02,8,0,1
P3371,A03-T2-H01,2,2,5
P3372,A01-T3-H01,5,3,4
P3373,A02-T2-H04,2,3,4
P3374,A01-T3-H01,8,1,2
P3375,A01-T3-H02,1,0,1
P3376,A03-T2-H02,7,2,4
P3377,A02-T3-H01,9,1,3
P3378,A01-T2-H01,8,2,3
P3379,A03-T2-H03,1,2,6
P3380,A03-T2-H03,11,3,5
P3381,A02-T2-H03,4,0,1
P3382,A03-T3-H02,4,2,4
P3383,A01-T1-H01,6,2,3
P3384,A03-T2-H03,1,2,6
P3385,A02-T3-H01,8,0,5
P3386,A03-T2-H02,9,2,4
P3387,A01-T3-H01,4,1,3
P3388,A01-T1-H01,6,2,3
P3389,A01-T3-H02,3,1,2
P3390,A02-T1-H01,2,2,5
P3391,A03-T2-H01,5,5,6
P3392,A03-T2-H01,6,1,2
P3393,A03-T2-H02,6,2,3
P3394,A01-T1-H01,1,0,1
P3395,A01-T2-H03,3,2,3
P3396,A02-T3-H01,3,2,3
P3397,A02-T3-H02,6,4,5
P3398,A02-T2-H01,8,2,4
P3399,A02-T1-H01,2,2,5
P3400,A02-T3-H01,7,2,3
P3401,A02-T2-H03,1,1,2
P3402,A02-T1-H01,5,0,2
P3403,A01-T2-H01,9,0,1
P3404,A01-T3-H01,5,3,4
P3405,A01-T1-H02,2,1,2
P3406,A02-T2-H02,1,0,1
P3407,A02-T3-H01,4,2,3
P3408,A03-T3-H03,11,1,2
P3409,A02-T2-H01,13,0,1
P3410,A01-T2-H02,2,0,2
P3411,A03-T2-H01,1,3,6
P3412,A01-T2-H01,5,2,3
P3413,A02-T2-H03,7,2,3
P3414,A02-T2-H03,6,1,2
P3415,A01-T3-H02,3,3,4
P3416,A03-T3-H01,11,0,1
P3417,A02-T1-H01,6,1,2
P3418,A01-T2-H03,4,0,1
P3419,A01-T2-H01,4,1,3
P3420,A02-T3-H01,7,0,2
P3421,A01-T2-H02,6,5,6
P3422,A02-T2-H01,1,0,1
P3423,A03-T3-H03,1,0,2
P3424,A01-T1-H03,1,2,3
P3425,A01-T2-H03,4,0,1
P3426,A02-T2-H01,3,2,3
P3427,A01-T2-H01,12,0,1
P3428,A03-T3-H01,4,0,1
P3429,A03-T2-H02,4,3,6
P3430,A01-T3-H02,3,1,2
P3431,A02-T2-H01,2,1,3
P3432,A02-T2-H03,8,1,2
P3433,A01-T3-H02,9,0,2
P3434,A01-T3-H01,8,1,2
P3435,A03-T3-H02,10,2,3
P3436,A02-T2-H03,7,0,1
P3437,A01-T3-H01,1,0,1
P3438,A03-T2-H02,1,3,4
P3439,A02-T2-H01,12,1,2
P3440,A03-T3-H01,7,0,3
P3441,A02-T3-H01,4,0,4
P3442,A03-T2-H02,7,1,3
P3443,A03-T2-H03,11,0,3
P3444,A03-T3-H01,1,1,2
P3445,A01-T2-H01,3,0,2
P3446,A01-T3-H01,4,1,3
P3447,A01-T3-H01,8,1,2
P3448,A01-T2-H02,9,1,3
P3449,A03-T3-H03,2,4,5
P3450,A01-T2-H01,3,2,3
P3451,A03-T2-H02,1,3,4
P3452,A03-T3-H03,10,0,2
P3453,A03-T2-H02,4,1,2
P3454,A02-T2-H04,2,3,4
P3455,A02-T3-H01,3,2,3
P3456,A03-T3-H01,11,1,2
P3457,A01-T2-H01,1,0,1
P3458,A01-T3-H02,3,1,2
P3459,A03-T2-H01,5,0,2
P3460,A02-T2-H04,3,2,3
P3461,A02-T3-H01,3,0,2
P3462,A03-T3-H01,3,0,1
P3463,A03-T3-H02,1,1,2
P3464,A01-T3-H01,8,0,1
P3465,A01-T3-H01,7,2,3
P3466,A01-T2-H03,3,0,2
P3467,A01-T2-H03,4,2,3
P3468,A02-T3-H02,7,4,5
P3469,A03-T2-H02,6,0,2
P3470,A03-T3-H02,7,1,2
P3471,A03-T2-H01,8,0,2
P3472,A03-T2-H01,1,1,5
P3473,A02-T2-H01,2,0,1
P3474,A01-T2-H01,1,4,5
P3475,A01-T3-H01,5,0,2
P3476,A01-T2-H01,10,0,3
P3477,A03-T2-H03,5,0,1
P3478,A01-T3-H02,7,0,2
P3479,A03-T2-H02,8,1,3
P3480,A03-T2-H01,2,1,4
P3481,A01-T3-H02,3,1,2
P3482,A01-T2-H03,5,2,3
P3483,A02-T2-H01,7,0,1
P3484,A02-T2-H01,1,4,6
P3485,A01-T3-H01,7,2,3
P3486,A01-T2-H02,6,3,4
P3487,A03-T2-H01,14,2,3
P3488,A02-T2-H01,3,0,1
P3489,A02-T2-H01,1,1,2
P3490,A01-T2-H01,3,2,3
P3491,A02-T3-H01,4,2,5
P3492,A02-备用-01,1,1,2
P3493,A02-T2-H03,6,1,2
P3494,A01-T3-H01,7,2,3
P3495,A01-T2-H03,6,0,1
P3496,A01-T2-H02,1,2,3
P3497,A01-T2-H03,6,0,1
P3498,A02-T3-H02,10,3,5
P3499,A02-T2-H01,3,2,3
P3500,A02-T2-H02,10,1,2
P3501,A03-备用-09,1,1,3
P3502,A01-T2-H01,8,2,3
P3503,A03-T3-H03,11,1,2
P3504,A01-T1-H01,7,1,2
P3505,A03-T2-H02,8,0,1
P3506,A02-T3-H02,3,0,1
P3507,A03-T3-H01,15,0,1
P3508,A01-T2-H02,7,2,3
P3509,A02-T3-H02,10,0,1
P3510,A03-T3-H03,5,0,1
P3511,A02-T3-H02,3,3,4
P3512,A01-T3-H02,3,1,2
P3513,A02-T1-H01,6,1,2
P3514,A03-T3-H01,5,2,5
P3515,A02-T3-H02,1,1,2
P3516,A02-T2-H04,4,0,1
P3517,A03-T2-H02,14,2,3
P3518,A01-T3-H01,4,0,1
P3519,A03-T2-H01,14,2,3
P3520,A03-T3-H01,4,4,5
P3521,A03-T2-H02,4,1,2
P3522,A02-T2-H01,1,5,6
P3523,A02-T3-H02,7,1,5
P3524,A02-T2-H02,5,0,2
P3525,A03-T3-H01,10,1,2
P3526,A01-T3-H02,4,1,2
P3527,A01-T2-H01,6,4,6
P3528,A01-T1-H02,1,1,2
P3529,A01-T1-H02,2,1,2
P3530,A03-T3-H02,1,0,1
P3531,A02-T2-H01,12,0,1
P3532,A02-T2-H01,8,0,1
P3533,A02-T2-H02,5,0,2
P3534,A01-T2-H01,11,4,5
P3535,A01-T2-H03,2,2,4
P3536,A02-T2-H03,3,2,3
P3537,A01-T2-H03,2,2,4
P3538,A03-T3-H01,3,0,1
P3539,A01-T3-H01,6,1,2
P3540,A03-T2-H02,8,1,3
P3541,A03-T3-H02,9,0,2
P3542,A02-T2-H03,3,0,2
P3543,A02-T2-H01,11,0,2
P3544,A02-T2-H04,6,0,4
P3545,A03-T2-H03,11,0,3
P3546,A02-T2-H02,5,0,2
P3547,A03-T2-H02,11,0,1
P3548,A02-T2-H01,1,4,6
P3549,A02-T2-H04,1,1,2
P3550,A01-T1-H01,2,1,3
P3551,A01-T1-H02,3,0,4
P3552,A02-T2-H02,4,0,3
P3553,A01-T2-H01,2,1,3
P3554,A01-T3-H02,4,0,1
P3555,A01-T3-H02,9,5,6
P3556,A02-T3-H02,2,1,2
P3557,A01-T2-H02,1,2,3
P3558,A03-T2-H02,7,1,3
P3559,A02-T2-H03,2,3,4
P3560,A02-T2-H01,3,0,2
P3561,A03-T2-H01,3,1,3
P3562,A02-T2-H03,7,2,3
P3563,A02-T2-H03,3,2,3
P3564,A02-T2-H03,2,3,4
P3565,A01-T2-H03,8,1,3
P3566,A03-T3-H01,10,1,2
P3567,A01-T3-H02,4,1,2
P3568,A02-T2-H01,2,1,3
P3569,A02-T2-H01,9,2,3
P3570,A03-T2-H01,8,2,3
P3571,A02-T2-H01,1,1,2
P3572,A01-T2-H02,7,0,2
P3573,A01-T2-H01,3,0,2
P3574,A02-T2-H03,7,0,1
P3575,A01-T3-H01,1,0,3
P3576,A03-T2-H02,6,0,2
P3577,A02-T3-H02,2,1,2
P3578,A02-T3-H01,1,1,3
P3579,A02-T2-H01,10,0,2
P3580,A03-T2-H03,12,2,3
P3581,A01-T2-H02,7,2,3
P3582,A02-T2-H02,7,0,2
P3583,A03-T2-H03,11,2,4
P3584,A02-T2-H02,4,0,1
P3585,A01-T2-H03,5,0,1
P3586,A01-T1-H02,3,0,4
P3587,A03-T2-H02,14,0,2
P3588,A03-T2-H02,6,0,2
P3589,A03-T3-H03,2,0,4
P3590,A03-T2-H02,8,1,3
P3591,A03-T3-H03,2,0,2
P3592,A01-T3-H01,9,0,1
P3593,A03-T2-H02,11,1,6
P3594,A03-T2-H02,2,1,3
P3595,A03-T2-H02,3,0,3
P3596,A01-T2-H02,7,2,3
P3597,A03-T3-H01,1,1,2
P3598,A01-T2-H03,5,0,1
P3599,A03-T2-H03,3,0,2
P3600,A01-T2-H01,11,1,2
P3601,A02-T2-H04,4,0,1
P3602,A02-T2-H02,9,0,2
P3603,A02-T2-H03,6,0,1
P3604,A02-T3-H01,1,1,3
P3605,A02-T3-H02,5,1,3
P3606,A02-T2-H03,6,1,2
P3607,A02-T2-H03,2,1,2
P3608,A01-T3-H02,3,0,1
P3609,A01-T2-H01,1,3,5
P3610,A03-T3-H03,3,0,1
P3611,A03-T3-H01,7,0,3
P3612,A03-T2-H02,1,0,3
P3613,A01-T2-H02,3,0,3
P3614,A01-T3-H02,4,0,1
P3615,A02-T2-H01,12,0,1
P3616,A03-T3-H03,4,1,2
P3617,A03-T3-H03,2,4,5
P3618,A03-T3-H01,15,1,2
P3619,A03-T3-H02,5,3,4
P3620,A02-T3-H02,9,4,5
P3621,A01-T2-H03,6,0,1
P3622,A03-T3-H01,11,1,2
P3623,A02-T3-H02,10,0,1
P3624,A01-T2-H01,9,0,1
P3625,A03-T2-H02,3,0,3
P3626,A02-T2-H04,3,0,2
P3627,A03-T3-H01,6,0,2
P3628,A02-T2-H04,4,1,2
P3629,A02-T1-H01,3,1,2
P3630,A02-T3-H01,4,4,5
P3631,A01-T2-H02,6,0,1
P3632,A01-T3-H02,3,3,4
P3633,A02-T3-H02,1,0,1
P3634,A01-T3-H02,4,0,1
P3635,A01-T3-H02,4,1,2
P3636,A01-T2-H01,1,0,1
P3637,A03-T3-H02,1,0,1
P3638,A03-T3-H03,1,3,4
P3639,A02-T2-H01,9,2,3
P3640,A03-T3-H01,7,0,3
P3641,A03-T3-H01,10,1,2
P3642,A02-T3-H01,5,3,6
P3643,A02-T1-H02,1,2,3
P3644,A01-T3-H02,9,0,5
P3645,A03-T3-H02,7,1,2
P3646,A01-T2-H02,5,1,2
P3647,A03-T3-H01,4,4,5
P3648,A01-T1-H03,3,4,5
P3649,A02-T2-H03,3,0,2
P3650,A01-T2-H02,2,0,2
P3651,A01-T3-H02,4,0,1
P3652,A02-T2-H02,4,0,3
P3653,A02-T1-H01,3,1,2
P3654,A02-T2-H01,7,1,2
P3655,A01-T2-H03,8,0,2
P3656,A03-T3-H02,7,0,1
P3657,A01-T2-H01,12,2,3
P3658,A02-T2-H02,7,0,2
P3659,A02-T2-H03,4,2,3
P3660,A02-T1-H02,1,2,3
P3661,A02-T2-H02,9,3,4
P3662,A03-T3-H03,7,1,2
P3663,A03-T3-H01,14,1,2
P3664,A03-T3-H02,4,0,3
P3665,A03-T3-H03,4,1,2
P3666,A02-T1-H02,3,1,2
P3667,A02-T3-H01,6,1,2
P3668,A03-T3-H01,11,1,2
P3669,A01-T1-H02,1,1,2
P3670,A01-T3-H01,4,1,3
P3671,A02-T2-H04,5,2,3
P3672,A03-T2-H02,1,1,2
P3673,A01-T2-H03,7,2,5
P3674,A03-T2-H01,1,0,1
P3675,A01-T1-H03,2,1,3
P3676,A01-T2-H03,3,0,2
P3677,A01-T2-H01,3,2,3
P3678,A02-T1-H01,2,3,6
P3679,A01-T2-H02,8,1,3
P3680,A02-T2-H03,1,1,2
P3681,A02-T1-H02,3,1,2
P3682,A03-T3-H01,10,1,2
P3683,A03-T3-H03,4,1,2
P3684,A01-T2-H02,5,0,1
P3685,A02-T2-H01,1,0,1
P3686,A02-T2-H01,5,0,1
P3687,A03-T3-H02,1,1,2
P3688,A01-T2-H02,1,2,3
P3689,A02-T2-H03,4,2,3
P3690,A01-T3-H02,4,1,2
P3691,A03-T2-H02,7,1,3
P3692,A03-T3-H02,6,1,2
P3693,A01-T2-H02,3,0,2
P3694,A02-T2-H04,2,0,2
P3695,A03-T3-H01,11,1,2
P3696,A03-T2-H01,6,1,2
P3697,A03-T2-H02,8,1,3
P3698,A03-T2-H02,1,0,1
P3699,A03-T2-H01,8,0,2
P3700,A02-T3-H01,2,1,2
P3701,A02-T3-H01,5,1,2
P3702,A02-T3-H01,3,2,3
P3703,A03-备用-18,1,0,2
P3704,A03-备用-06,2,2,3
P3705,A01-T2-H01,7,1,2
P3706,A01-T2-H01,9,0,1
P3707,A01-T2-H01,1,3,5
P3708,A03-T2-H01,14,0,2
P3709,A03-T3-H03,1,2,3
P3710,A02-T1-H02,3,1,2
P3711,A02-T2-H01,8,0,2
P3712,A01-T2-H03,9,2,3
P3713,A02-T3-H02,9,4,5
P3714,A01-T2-H01,10,0,1
P3715,A02-T3-H01,2,1,2
P3716,A02-T1-H01,4,2,4
P3717,A03-T3-H02,5,0,1
P3718,A02-T3-H01,6,0,1
P3719,A01-T2-H03,1,1,2
P3720,A02-T3-H01,3,2,3
P3721,A03-T2-H02,11,0,1
P3722,A03-T3-H02,9,2,3
P3723,A01-T3-H02,4,1,2
P3724,A03-T3-H01,10,1,2
P3725,A01-T2-H02,3,0,3
P3726,A01-T3-H02,2,1,2
P3727,A02-T3-H02,1,0,1
P3728,A03-T3-H03,10,4,5
P3729,A01-T3-H01,6,1,2
P3730,A03-T2-H03,11,0,3
P3731,A02-T3-H02,5,1,3
P3732,A02-T1-H01,5,2,3
P3733,A01-T1-H03,4,2,4
P3734,A02-T3-H02,5,0,1
P3735,A01-T3-H01,1,3,4
P3736,A01-T3-H02,2,1,2
P3737,A02-T2-H03,8,1,2
P3738,A03-T2-H03,11,2,4
P3739,A02-T3-H01,1,1,4
P3740,A01-T2-H01,7,1,2
P3741,A02-T1-H01,5,0,2
P3742,A03-T3-H02,7,1,2
P3743,A02-T2-H01,2,1,3
P3744,A01-T3-H01,3,2,3
P3745,A03-T2-H02,6,2,3
P3746,A01-T1-H01,5,2,3
P3747,A01-T2-H02,7,2,3
P3748,A03-T3-H01,5,3,4
P3749,A02-T3-H02,5,0,1
P3750,A01-T3-H01,6,1,2
P3751,A02-T2-H03,2,0,1
P3752,A02-T2-H03,1,0,2
P3753,A02-T3-H02,10,3,5
P3754,A03-T2-H01,2,2,5
P3755,A03-T3-H01,15,0,1
P3756,A02-T2-H01,4,0,2
P3757,A02-T3-H01,3,0,2
P3758,A03-T2-H02,1,0,1
P3759,A03-T3-H01,1,1,2
P3760,A01-备用-01,1,0,1
P3761,A01-T3-H02,1,0,1
P3762,A03-T3-H02,7,0,1
P3763,A03-T2-H01,11,0,2
P3764,A01-T2-H01,8,2,3
P3765,A01-T2-H02,5,1,2
P3766,A01-T3-H02,9,1,3
P3767,A02-T3-H01,9,1,3
P3768,A01-T2-H01,3,2,3
P3769,A01-T2-H03,4,3,5
P3770,A03-T3-H01,15,0,1
P3771,A03-T3-H03,10,0,2
P3772,A02-T2-H01,10,3,4
P3773,A01-T3-H01,4,1,3
P3774,A03-T2-H01,5,0,2
P3775,A01-T3-H02,9,0,5
P3776,A01-T2-H01,4,1,3
P3777,A03-T3-H02,1,1,2
P3778,A01-T3-H02,1,4,5
P3779,A01-T1-H01,9,0,2
P3780,A02-T2-H03,7,0,1
P3781,A03-T3-H01,5,3,4
P3782,A02-T2-H01,8,0,1
P3783,A02-T2-H03,4,2,3
P3784,A01-T3-H01,8,1,2
P3785,A03-T3-H01,4,4,5
P3786,A01-T3-H01,3,0,1
P3787,A02-T2-H03,1,2,3
P3788,A02-T3-H02,8,1,2
P3789,A01-T2-H01,11,4,5
P3790,A02-T2-H01,6,1,2
P3791,A02-T3-H01,8,0,5
P3792,A02-T2-H03,8,1,2
P3793,A03-T3-H03,5,0,1
P3794,A02-T3-H01,1,1,3
P3795,A03-T3-H02,5,3,4
P3796,A01-T2-H02,8,1,3
P3797,A01-T1-H01,8,0,2
P3798,A02-T2-H04,5,2,3
P3799,A02-T2-H01,5,0,1
P3800,A03-T3-H02,9,2,3
P3801,A03-T3-H01,1,1,2
P3802,A02-T3-H01,4,2,3
P3803,A03-T2-H01,5,5,6
P3804,A03-T3-H01,14,1,2
P3805,A02-T2-H03,7,2,3
P3806,A02-T2-H04,2,3,4
P3807,A01-T3-H02,7,0,2
P3808,A01-T3-H02,4,0,1
P3809,A02-T2-H02,1,0,1
P3810,A02-T2-H01,2,0,1
P3811,A01-T2-H02,1,0,1
P3812,A01-T2-H01,1,3,5
P3813,A03-T3-H02,10,2,3
P3814,A01-T2-H03,1,0,1
P3815,A02-T3-H02,3,0,1
P3816,A02-T3-H02,3,0,5
P3817,A01-T2-H03,2,0,1
P3818,A03-T2-H03,3,3,4
P3819,A03-备用-19,1,1,2
P3820,A03-T3-H01,8,1,3
P3821,A02-T3-H01,6,1,2
P3822,A02-T3-H02,1,0,1
P3823,A02-T3-H02,3,0,5
P3824,A01-T3-H01,1,0,2
P3825,A03-T3-H03,5,2,3
P3826,A03-T2-H02,11,1,6
P3827,A02-T3-H02,6,4,5
P3828,A02-T2-H03,1,2,3
P3829,A03-T3-H03,11,1,2
P3830,A01-T2-H03,4,1,5
P3831,A02-T3-H02,7,2,5
P3832,A02-T2-H01,13,1,3
P3833,A03-T2-H02,7,1,3
P3834,A02-T2-H03,1,2,3
P3835,A02-T3-H02,4,3,4
P3836,A01-T1-H02,5,0,2
P3837,A03-T2-H03,11,2,4
P3838,A03-T3-H01,6,1,3
P3839,A01-T2-H02,6,5,6
P3840,A02-T2-H04,4,0,1
P3841,A02-T3-H01,4,2,3
P3842,A02-T2-H01,12,1,2
P3843,A01-T1-H02,3,0,4
P3844,A02-T2-H02,4,0,3
P3845,A01-T2-H03,2,2,4
P3846,A03-T3-H02,5,0,1
P3847,A02-T2-H01,12,0,1
P3848,A02-T3-H02,1,0,1
P3849,A01-T1-H01,8,0,2
P3850,A02-T2-H04,4,0,1
P3851,A03-T3-H02,1,0,1
P3852,A01-T1-H02,3,0,4
P3853,A03-T3-H03,1,3,4
P3854,A01-T3-H01,1,2,4
P3855,A03-T2-H03,8,2,3
P3856,A03-T2-H02,6,0,2
P3857,A01-T2-H03,1,1,2
P3858,A02-T1-H01,2,3,6
P3859,A02-T2-H01,13,0,1
P3860,A02-T2-H01,9,2,3
P3861,A03-T2-H01,7,2,4
P3862,A02-T2-H02,7,0,2
P3863,A02-T2-H01,8,1,4
P3864,A03-T2-H03,1,4,5
P3865,A03-T3-H02,4,3,4
P3866,A01-T3-H01,3,2,3
P3867,A01-T2-H01,9,1,2
P3868,A03-T3-H01,11,0,1
P3869,A01-T1-H01,6,2,3
P3870,A02-T3-H02,7,2,5
P3871,A01-T2-H03,4,2,3
P3872,A02-T2-H01,3,0,1
P3873,A03-T3-H02,6,1,2
P3874,A01-T2-H03,7,2,5
P3875,A01-T3-H01,1,0,1
P3876,A01-T3-H01,2,1,2
P3877,A02-T2-H02,1,0,1
P3878,A02-T2-H03,2,1,2
P3879,A02-T3-H02,4,0,2
P3880,A01-T3-H01,8,0,1
P3881,A02-T1-H01,2,2,5
P3882,A01-T2-H01,9,0,1
P3883,A02-T3-H01,2,1,2
P3884,A01-T3-H01,4,0,1
P3885,A03-T2-H03,3,0,2
P3886,A02-T2-H03,6,1,2
P3887,A01-T2-H01,3,2,3
P3888,A01-T1-H01,9,0,2
P3889,A03-T3-H02,14,0,2
P3890,A02-T2-H04,1,1,2
P3891,A01-T2-H01,9,1,2
P3892,A01-T3-H02,9,0,5
P3893,A03-备用-01,2,2,3
P3894,A01-T2-H03,3,2,3
P3895,A02-T3-H02,5,0,1
P3896,A01-T1-H03,2,1,3
P3897,A03-T3-H03,5,0,2
P3898,A03-T3-H01,6,0,2
P3899,A01-T2-H02,4,3,4
P3900,A02-T3-H01,9,1,3
P3901,A02-T3-H01,9,1,3
P3902,A02-T3-H02,10,1,6
P3903,A03-T2-H01,8,0,2
P3904,A01-T2-H03,2,1,4
P3905,A03-T2-H02,2,1,3
P3906,A01-T3-H02,1,0,1
P3907,A02-T3-H02,4,2,4
P3908,A02-T2-H02,3,2,3
P3909,A03-T2-H03,2,0,2
P3910,A02-T2-H01,8,2,4
P3911,A02-T3-H01,8,0,3
P3912,A02-T2-H03,1,2,3
P3913,A03-T3-H01,11,2,4
P3914,A02-T2-H02,7,0,2
P3915,A03-T2-H01,3,1,3
P3916,A01-T2-H01,11,1,2
P3917,A01-T2-H01,9,0,1
P3918,A02-T1-H01,2,2,5
P3919,A02-T2-H03,7,2,3
P3920,A03-T3-H01,6,0,2
P3921,A01-T1-H01,7,1,2
P3922,A02-T3-H02,3,3,4
P3923,A01-T1-H02,5,1,4
P3924,A01-T3-H01,3,2,3
P3925,A01-T2-H03,3,0,2
P3926,A02-T3-H01,5,1,2
P3927,A02-T3-H02,4,2,4
P3928,A02-T2-H04,6,4,6
P3929,A02-T2-H03,3,0,2
P3930,A03-T2-H02,5,2,3
P3931,A02-T2-H01,10,3,4
P3932,A01-T2-H01,6,1,2
P3933,A01-T2-H01,10,3,4
P3934,A03-T2-H03,4,2,3
P3935,A02-T3-H01,4,0,4
P3936,A01-T2-H01,2,1,3
P3937,A02-T2-H03,8,0,1
P3938,A01-T2-H03,5,0,1
P3939,A01-T1-H02,5,0,2
P3940,A01-T2-H02,8,0,1
P3941,A01-T1-H02,1,1,2
P3942,A01-T1-H01,7,1,2
P3943,A01-T2-H02,4,4,5
P3944,A03-T3-H03,7,1,2
P3945,A01-T1-H01,5,0,2
P3946,A01-T2-H01,6,1,2
P3947,A03-T2-H01,14,0,2
P3948,A02-T2-H03,8,1,2
P3949,A02-T2-H01,6,1,2
P3950,A03-T2-H02,6,2,3
P3951,A01-T3-H02,5,1,3
P3952,A03-T2-H02,1,1,2
P3953,A02-T2-H01,7,1,2
P3954,A03-T2-H02,9,0,2
P3955,A03-T3-H03,3,0,1
P3956,A01-T2-H02,6,5,6
P3957,A01-T3-H02,3,3,4
P3958,A02-T3-H02,3,5,6
P3959,A03-T3-H01,4,0,1
P3960,A03-T2-H01,5,5,6
P3961,A01-T3-H01,1,0,1
P3962,A03-T2-H02,6,2,3
P3963,A02-T3-H02,3,0,5
P3964,A03-T2-H01,6,1,2
P3965,A01-T3-H02,6,1,3
P3966,A03-T2-H01,8,0,2
P3967,A03-T2-H01,14,2,3
P3968,A01-T3-H02,6,0,1
P3969,A03-T2-H02,9,0,3
P3970,A03-T3-H01,4,0,1
P3971,A01-T2-H03,6,2,3
P3972,A03-T3-H03,1,2,3
P3973,A01-T3-H02,4,0,1
P3974,A03-T2-H02,2,1,3
P3975,A01-T2-H03,2,2,4
P3976,A02-T3-H01,8,1,2
P3977,A01-T2-H03,3,2,3
P3978,A01-T2-H01,1,3,5
P3979,A01-T1-H03,1,2,3
P3980,A02-T3-H02,3,5,6
P3981,A01-T2-H03,4,2,3
P3982,A02-T2-H01,13,0,1
P3983,A01-T2-H01,10,1,4
P3984,A01-T3-H02,3,0,1
P3985,A01-T1-H02,5,0,2
P3986,A03-T2-H02,11,1,6
P3987,A03-T2-H02,14,0,2
P3988,A01-T2-H01,6,1,2
P3989,A03-T3-H02,5,0,1
P3990,A01-T3-H02,5,1,3
P3991,A03-T2-H01,1,1,5
P3992,A03-T3-H03,1,0,3
P3993,A03-T3-H02,1,1,4
P3994,A01-T1-H01,4,0,2
P3995,A01-T1-H03,3,4,5
P3996,A02-T2-H03,2,0,1
P3997,A03-T3-H03,10,1,2
P3998,A02-T3-H02,1,0,1
P3999,A01-T1-H01,7,1,2
P4000,A01-T2-H03,1,1,2
