aircraft_id,flight_no,stop_order,facility_id,arrival_time,departure_time,refuel
A01-T2-H01,1,0,A01,2026-08-03 06:26,2026-08-03 06:26,0
A01-T2-H01,1,1,F001,2026-08-03 07:36,2026-08-03 07:36,0
A01-T2-H01,1,2,F011,2026-08-03 08:24,2026-08-03 08:24,1
A01-T2-H01,1,3,F003,2026-08-03 08:48,2026-08-03 08:48,0
A01-T2-H01,1,4,F002,2026-08-03 09:13,2026-08-03 09:13,0
A01-T2-H01,1,5,A01,2026-08-03 10:13,2026-08-03 10:13,0
A01-T2-H02,1,0,A01,2026-08-03 06:51,2026-08-03 06:51,0
A01-T2-H02,1,1,F006,2026-08-03 08:16,2026-08-03 08:16,1
A01-T2-H02,1,2,F007,2026-08-03 08:30,2026-08-03 08:30,0
A01-T2-H02,1,3,A01,2026-08-03 09:34,2026-08-03 09:34,0
A01-T3-H01,1,0,A01,2026-08-03 08:09,2026-08-03 08:09,0
A01-T3-H01,1,1,F002,2026-08-03 09:28,2026-08-03 09:28,0
A01-T3-H01,1,2,F007,2026-08-03 09:48,2026-08-03 09:48,0
A01-T3-H01,1,3,F006,2026-08-03 10:13,2026-08-03 10:13,1
A01-T3-H01,1,4,A01,2026-08-03 11:28,2026-08-03 11:28,0
A01-T2-H03,1,0,A01,2026-08-03 08:48,2026-08-03 08:48,0
A01-T2-H03,1,1,F005,2026-08-03 09:50,2026-08-03 09:50,0
A01-T2-H03,1,2,A01,2026-08-03 10:42,2026-08-03 10:42,0
A01-T3-H02,1,0,A01,2026-08-03 08:45,2026-08-03 08:45,0
A01-T3-H02,1,1,F004,2026-08-03 09:58,2026-08-03 09:58,0
A01-T3-H02,1,2,F003,2026-08-03 10:15,2026-08-03 10:15,0
A01-T3-H02,1,3,F011,2026-08-03 10:51,2026-08-03 10:51,1
A01-T3-H02,1,4,F001,2026-08-03 11:33,2026-08-03 11:33,0
A01-T3-H02,1,5,F016,2026-08-03 11:56,2026-08-03 11:56,0
A01-T3-H02,1,6,A01,2026-08-03 12:54,2026-08-03 12:54,0
A01-T2-H01,2,0,A01,2026-08-04 06:00,2026-08-04 06:00,0
A01-T2-H01,2,1,F001,2026-08-04 07:10,2026-08-04 07:10,0
A01-T2-H01,2,2,F011,2026-08-04 07:58,2026-08-04 07:58,1
A01-T2-H01,2,3,A01,2026-08-04 08:53,2026-08-04 08:53,0
A01-T3-H01,2,0,A01,2026-08-04 06:57,2026-08-04 06:57,0
A01-T3-H01,2,1,F004,2026-08-04 08:10,2026-08-04 08:10,0
A01-T3-H01,2,2,F007,2026-08-04 08:32,2026-08-04 08:32,0
A01-T3-H01,2,3,F006,2026-08-04 08:47,2026-08-04 08:47,0
A01-T3-H01,2,4,A01,2026-08-04 10:02,2026-08-04 10:02,0
A01-T2-H02,2,0,A01,2026-08-04 07:10,2026-08-04 07:10,0
A01-T2-H02,2,1,F003,2026-08-04 08:13,2026-08-04 08:13,0
A01-T2-H02,2,2,F008,2026-08-04 08:34,2026-08-04 08:34,0
A01-T2-H02,2,3,F011,2026-08-04 09:03,2026-08-04 09:03,1
A01-T2-H02,2,4,A01,2026-08-04 09:58,2026-08-04 09:58,0
A01-T2-H03,2,0,A01,2026-08-04 07:57,2026-08-04 07:57,0
A01-T2-H03,2,1,F010,2026-08-04 09:06,2026-08-04 09:06,0
A01-T2-H03,2,2,F008,2026-08-04 09:22,2026-08-04 09:22,0
A01-T2-H03,2,3,F011,2026-08-04 09:51,2026-08-04 09:51,1
A01-T2-H03,2,4,A01,2026-08-04 10:46,2026-08-04 10:46,0
A01-T3-H02,2,0,A01,2026-08-04 06:00,2026-08-04 06:00,0
A01-T3-H02,2,1,F004,2026-08-04 07:13,2026-08-04 07:13,0
A01-T3-H02,2,2,A01,2026-08-04 08:16,2026-08-04 08:16,0
A01-T1-H01,2,0,A01,2026-08-04 07:53,2026-08-04 07:53,0
A01-T1-H01,2,1,F009,2026-08-04 08:43,2026-08-04 08:43,0
A01-T1-H01,2,2,F011,2026-08-04 09:12,2026-08-04 09:12,1
A01-T1-H01,2,3,A01,2026-08-04 10:01,2026-08-04 10:01,0
A01-T3-H02,3,0,A01,2026-08-04 09:04,2026-08-04 09:04,0
A01-T3-H02,3,1,F003,2026-08-04 10:15,2026-08-04 10:15,0
A01-T3-H02,3,2,F008,2026-08-04 10:37,2026-08-04 10:37,0
A01-T3-H02,3,3,F011,2026-08-04 10:58,2026-08-04 10:58,0
A01-T3-H02,3,4,A01,2026-08-04 12:02,2026-08-04 12:02,0
A01-T2-H01,3,0,A01,2026-08-04 10:25,2026-08-04 10:25,0
A01-T2-H01,3,1,F011,2026-08-04 11:40,2026-08-04 11:40,1
A01-T2-H01,3,2,F012,2026-08-04 12:07,2026-08-04 12:07,0
A01-T2-H01,3,3,A01,2026-08-04 13:04,2026-08-04 13:04,0
A01-T1-H02,1,0,A01,2026-08-04 07:12,2026-08-04 07:12,0
A01-T1-H02,1,1,F004,2026-08-04 08:10,2026-08-04 08:10,0
A01-T1-H02,1,2,F007,2026-08-04 08:29,2026-08-04 08:29,0
A01-T1-H02,1,3,F006,2026-08-04 08:53,2026-08-04 08:53,1
A01-T1-H02,1,4,A01,2026-08-04 09:50,2026-08-04 09:50,0
A01-T1-H03,1,0,A01,2026-08-04 08:32,2026-08-04 08:32,0
A01-T1-H03,1,1,F006,2026-08-04 09:49,2026-08-04 09:49,1
A01-T1-H03,1,2,F010,2026-08-04 10:06,2026-08-04 10:06,0
A01-T1-H03,1,3,A01,2026-08-04 10:58,2026-08-04 10:58,0
A01-T2-H01,4,0,A01,2026-08-05 06:00,2026-08-05 06:00,0
A01-T2-H01,4,1,F002,2026-08-05 07:10,2026-08-05 07:10,0
A01-T2-H01,4,2,F006,2026-08-05 07:42,2026-08-05 07:42,1
A01-T2-H01,4,3,F004,2026-08-05 08:03,2026-08-05 08:03,0
A01-T2-H01,4,4,A01,2026-08-05 08:57,2026-08-05 08:57,0
A01-T2-H02,3,0,A01,2026-08-05 06:00,2026-08-05 06:00,0
A01-T2-H02,3,1,F003,2026-08-05 07:03,2026-08-05 07:03,0
A01-T2-H02,3,2,F011,2026-08-05 07:37,2026-08-05 07:37,1
A01-T2-H02,3,3,F009,2026-08-05 07:57,2026-08-05 07:57,0
A01-T2-H02,3,4,A01,2026-08-05 08:43,2026-08-05 08:43,0
A01-T3-H01,3,0,A01,2026-08-05 06:42,2026-08-05 06:42,0
A01-T3-H01,3,1,F011,2026-08-05 07:56,2026-08-05 07:56,0
A01-T3-H01,3,2,F005,2026-08-05 08:24,2026-08-05 08:24,0
A01-T3-H01,3,3,F017,2026-08-05 08:47,2026-08-05 08:47,0
A01-T3-H01,3,4,A01,2026-08-05 09:36,2026-08-05 09:36,0
A01-T2-H03,3,0,A01,2026-08-05 06:47,2026-08-05 06:47,0
A01-T2-H03,3,1,F006,2026-08-05 08:12,2026-08-05 08:12,1
A01-T2-H03,3,2,F013,2026-08-05 08:35,2026-08-05 08:35,0
A01-T2-H03,3,3,A01,2026-08-05 09:52,2026-08-05 09:52,0
A01-T3-H02,4,0,A01,2026-08-05 07:15,2026-08-05 07:15,0
A01-T3-H02,4,1,F014,2026-08-05 08:17,2026-08-05 08:17,0
A01-T3-H02,4,2,A01,2026-08-05 09:09,2026-08-05 09:09,0
A01-T1-H01,3,0,A01,2026-08-05 06:51,2026-08-05 06:51,0
A01-T1-H01,3,1,F010,2026-08-05 07:53,2026-08-05 07:53,0
A01-T1-H01,3,2,F006,2026-08-05 08:20,2026-08-05 08:20,1
A01-T1-H01,3,3,F007,2026-08-05 08:34,2026-08-05 08:34,0
A01-T1-H01,3,4,A01,2026-08-05 09:30,2026-08-05 09:30,0
A01-T1-H02,2,0,A01,2026-08-05 08:02,2026-08-05 08:02,0
A01-T1-H02,2,1,F006,2026-08-05 09:19,2026-08-05 09:19,1
A01-T1-H02,2,2,F007,2026-08-05 09:33,2026-08-05 09:33,0
A01-T1-H02,2,3,A01,2026-08-05 10:29,2026-08-05 10:29,0
A01-T2-H02,4,0,A01,2026-08-05 09:13,2026-08-05 09:13,0
A01-T2-H02,4,1,F003,2026-08-05 10:16,2026-08-05 10:16,0
A01-T2-H02,4,2,F006,2026-08-05 10:49,2026-08-05 10:49,1
A01-T2-H02,4,3,F007,2026-08-05 11:03,2026-08-05 11:03,0
A01-T2-H02,4,4,F002,2026-08-05 11:22,2026-08-05 11:22,0
A01-T2-H02,4,5,F004,2026-08-05 11:41,2026-08-05 11:41,0
A01-T2-H02,4,6,A01,2026-08-05 12:35,2026-08-05 12:35,0
A01-T3-H02,5,0,A01,2026-08-05 09:51,2026-08-05 09:51,0
A01-T3-H02,5,1,F009,2026-08-05 10:54,2026-08-05 10:54,0
A01-T3-H02,5,2,F011,2026-08-05 11:16,2026-08-05 11:16,0
A01-T3-H02,5,3,F003,2026-08-05 11:42,2026-08-05 11:42,0
A01-T3-H02,5,4,A01,2026-08-05 12:43,2026-08-05 12:43,0
A01-T1-H03,2,0,A01,2026-08-05 06:51,2026-08-05 06:51,0
A01-T1-H03,2,1,F010,2026-08-05 07:53,2026-08-05 07:53,0
A01-T1-H03,2,2,F006,2026-08-05 08:20,2026-08-05 08:20,1
A01-T1-H03,2,3,F007,2026-08-05 08:34,2026-08-05 08:34,0
A01-T1-H03,2,4,A01,2026-08-05 09:30,2026-08-05 09:30,0
A01-T2-H01,5,0,A01,2026-08-05 09:27,2026-08-05 09:27,0
A01-T2-H01,5,1,F011,2026-08-05 10:42,2026-08-05 10:42,1
A01-T2-H01,5,2,F008,2026-08-05 11:01,2026-08-05 11:01,0
A01-T2-H01,5,3,F003,2026-08-05 11:22,2026-08-05 11:22,0
A01-T2-H01,5,4,A01,2026-08-05 12:15,2026-08-05 12:15,0
A01-T1-H01,4,0,A01,2026-08-05 10:00,2026-08-05 10:00,0
A01-T1-H01,4,1,F011,2026-08-05 11:09,2026-08-05 11:09,1
A01-T1-H01,4,2,F014,2026-08-05 11:30,2026-08-05 11:30,0
A01-T1-H01,4,3,A01,2026-08-05 12:10,2026-08-05 12:10,0
A01-T1-H01,5,0,A01,2026-08-06 07:02,2026-08-06 07:02,0
A01-T1-H01,5,1,F011,2026-08-06 08:11,2026-08-06 08:11,1
A01-T1-H01,5,2,F015,2026-08-06 08:29,2026-08-06 08:29,0
A01-T1-H01,5,3,A01,2026-08-06 09:15,2026-08-06 09:15,0
A01-T3-H01,4,0,A01,2026-08-06 07:29,2026-08-06 07:29,0
A01-T3-H01,4,1,F002,2026-08-06 08:48,2026-08-06 08:48,0
A01-T3-H01,4,2,F006,2026-08-06 09:22,2026-08-06 09:22,1
A01-T3-H01,4,3,A01,2026-08-06 10:37,2026-08-06 10:37,0
A01-T2-H01,6,0,A01,2026-08-06 09:09,2026-08-06 09:09,0
A01-T2-H01,6,1,F011,2026-08-06 10:24,2026-08-06 10:24,1
A01-T2-H01,6,2,F015,2026-08-06 10:43,2026-08-06 10:43,0
A01-T2-H01,6,3,F012,2026-08-06 11:02,2026-08-06 11:02,0
A01-T2-H01,6,4,F001,2026-08-06 11:24,2026-08-06 11:24,0
A01-T2-H01,6,5,F016,2026-08-06 11:46,2026-08-06 11:46,0
A01-T2-H01,6,6,A01,2026-08-06 12:36,2026-08-06 12:36,0
A01-T2-H02,5,0,A01,2026-08-06 09:39,2026-08-06 09:39,0
A01-T2-H02,5,1,F017,2026-08-06 10:31,2026-08-06 10:31,0
A01-T2-H02,5,2,A01,2026-08-06 11:13,2026-08-06 11:13,0
A01-T2-H01,7,0,A01,2026-08-06 15:06,2026-08-06 15:06,0
A01-T2-H01,7,1,F016,2026-08-06 16:06,2026-08-06 16:06,0
A01-T2-H01,7,2,A01,2026-08-06 16:56,2026-08-06 16:56,0
A01-T2-H03,4,0,A01,2026-08-06 10:08,2026-08-06 10:08,0
A01-T2-H03,4,1,F001,2026-08-06 11:18,2026-08-06 11:18,0
A01-T2-H03,4,2,F012,2026-08-06 11:40,2026-08-06 11:40,0
A01-T2-H03,4,3,F015,2026-08-06 11:59,2026-08-06 11:59,0
A01-T2-H03,4,4,F011,2026-08-06 12:28,2026-08-06 12:28,1
A01-T2-H03,4,5,A01,2026-08-06 13:23,2026-08-06 13:23,0
A01-T3-H02,6,0,A01,2026-08-06 07:29,2026-08-06 07:29,0
A01-T3-H02,6,1,F002,2026-08-06 08:48,2026-08-06 08:48,0
A01-T3-H02,6,2,F006,2026-08-06 09:22,2026-08-06 09:22,1
A01-T3-H02,6,3,A01,2026-08-06 10:37,2026-08-06 10:37,0
A01-T2-H01,8,0,A01,2026-08-07 06:00,2026-08-07 06:00,0
A01-T2-H01,8,1,F006,2026-08-07 07:25,2026-08-07 07:25,1
A01-T2-H01,8,2,F013,2026-08-07 07:48,2026-08-07 07:48,0
A01-T2-H01,8,3,F002,2026-08-07 08:17,2026-08-07 08:17,0
A01-T2-H01,8,4,A01,2026-08-07 09:17,2026-08-07 09:17,0
A01-T2-H02,6,0,A01,2026-08-07 07:12,2026-08-07 07:12,0
A01-T2-H02,6,1,F003,2026-08-07 08:15,2026-08-07 08:15,0
A01-T2-H02,6,2,F006,2026-08-07 08:48,2026-08-07 08:48,1
A01-T2-H02,6,3,F013,2026-08-07 09:11,2026-08-07 09:11,0
A01-T2-H02,6,4,F002,2026-08-07 09:40,2026-08-07 09:40,0
A01-T2-H02,6,5,F004,2026-08-07 09:59,2026-08-07 09:59,0
A01-T2-H02,6,6,A01,2026-08-07 10:53,2026-08-07 10:53,0
A01-T2-H03,5,0,A01,2026-08-07 07:55,2026-08-07 07:55,0
A01-T2-H03,5,1,F004,2026-08-07 08:59,2026-08-07 08:59,0
A01-T2-H03,5,2,F006,2026-08-07 09:30,2026-08-07 09:30,1
A01-T2-H03,5,3,A01,2026-08-07 10:35,2026-08-07 10:35,0
A01-T3-H01,5,0,A01,2026-08-07 07:43,2026-08-07 07:43,0
A01-T3-H01,5,1,F017,2026-08-07 08:42,2026-08-07 08:42,0
A01-T3-H01,5,2,F014,2026-08-07 09:04,2026-08-07 09:04,0
A01-T3-H01,5,3,F011,2026-08-07 09:28,2026-08-07 09:28,0
A01-T3-H01,5,4,A01,2026-08-07 10:32,2026-08-07 10:32,0
A01-T1-H01,6,0,A01,2026-08-07 07:53,2026-08-07 07:53,0
A01-T1-H01,6,1,F011,2026-08-07 09:02,2026-08-07 09:02,1
A01-T1-H01,6,2,F014,2026-08-07 09:23,2026-08-07 09:23,0
A01-T1-H01,6,3,F017,2026-08-07 09:43,2026-08-07 09:43,0
A01-T1-H01,6,4,A01,2026-08-07 10:20,2026-08-07 10:20,0
A01-T3-H02,7,0,A01,2026-08-07 09:23,2026-08-07 09:23,0
A01-T3-H02,7,1,F015,2026-08-07 10:34,2026-08-07 10:34,0
A01-T3-H02,7,2,F009,2026-08-07 10:56,2026-08-07 10:56,0
A01-T3-H02,7,3,A01,2026-08-07 11:49,2026-08-07 11:49,0
A01-T2-H01,9,0,A01,2026-08-07 09:47,2026-08-07 09:47,0
A01-T2-H01,9,1,F005,2026-08-07 10:49,2026-08-07 10:49,0
A01-T2-H01,9,2,A01,2026-08-07 11:41,2026-08-07 11:41,0
A01-T3-H01,6,0,A01,2026-08-07 11:02,2026-08-07 11:02,0
A01-T3-H01,6,1,F016,2026-08-07 12:10,2026-08-07 12:10,0
A01-T3-H01,6,2,F005,2026-08-07 12:28,2026-08-07 12:28,0
A01-T3-H01,6,3,A01,2026-08-07 13:28,2026-08-07 13:28,0
A01-T1-H02,3,0,A01,2026-08-07 07:00,2026-08-07 07:00,0
A01-T1-H02,3,1,F011,2026-08-07 08:09,2026-08-07 08:09,1
A01-T1-H02,3,2,F002,2026-08-07 08:43,2026-08-07 08:43,0
A01-T1-H02,3,3,F013,2026-08-07 09:10,2026-08-07 09:10,0
A01-T1-H02,3,4,F006,2026-08-07 09:42,2026-08-07 09:42,1
A01-T1-H02,3,5,A01,2026-08-07 10:39,2026-08-07 10:39,0
A01-T1-H03,3,0,A01,2026-08-07 06:00,2026-08-07 06:00,0
A01-T1-H03,3,1,F011,2026-08-07 07:09,2026-08-07 07:09,1
A01-T1-H03,3,2,F002,2026-08-07 07:43,2026-08-07 07:43,0
A01-T1-H03,3,3,F006,2026-08-07 08:14,2026-08-07 08:14,1
A01-T1-H03,3,4,F003,2026-08-07 08:35,2026-08-07 08:35,0
A01-T1-H03,3,5,A01,2026-08-07 09:22,2026-08-07 09:22,0
A01-T1-H03,4,0,A01,2026-08-07 09:52,2026-08-07 09:52,0
A01-T1-H03,4,1,F005,2026-08-07 10:48,2026-08-07 10:48,0
A01-T1-H03,4,2,F015,2026-08-07 11:04,2026-08-07 11:04,0
A01-T1-H03,4,3,F011,2026-08-07 11:32,2026-08-07 11:32,1
A01-T1-H03,4,4,F009,2026-08-07 11:51,2026-08-07 11:51,0
A01-T1-H03,4,5,F014,2026-08-07 12:07,2026-08-07 12:07,0
A01-T1-H03,4,6,A01,2026-08-07 12:47,2026-08-07 12:47,0
A01-T1-H01,7,0,A01,2026-08-07 10:50,2026-08-07 10:50,0
A01-T1-H01,7,1,F017,2026-08-07 11:37,2026-08-07 11:37,0
A01-T1-H01,7,2,F014,2026-08-07 11:57,2026-08-07 11:57,0
A01-T1-H01,7,3,F011,2026-08-07 12:28,2026-08-07 12:28,1
A01-T1-H01,7,4,A01,2026-08-07 13:17,2026-08-07 13:17,0
A01-T3-H01,7,0,A01,2026-08-08 06:47,2026-08-08 06:47,0
A01-T3-H01,7,1,F011,2026-08-08 08:01,2026-08-08 08:01,0
A01-T3-H01,7,2,F012,2026-08-08 08:30,2026-08-08 08:30,0
A01-T3-H01,7,3,A01,2026-08-08 09:36,2026-08-08 09:36,0
A01-T3-H02,8,0,A01,2026-08-08 07:07,2026-08-08 07:07,0
A01-T3-H02,8,1,F006,2026-08-08 08:32,2026-08-08 08:32,0
A01-T3-H02,8,2,F007,2026-08-08 08:47,2026-08-08 08:47,0
A01-T3-H02,8,3,A01,2026-08-08 10:01,2026-08-08 10:01,0
A01-T2-H01,10,0,A01,2026-08-08 07:47,2026-08-08 07:47,0
A01-T2-H01,10,1,F007,2026-08-08 09:01,2026-08-08 09:01,0
A01-T2-H01,10,2,F006,2026-08-08 09:25,2026-08-08 09:25,1
A01-T2-H01,10,3,F010,2026-08-08 09:43,2026-08-08 09:43,0
A01-T2-H01,10,4,A01,2026-08-08 10:42,2026-08-08 10:42,0
A01-T2-H02,7,0,A01,2026-08-08 08:05,2026-08-08 08:05,0
A01-T2-H02,7,1,F006,2026-08-08 09:30,2026-08-08 09:30,1
A01-T2-H02,7,2,F013,2026-08-08 09:53,2026-08-08 09:53,0
A01-T2-H02,7,3,A01,2026-08-08 11:10,2026-08-08 11:10,0
A01-T2-H03,6,0,A01,2026-08-08 08:05,2026-08-08 08:05,0
A01-T2-H03,6,1,F008,2026-08-08 09:16,2026-08-08 09:16,0
A01-T2-H03,6,2,F011,2026-08-08 09:45,2026-08-08 09:45,1
A01-T2-H03,6,3,A01,2026-08-08 10:40,2026-08-08 10:40,0
A01-T3-H01,8,0,A01,2026-08-08 10:06,2026-08-08 10:06,0
A01-T3-H01,8,1,F009,2026-08-08 11:09,2026-08-08 11:09,0
A01-T3-H01,8,2,A01,2026-08-08 12:02,2026-08-08 12:02,0
A01-T3-H02,9,0,A01,2026-08-08 10:31,2026-08-08 10:31,0
A01-T3-H02,9,1,F001,2026-08-08 11:51,2026-08-08 11:51,0
A01-T3-H02,9,2,F012,2026-08-08 12:15,2026-08-08 12:15,0
A01-T3-H02,9,3,F005,2026-08-08 12:31,2026-08-08 12:31,0
A01-T3-H02,9,4,F011,2026-08-08 13:09,2026-08-08 13:09,1
A01-T3-H02,9,5,F010,2026-08-08 13:34,2026-08-08 13:34,0
A01-T3-H02,9,6,A01,2026-08-08 14:43,2026-08-08 14:43,0
A01-T2-H03,7,0,A01,2026-08-08 11:10,2026-08-08 11:10,0
A01-T2-H03,7,1,F001,2026-08-08 12:20,2026-08-08 12:20,0
A01-T2-H03,7,2,F012,2026-08-08 12:42,2026-08-08 12:42,0
A01-T2-H03,7,3,F005,2026-08-08 12:57,2026-08-08 12:57,0
A01-T2-H03,7,4,F011,2026-08-08 13:32,2026-08-08 13:32,1
A01-T2-H03,7,5,A01,2026-08-08 14:27,2026-08-08 14:27,0
A01-T1-H01,8,0,A01,2026-08-08 07:53,2026-08-08 07:53,0
A01-T1-H01,8,1,F006,2026-08-08 09:10,2026-08-08 09:10,1
A01-T1-H01,8,2,F013,2026-08-08 09:32,2026-08-08 09:32,0
A01-T1-H01,8,3,F011,2026-08-08 10:20,2026-08-08 10:20,1
A01-T1-H01,8,4,A01,2026-08-08 11:09,2026-08-08 11:09,0
A01-T2-H01,11,0,A01,2026-08-09 06:00,2026-08-09 06:00,0
A01-T2-H01,11,1,F003,2026-08-09 07:03,2026-08-09 07:03,0
A01-T2-H01,11,2,F007,2026-08-09 07:27,2026-08-09 07:27,0
A01-T2-H01,11,3,F006,2026-08-09 07:51,2026-08-09 07:51,1
A01-T2-H01,11,4,F008,2026-08-09 08:13,2026-08-09 08:13,0
A01-T2-H01,11,5,A01,2026-08-09 09:14,2026-08-09 09:14,0
A01-T2-H02,8,0,A01,2026-08-09 06:53,2026-08-09 06:53,0
A01-T2-H02,8,1,F001,2026-08-09 08:03,2026-08-09 08:03,0
A01-T2-H02,8,2,F011,2026-08-09 08:51,2026-08-09 08:51,1
A01-T2-H02,8,3,A01,2026-08-09 09:46,2026-08-09 09:46,0
A01-T3-H01,9,0,A01,2026-08-09 07:25,2026-08-09 07:25,0
A01-T3-H01,9,1,F002,2026-08-09 08:44,2026-08-09 08:44,0
A01-T3-H01,9,2,F006,2026-08-09 09:18,2026-08-09 09:18,1
A01-T3-H01,9,3,A01,2026-08-09 10:33,2026-08-09 10:33,0
A01-T1-H01,9,0,A01,2026-08-09 07:38,2026-08-09 07:38,0
A01-T1-H01,9,1,F011,2026-08-09 08:47,2026-08-09 08:47,1
A01-T1-H01,9,2,F002,2026-08-09 09:21,2026-08-09 09:21,0
A01-T1-H01,9,3,F006,2026-08-09 09:52,2026-08-09 09:52,1
A01-T1-H01,9,4,F003,2026-08-09 10:13,2026-08-09 10:13,0
A01-T1-H01,9,5,A01,2026-08-09 11:00,2026-08-09 11:00,0
A01-T3-H02,10,0,A01,2026-08-09 08:08,2026-08-09 08:08,0
A01-T3-H02,10,1,F003,2026-08-09 09:19,2026-08-09 09:19,0
A01-T3-H02,10,2,F006,2026-08-09 09:54,2026-08-09 09:54,1
A01-T3-H02,10,3,F007,2026-08-09 10:09,2026-08-09 10:09,0
A01-T3-H02,10,4,A01,2026-08-09 11:23,2026-08-09 11:23,0
A01-T2-H03,9,0,A01,2026-08-09 09:07,2026-08-09 09:07,0
A01-T2-H03,9,1,F014,2026-08-09 10:02,2026-08-09 10:02,0
A01-T2-H03,9,2,F015,2026-08-09 10:20,2026-08-09 10:20,0
A01-T2-H03,9,3,A01,2026-08-09 11:13,2026-08-09 11:13,0
A01-T2-H01,12,0,A01,2026-08-09 10:11,2026-08-09 10:11,0
A01-T2-H01,12,1,F016,2026-08-09 11:11,2026-08-09 11:11,0
A01-T2-H01,12,2,F017,2026-08-09 11:29,2026-08-09 11:29,0
A01-T2-H01,12,3,A01,2026-08-09 12:11,2026-08-09 12:11,0
A01-T1-H02,5,0,A01,2026-08-09 08:59,2026-08-09 08:59,0
A01-T1-H02,5,1,F014,2026-08-09 09:49,2026-08-09 09:49,0
A01-T1-H02,5,2,F015,2026-08-09 10:06,2026-08-09 10:06,0
A01-T1-H02,5,3,F011,2026-08-09 10:34,2026-08-09 10:34,1
A01-T1-H02,5,4,A01,2026-08-09 11:23,2026-08-09 11:23,0
A01-T2-H02,9,0,A01,2026-08-09 10:16,2026-08-09 10:16,0
A01-T2-H02,9,1,F016,2026-08-09 11:16,2026-08-09 11:16,0
A01-T2-H02,9,2,F017,2026-08-09 11:34,2026-08-09 11:34,0
A01-T2-H02,9,3,A01,2026-08-09 12:16,2026-08-09 12:16,0
A01-T2-H03,8,0,A01,2026-08-09 06:00,2026-08-09 06:00,0
A01-T2-H03,8,1,F016,2026-08-09 07:00,2026-08-09 07:00,0
A01-T2-H03,8,2,F017,2026-08-09 07:18,2026-08-09 07:18,0
A01-T2-H03,8,3,A01,2026-08-09 08:00,2026-08-09 08:00,0
A02-T3-H01,1,0,A02,2026-08-03 06:11,2026-08-03 06:11,0
A02-T3-H01,1,1,F021,2026-08-03 07:31,2026-08-03 07:31,0
A02-T3-H01,1,2,F024,2026-08-03 07:52,2026-08-03 07:52,0
A02-T3-H01,1,3,F027,2026-08-03 08:09,2026-08-03 08:09,0
A02-T3-H01,1,4,A02,2026-08-03 09:12,2026-08-03 09:12,0
A02-T3-H02,1,0,A02,2026-08-03 06:58,2026-08-03 06:58,0
A02-T3-H02,1,1,F020,2026-08-03 08:07,2026-08-03 08:07,0
A02-T3-H02,1,2,A02,2026-08-03 09:06,2026-08-03 09:06,0
A02-T2-H01,1,0,A02,2026-08-03 08:20,2026-08-03 08:20,0
A02-T2-H01,1,1,F018,2026-08-03 09:39,2026-08-03 09:39,1
A02-T2-H01,1,2,F026,2026-08-03 09:53,2026-08-03 09:53,0
A02-T2-H01,1,3,F033,2026-08-03 10:13,2026-08-03 10:13,0
A02-T2-H01,1,4,F019,2026-08-03 10:30,2026-08-03 10:30,0
A02-T2-H01,1,5,F020,2026-08-03 10:50,2026-08-03 10:50,0
A02-T2-H01,1,6,A02,2026-08-03 11:41,2026-08-03 11:41,0
A02-T2-H02,1,0,A02,2026-08-03 07:49,2026-08-03 07:49,0
A02-T2-H02,1,1,F021,2026-08-03 08:59,2026-08-03 08:59,0
A02-T2-H02,1,2,F024,2026-08-03 09:28,2026-08-03 09:28,1
A02-T2-H02,1,3,A02,2026-08-03 10:28,2026-08-03 10:28,0
A02-T2-H03,1,0,A02,2026-08-03 08:47,2026-08-03 08:47,0
A02-T2-H03,1,1,F020,2026-08-03 09:48,2026-08-03 09:48,0
A02-T2-H03,1,2,F019,2026-08-03 10:08,2026-08-03 10:08,0
A02-T2-H03,1,3,F033,2026-08-03 10:25,2026-08-03 10:25,0
A02-T2-H03,1,4,F024,2026-08-03 10:56,2026-08-03 10:56,1
A02-T2-H03,1,5,A02,2026-08-03 11:56,2026-08-03 11:56,0
A02-T2-H04,1,0,A02,2026-08-03 07:49,2026-08-03 07:49,0
A02-T2-H04,1,1,F018,2026-08-03 09:08,2026-08-03 09:08,1
A02-T2-H04,1,2,A02,2026-08-03 10:07,2026-08-03 10:07,0
A02-T3-H02,2,0,A02,2026-08-03 09:39,2026-08-03 09:39,0
A02-T3-H02,2,1,F020,2026-08-03 10:48,2026-08-03 10:48,0
A02-T3-H02,2,2,F019,2026-08-03 11:10,2026-08-03 11:10,0
A02-T3-H02,2,3,F024,2026-08-03 11:30,2026-08-03 11:30,0
A02-T3-H02,2,4,A02,2026-08-03 12:40,2026-08-03 12:40,0
A02-T2-H01,2,0,A02,2026-08-04 06:17,2026-08-04 06:17,0
A02-T2-H01,2,1,F023,2026-08-04 07:40,2026-08-04 07:40,0
A02-T2-H01,2,2,F031,2026-08-04 08:07,2026-08-04 08:07,1
A02-T2-H01,2,3,A02,2026-08-04 09:13,2026-08-04 09:13,0
A02-T2-H02,2,0,A02,2026-08-04 07:14,2026-08-04 07:14,0
A02-T2-H02,2,1,F018,2026-08-04 08:33,2026-08-04 08:33,1
A02-T2-H02,2,2,F026,2026-08-04 08:47,2026-08-04 08:47,0
A02-T2-H02,2,3,A02,2026-08-04 09:48,2026-08-04 09:48,0
A02-T3-H01,2,0,A02,2026-08-04 07:53,2026-08-04 07:53,0
A02-T3-H01,2,1,F027,2026-08-04 09:06,2026-08-04 09:06,0
A02-T3-H01,2,2,A02,2026-08-04 10:09,2026-08-04 10:09,0
A02-T2-H03,2,0,A02,2026-08-04 09:30,2026-08-04 09:30,0
A02-T2-H03,2,1,F022,2026-08-04 10:37,2026-08-04 10:37,0
A02-T2-H03,2,2,F033,2026-08-04 10:56,2026-08-04 10:56,0
A02-T2-H03,2,3,F024,2026-08-04 11:27,2026-08-04 11:27,1
A02-T2-H03,2,4,A02,2026-08-04 12:27,2026-08-04 12:27,0
A02-T3-H02,3,0,A02,2026-08-04 09:38,2026-08-04 09:38,0
A02-T3-H02,3,1,F025,2026-08-04 10:53,2026-08-04 10:53,0
A02-T3-H02,3,2,F031,2026-08-04 11:29,2026-08-04 11:29,1
A02-T3-H02,3,3,F023,2026-08-04 11:47,2026-08-04 11:47,0
A02-T3-H02,3,4,F032,2026-08-04 12:02,2026-08-04 12:02,0
A02-T3-H02,3,5,F027,2026-08-04 12:44,2026-08-04 12:44,0
A02-T3-H02,3,6,A02,2026-08-04 13:47,2026-08-04 13:47,0
A02-T2-H01,3,0,A02,2026-08-04 15:15,2026-08-04 15:15,0
A02-T2-H01,3,1,F024,2026-08-04 16:35,2026-08-04 16:35,1
A02-T2-H01,3,2,F025,2026-08-04 16:56,2026-08-04 16:56,0
A02-T2-H01,3,3,A02,2026-08-04 17:52,2026-08-04 17:52,0
A02-T2-H04,2,0,A02,2026-08-04 07:17,2026-08-04 07:17,0
A02-T2-H04,2,1,F018,2026-08-04 08:36,2026-08-04 08:36,1
A02-T2-H04,2,2,F026,2026-08-04 08:50,2026-08-04 08:50,0
A02-T2-H04,2,3,F022,2026-08-04 09:07,2026-08-04 09:07,0
A02-T2-H04,2,4,A02,2026-08-04 10:04,2026-08-04 10:04,0
A02-T1-H01,1,0,A02,2026-08-04 15:15,2026-08-04 15:15,0
A02-T1-H01,1,1,F024,2026-08-04 16:28,2026-08-04 16:28,1
A02-T1-H01,1,2,F025,2026-08-04 16:48,2026-08-04 16:48,0
A02-T1-H01,1,3,A02,2026-08-04 17:37,2026-08-04 17:37,0
A02-T2-H01,4,0,A02,2026-08-05 06:15,2026-08-05 06:15,0
A02-T2-H01,4,1,F018,2026-08-05 07:34,2026-08-05 07:34,1
A02-T2-H01,4,2,F028,2026-08-05 08:02,2026-08-05 08:02,0
A02-T2-H01,4,3,A02,2026-08-05 09:09,2026-08-05 09:09,0
A02-T2-H02,3,0,A02,2026-08-05 06:54,2026-08-05 06:54,0
A02-T2-H02,3,1,F031,2026-08-05 08:20,2026-08-05 08:20,1
A02-T2-H02,3,2,F032,2026-08-05 08:41,2026-08-05 08:41,0
A02-T2-H02,3,3,A02,2026-08-05 09:58,2026-08-05 09:58,0
A02-T2-H03,3,0,A02,2026-08-05 07:32,2026-08-05 07:32,0
A02-T2-H03,3,1,F024,2026-08-05 08:52,2026-08-05 08:52,1
A02-T2-H03,3,2,F033,2026-08-05 09:13,2026-08-05 09:13,0
A02-T2-H03,3,3,A02,2026-08-05 10:19,2026-08-05 10:19,0
A02-T3-H01,3,0,A02,2026-08-05 08:12,2026-08-05 08:12,0
A02-T3-H01,3,1,F024,2026-08-05 09:42,2026-08-05 09:42,1
A02-T3-H01,3,2,F034,2026-08-05 10:04,2026-08-05 10:04,0
A02-T3-H01,3,3,A02,2026-08-05 11:25,2026-08-05 11:25,0
A02-T2-H04,3,0,A02,2026-08-05 09:03,2026-08-05 09:03,0
A02-T2-H04,3,1,F024,2026-08-05 10:23,2026-08-05 10:23,1
A02-T2-H04,3,2,F029,2026-08-05 10:38,2026-08-05 10:38,0
A02-T2-H04,3,3,A02,2026-08-05 11:37,2026-08-05 11:37,0
A02-T2-H01,5,0,A02,2026-08-05 09:40,2026-08-05 09:40,0
A02-T2-H01,5,1,F030,2026-08-05 10:40,2026-08-05 10:40,0
A02-T2-H01,5,2,A02,2026-08-05 11:30,2026-08-05 11:30,0
A02-T2-H01,6,0,A02,2026-08-05 14:59,2026-08-05 14:59,0
A02-T2-H01,6,1,F024,2026-08-05 16:19,2026-08-05 16:19,1
A02-T2-H01,6,2,F027,2026-08-05 16:35,2026-08-05 16:35,0
A02-T2-H01,6,3,A02,2026-08-05 17:29,2026-08-05 17:29,0
A02-T3-H02,4,0,A02,2026-08-05 08:12,2026-08-05 08:12,0
A02-T3-H02,4,1,F024,2026-08-05 09:42,2026-08-05 09:42,1
A02-T3-H02,4,2,F034,2026-08-05 10:04,2026-08-05 10:04,0
A02-T3-H02,4,3,F033,2026-08-05 10:24,2026-08-05 10:24,0
A02-T3-H02,4,4,A02,2026-08-05 11:40,2026-08-05 11:40,0
A02-T3-H01,4,0,A02,2026-08-06 06:02,2026-08-06 06:02,0
A02-T3-H01,4,1,F018,2026-08-06 07:30,2026-08-06 07:30,1
A02-T3-H01,4,2,F026,2026-08-06 07:45,2026-08-06 07:45,0
A02-T3-H01,4,3,F033,2026-08-06 08:07,2026-08-06 08:07,0
A02-T3-H01,4,4,F019,2026-08-06 08:25,2026-08-06 08:25,0
A02-T3-H01,4,5,A02,2026-08-06 09:34,2026-08-06 09:34,0
A02-T2-H01,7,0,A02,2026-08-06 07:04,2026-08-06 07:04,0
A02-T2-H01,7,1,F020,2026-08-06 08:05,2026-08-06 08:05,0
A02-T2-H01,7,2,A02,2026-08-06 08:56,2026-08-06 08:56,0
A02-T2-H02,4,0,A02,2026-08-06 08:06,2026-08-06 08:06,0
A02-T2-H02,4,1,F025,2026-08-06 09:12,2026-08-06 09:12,0
A02-T2-H02,4,2,F021,2026-08-06 09:27,2026-08-06 09:27,0
A02-T2-H02,4,3,F035,2026-08-06 09:49,2026-08-06 09:49,0
A02-T2-H02,4,4,F024,2026-08-06 10:25,2026-08-06 10:25,1
A02-T2-H02,4,5,F027,2026-08-06 10:41,2026-08-06 10:41,0
A02-T2-H02,4,6,A02,2026-08-06 11:35,2026-08-06 11:35,0
A02-T3-H02,5,0,A02,2026-08-06 07:44,2026-08-06 07:44,0
A02-T3-H02,5,1,F021,2026-08-06 09:04,2026-08-06 09:04,0
A02-T3-H02,5,2,F024,2026-08-06 09:25,2026-08-06 09:25,0
A02-T3-H02,5,3,A02,2026-08-06 10:35,2026-08-06 10:35,0
A02-T2-H03,4,0,A02,2026-08-06 08:39,2026-08-06 08:39,0
A02-T2-H03,4,1,F018,2026-08-06 09:58,2026-08-06 09:58,1
A02-T2-H03,4,2,F022,2026-08-06 10:17,2026-08-06 10:17,0
A02-T2-H03,4,3,A02,2026-08-06 11:14,2026-08-06 11:14,0
A02-T2-H04,4,0,A02,2026-08-06 06:00,2026-08-06 06:00,0
A02-T2-H04,4,1,F031,2026-08-06 07:26,2026-08-06 07:26,1
A02-T2-H04,4,2,A02,2026-08-06 08:32,2026-08-06 08:32,0
A02-T2-H01,8,0,A02,2026-08-06 15:14,2026-08-06 15:14,0
A02-T2-H01,8,1,F022,2026-08-06 16:21,2026-08-06 16:21,0
A02-T2-H01,8,2,F019,2026-08-06 16:36,2026-08-06 16:36,0
A02-T2-H01,8,3,F024,2026-08-06 17:05,2026-08-06 17:05,1
A02-T2-H01,8,4,A02,2026-08-06 18:05,2026-08-06 18:05,0
A02-T1-H01,2,0,A02,2026-08-06 07:55,2026-08-06 07:55,0
A02-T1-H01,2,1,F031,2026-08-06 09:14,2026-08-06 09:14,1
A02-T1-H01,2,2,F025,2026-08-06 09:36,2026-08-06 09:36,0
A02-T1-H01,2,3,F021,2026-08-06 09:51,2026-08-06 09:51,0
A02-T1-H01,2,4,F024,2026-08-06 10:19,2026-08-06 10:19,1
A02-T1-H01,2,5,F027,2026-08-06 10:34,2026-08-06 10:34,0
A02-T1-H01,2,6,A02,2026-08-06 11:22,2026-08-06 11:22,0
A02-T2-H02,5,0,A02,2026-08-06 15:14,2026-08-06 15:14,0
A02-T2-H02,5,1,F018,2026-08-06 16:33,2026-08-06 16:33,1
A02-T2-H02,5,2,F019,2026-08-06 16:55,2026-08-06 16:55,0
A02-T2-H02,5,3,A02,2026-08-06 17:54,2026-08-06 17:54,0
A02-T3-H01,5,0,A02,2026-08-07 06:06,2026-08-07 06:06,0
A02-T3-H01,5,1,F027,2026-08-07 07:19,2026-08-07 07:19,0
A02-T3-H01,5,2,F021,2026-08-07 07:41,2026-08-07 07:41,0
A02-T3-H01,5,3,F035,2026-08-07 08:04,2026-08-07 08:04,0
A02-T3-H01,5,4,F018,2026-08-07 09:04,2026-08-07 09:04,1
A02-T3-H01,5,5,F028,2026-08-07 09:35,2026-08-07 09:35,0
A02-T3-H01,5,6,A02,2026-08-07 10:52,2026-08-07 10:52,0
A02-T3-H02,6,0,A02,2026-08-07 06:43,2026-08-07 06:43,0
A02-T3-H02,6,1,F018,2026-08-07 08:11,2026-08-07 08:11,1
A02-T3-H02,6,2,F026,2026-08-07 08:26,2026-08-07 08:26,0
A02-T3-H02,6,3,F027,2026-08-07 08:57,2026-08-07 08:57,0
A02-T3-H02,6,4,F025,2026-08-07 09:18,2026-08-07 09:18,0
A02-T3-H02,6,5,A02,2026-08-07 10:23,2026-08-07 10:23,0
A02-T2-H01,9,0,A02,2026-08-07 07:20,2026-08-07 07:20,0
A02-T2-H01,9,1,F018,2026-08-07 08:39,2026-08-07 08:39,1
A02-T2-H01,9,2,F026,2026-08-07 08:53,2026-08-07 08:53,0
A02-T2-H01,9,3,A02,2026-08-07 09:54,2026-08-07 09:54,0
A02-T1-H01,3,0,A02,2026-08-07 06:00,2026-08-07 06:00,0
A02-T1-H01,3,1,F018,2026-08-07 07:12,2026-08-07 07:12,1
A02-T1-H01,3,2,A02,2026-08-07 08:04,2026-08-07 08:04,0
A02-T2-H02,6,0,A02,2026-08-07 08:36,2026-08-07 08:36,0
A02-T2-H02,6,1,F024,2026-08-07 09:56,2026-08-07 09:56,1
A02-T2-H02,6,2,F028,2026-08-07 10:44,2026-08-07 10:44,0
A02-T2-H02,6,3,F018,2026-08-07 11:22,2026-08-07 11:22,1
A02-T2-H02,6,4,A02,2026-08-07 12:21,2026-08-07 12:21,0
A02-T2-H03,6,0,A02,2026-08-07 10:01,2026-08-07 10:01,0
A02-T2-H03,6,1,F024,2026-08-07 11:21,2026-08-07 11:21,1
A02-T2-H03,6,2,A02,2026-08-07 12:21,2026-08-07 12:21,0
A02-T2-H01,10,0,A02,2026-08-07 15:16,2026-08-07 15:16,0
A02-T2-H01,10,1,F031,2026-08-07 16:42,2026-08-07 16:42,1
A02-T2-H01,10,2,F023,2026-08-07 16:59,2026-08-07 16:59,0
A02-T2-H01,10,3,F035,2026-08-07 17:20,2026-08-07 17:20,0
A02-T2-H01,10,4,A02,2026-08-07 18:32,2026-08-07 18:32,0
A02-T3-H01,6,0,A02,2026-08-07 15:07,2026-08-07 15:07,0
A02-T3-H01,6,1,F027,2026-08-07 16:20,2026-08-07 16:20,0
A02-T3-H01,6,2,A02,2026-08-07 17:23,2026-08-07 17:23,0
A02-T3-H02,7,0,A02,2026-08-07 14:44,2026-08-07 14:44,0
A02-T3-H02,7,1,F025,2026-08-07 15:59,2026-08-07 15:59,0
A02-T3-H02,7,2,F027,2026-08-07 16:20,2026-08-07 16:20,0
A02-T3-H02,7,3,F018,2026-08-07 17:04,2026-08-07 17:04,1
A02-T3-H02,7,4,F028,2026-08-07 17:35,2026-08-07 17:35,0
A02-T3-H02,7,5,A02,2026-08-07 18:52,2026-08-07 18:52,0
A02-T1-H02,1,0,A02,2026-08-07 06:00,2026-08-07 06:00,0
A02-T1-H02,1,1,F024,2026-08-07 07:13,2026-08-07 07:13,1
A02-T1-H02,1,2,F028,2026-08-07 07:56,2026-08-07 07:56,0
A02-T1-H02,1,3,F018,2026-08-07 08:32,2026-08-07 08:32,1
A02-T1-H02,1,4,A02,2026-08-07 09:24,2026-08-07 09:24,0
A02-T1-H01,4,0,A02,2026-08-07 15:07,2026-08-07 15:07,0
A02-T1-H01,4,1,F024,2026-08-07 16:20,2026-08-07 16:20,1
A02-T1-H01,4,2,F023,2026-08-07 16:51,2026-08-07 16:51,0
A02-T1-H01,4,3,F031,2026-08-07 17:17,2026-08-07 17:17,1
A02-T1-H01,4,4,A02,2026-08-07 18:16,2026-08-07 18:16,0
A02-T2-H03,5,0,A02,2026-08-07 06:12,2026-08-07 06:12,0
A02-T2-H03,5,1,F018,2026-08-07 07:31,2026-08-07 07:31,1
A02-T2-H03,5,2,F028,2026-08-07 07:59,2026-08-07 07:59,0
A02-T2-H03,5,3,A02,2026-08-07 09:06,2026-08-07 09:06,0
A02-T2-H01,11,0,A02,2026-08-08 06:00,2026-08-08 06:00,0
A02-T2-H01,11,1,F018,2026-08-08 07:19,2026-08-08 07:19,1
A02-T2-H01,11,2,F028,2026-08-08 07:47,2026-08-08 07:47,0
A02-T2-H01,11,3,A02,2026-08-08 08:54,2026-08-08 08:54,0
A02-T3-H01,7,0,A02,2026-08-08 06:13,2026-08-08 06:13,0
A02-T3-H01,7,1,F024,2026-08-08 07:43,2026-08-08 07:43,1
A02-T3-H01,7,2,F034,2026-08-08 08:05,2026-08-08 08:05,0
A02-T3-H01,7,3,A02,2026-08-08 09:26,2026-08-08 09:26,0
A02-T2-H02,7,0,A02,2026-08-08 06:00,2026-08-08 06:00,0
A02-T2-H02,7,1,F018,2026-08-08 07:19,2026-08-08 07:19,1
A02-T2-H02,7,2,F026,2026-08-08 07:33,2026-08-08 07:33,0
A02-T2-H02,7,3,A02,2026-08-08 08:34,2026-08-08 08:34,0
A02-T2-H03,7,0,A02,2026-08-08 06:58,2026-08-08 06:58,0
A02-T2-H03,7,1,F031,2026-08-08 08:24,2026-08-08 08:24,1
A02-T2-H03,7,2,F032,2026-08-08 08:45,2026-08-08 08:45,0
A02-T2-H03,7,3,A02,2026-08-08 10:02,2026-08-08 10:02,0
A02-T2-H04,5,0,A02,2026-08-08 07:26,2026-08-08 07:26,0
A02-T2-H04,5,1,F024,2026-08-08 08:46,2026-08-08 08:46,1
A02-T2-H04,5,2,F033,2026-08-08 09:07,2026-08-08 09:07,0
A02-T2-H04,5,3,A02,2026-08-08 10:13,2026-08-08 10:13,0
A02-T1-H01,5,0,A02,2026-08-08 09:07,2026-08-08 09:07,0
A02-T1-H01,5,1,F024,2026-08-08 10:20,2026-08-08 10:20,1
A02-T1-H01,5,2,F029,2026-08-08 10:34,2026-08-08 10:34,0
A02-T1-H01,5,3,A02,2026-08-08 11:26,2026-08-08 11:26,0
A02-T2-H01,12,0,A02,2026-08-08 09:44,2026-08-08 09:44,0
A02-T2-H01,12,1,F030,2026-08-08 10:44,2026-08-08 10:44,0
A02-T2-H01,12,2,A02,2026-08-08 11:34,2026-08-08 11:34,0
A02-T2-H02,8,0,A02,2026-08-08 10:14,2026-08-08 10:14,0
A02-T2-H02,8,1,F031,2026-08-08 11:40,2026-08-08 11:40,1
A02-T2-H02,8,2,A02,2026-08-08 12:46,2026-08-08 12:46,0
A02-T3-H01,8,0,A02,2026-08-08 15:04,2026-08-08 15:04,0
A02-T3-H01,8,1,F030,2026-08-08 16:11,2026-08-08 16:11,0
A02-T3-H01,8,2,F026,2026-08-08 16:40,2026-08-08 16:40,0
A02-T3-H01,8,3,F034,2026-08-08 17:11,2026-08-08 17:11,0
A02-T3-H01,8,4,F031,2026-08-08 18:00,2026-08-08 18:00,1
A02-T3-H01,8,5,F032,2026-08-08 18:22,2026-08-08 18:22,0
A02-T3-H01,8,6,A02,2026-08-08 19:51,2026-08-08 19:51,0
A02-T3-H02,9,0,A02,2026-08-08 15:04,2026-08-08 15:04,0
A02-T3-H02,9,1,F030,2026-08-08 16:11,2026-08-08 16:11,0
A02-T3-H02,9,2,F018,2026-08-08 16:46,2026-08-08 16:46,1
A02-T3-H02,9,3,F026,2026-08-08 17:01,2026-08-08 17:01,0
A02-T3-H02,9,4,F034,2026-08-08 17:32,2026-08-08 17:32,0
A02-T3-H02,9,5,A02,2026-08-08 18:53,2026-08-08 18:53,0
A02-T2-H01,13,0,A02,2026-08-09 07:11,2026-08-09 07:11,0
A02-T2-H01,13,1,F019,2026-08-09 08:20,2026-08-09 08:20,0
A02-T2-H01,13,2,F024,2026-08-09 08:49,2026-08-09 08:49,1
A02-T2-H01,13,3,A02,2026-08-09 09:49,2026-08-09 09:49,0
A02-T2-H02,9,0,A02,2026-08-09 06:00,2026-08-09 06:00,0
A02-T2-H02,9,1,F018,2026-08-09 07:19,2026-08-09 07:19,1
A02-T2-H02,9,2,F022,2026-08-09 07:38,2026-08-09 07:38,0
A02-T2-H02,9,3,F029,2026-08-09 08:04,2026-08-09 08:04,0
A02-T2-H02,9,4,F021,2026-08-09 08:19,2026-08-09 08:19,0
A02-T2-H02,9,5,F025,2026-08-09 08:34,2026-08-09 08:34,0
A02-T2-H02,9,6,A02,2026-08-09 09:30,2026-08-09 09:30,0
A02-T2-H03,8,0,A02,2026-08-09 07:48,2026-08-09 07:48,0
A02-T2-H03,8,1,F020,2026-08-09 08:49,2026-08-09 08:49,0
A02-T2-H03,8,2,A02,2026-08-09 09:40,2026-08-09 09:40,0
A02-T2-H04,6,0,A02,2026-08-09 08:40,2026-08-09 08:40,0
A02-T2-H04,6,1,F024,2026-08-09 10:00,2026-08-09 10:00,1
A02-T2-H04,6,2,F029,2026-08-09 10:15,2026-08-09 10:15,0
A02-T2-H04,6,3,F035,2026-08-09 10:39,2026-08-09 10:39,0
A02-T2-H04,6,4,F021,2026-08-09 11:01,2026-08-09 11:01,0
A02-T2-H04,6,5,F025,2026-08-09 11:16,2026-08-09 11:16,0
A02-T2-H04,6,6,A02,2026-08-09 12:12,2026-08-09 12:12,0
A02-T3-H01,9,0,A02,2026-08-09 08:21,2026-08-09 08:21,0
A02-T3-H01,9,1,F021,2026-08-09 09:41,2026-08-09 09:41,0
A02-T3-H01,9,2,F024,2026-08-09 10:02,2026-08-09 10:02,0
A02-T3-H01,9,3,A02,2026-08-09 11:12,2026-08-09 11:12,0
A02-T3-H02,10,0,A02,2026-08-09 08:59,2026-08-09 08:59,0
A02-T3-H02,10,1,F022,2026-08-09 10:15,2026-08-09 10:15,0
A02-T3-H02,10,2,F021,2026-08-09 10:49,2026-08-09 10:49,0
A02-T3-H02,10,3,F032,2026-08-09 11:20,2026-08-09 11:20,0
A02-T3-H02,10,4,F031,2026-08-09 11:52,2026-08-09 11:52,1
A02-T3-H02,10,5,F025,2026-08-09 12:18,2026-08-09 12:18,0
A02-T3-H02,10,6,A02,2026-08-09 13:23,2026-08-09 13:23,0
A02-T1-H01,6,0,A02,2026-08-09 09:55,2026-08-09 09:55,0
A02-T1-H01,6,1,F031,2026-08-09 11:14,2026-08-09 11:14,1
A02-T1-H01,6,2,F021,2026-08-09 11:35,2026-08-09 11:35,0
A02-T1-H01,6,3,F024,2026-08-09 12:03,2026-08-09 12:03,1
A02-T1-H01,6,4,A02,2026-08-09 12:56,2026-08-09 12:56,0
A02-T1-H02,3,0,A02,2026-08-09 09:55,2026-08-09 09:55,0
A02-T1-H02,3,1,F031,2026-08-09 11:14,2026-08-09 11:14,1
A02-T1-H02,3,2,F021,2026-08-09 11:35,2026-08-09 11:35,0
A02-T1-H02,3,3,F024,2026-08-09 12:03,2026-08-09 12:03,1
A02-T1-H02,3,4,A02,2026-08-09 12:56,2026-08-09 12:56,0
A02-T2-H02,10,0,A02,2026-08-09 10:00,2026-08-09 10:00,0
A02-T2-H02,10,1,F018,2026-08-09 11:19,2026-08-09 11:19,1
A02-T2-H02,10,2,A02,2026-08-09 12:18,2026-08-09 12:18,0
A03-T2-H01,1,0,A03,2026-08-03 06:05,2026-08-03 06:05,0
A03-T2-H01,1,1,F038,2026-08-03 07:37,2026-08-03 07:37,1
A03-T2-H01,1,2,F040,2026-08-03 08:14,2026-08-03 08:14,0
A03-T2-H01,1,3,F037,2026-08-03 08:32,2026-08-03 08:32,0
A03-T2-H01,1,4,F044,2026-08-03 09:07,2026-08-03 09:07,1
A03-T2-H01,1,5,F045,2026-08-03 09:33,2026-08-03 09:33,0
A03-T2-H01,1,6,A03,2026-08-03 10:44,2026-08-03 10:44,0
A03-T2-H02,1,0,A03,2026-08-03 06:47,2026-08-03 06:47,0
A03-T2-H02,1,1,F036,2026-08-03 08:00,2026-08-03 08:00,0
A03-T2-H02,1,2,F046,2026-08-03 08:22,2026-08-03 08:22,0
A03-T2-H02,1,3,F038,2026-08-03 09:01,2026-08-03 09:01,1
A03-T2-H02,1,4,A03,2026-08-03 10:13,2026-08-03 10:13,0
A03-T3-H01,1,0,A03,2026-08-03 07:19,2026-08-03 07:19,0
A03-T3-H01,1,1,F039,2026-08-03 08:40,2026-08-03 08:40,0
A03-T3-H01,1,2,A03,2026-08-03 09:51,2026-08-03 09:51,0
A03-T3-H02,1,0,A03,2026-08-03 10:11,2026-08-03 10:11,0
A03-T3-H02,1,1,F037,2026-08-03 12:15,2026-08-03 12:15,0
A03-T3-H02,1,2,F040,2026-08-03 12:34,2026-08-03 12:34,0
A03-T3-H02,1,3,F044,2026-08-03 13:03,2026-08-03 13:03,1
A03-T3-H02,1,4,A03,2026-08-03 14:44,2026-08-03 14:44,0
A03-T2-H01,2,0,A03,2026-08-03 15:17,2026-08-03 15:17,0
A03-T2-H01,2,1,F038,2026-08-03 16:49,2026-08-03 16:49,1
A03-T2-H01,2,2,F037,2026-08-03 17:34,2026-08-03 17:34,0
A03-T2-H01,2,3,F044,2026-08-03 18:09,2026-08-03 18:09,1
A03-T2-H01,2,4,F045,2026-08-03 18:35,2026-08-03 18:35,0
A03-T2-H01,2,5,A03,2026-08-03 19:46,2026-08-03 19:46,0
A03-T3-H01,2,0,A03,2026-08-03 15:05,2026-08-03 15:05,0
A03-T3-H01,2,1,F038,2026-08-03 16:49,2026-08-03 16:49,1
A03-T3-H01,2,2,F045,2026-08-03 17:09,2026-08-03 17:09,0
A03-T3-H01,2,3,A03,2026-08-03 18:32,2026-08-03 18:32,0
A03-T3-H02,2,0,A03,2026-08-03 15:26,2026-08-03 15:26,0
A03-T3-H02,2,1,F036,2026-08-03 16:49,2026-08-03 16:49,0
A03-T3-H02,2,2,A03,2026-08-03 18:02,2026-08-03 18:02,0
A03-T2-H01,3,0,A03,2026-08-04 06:56,2026-08-04 06:56,0
A03-T2-H01,3,1,F040,2026-08-04 08:40,2026-08-04 08:40,0
A03-T2-H01,3,2,F044,2026-08-04 09:08,2026-08-04 09:08,1
A03-T2-H01,3,3,F041,2026-08-04 09:29,2026-08-04 09:29,0
A03-T2-H01,3,4,A03,2026-08-04 10:45,2026-08-04 10:45,0
A03-T3-H01,3,0,A03,2026-08-04 06:00,2026-08-04 06:00,0
A03-T3-H01,3,1,F039,2026-08-04 07:21,2026-08-04 07:21,0
A03-T3-H01,3,2,A03,2026-08-04 08:32,2026-08-04 08:32,0
A03-T3-H02,3,0,A03,2026-08-04 07:31,2026-08-04 07:31,0
A03-T3-H02,3,1,F044,2026-08-04 09:32,2026-08-04 09:32,1
A03-T3-H02,3,2,A03,2026-08-04 11:13,2026-08-04 11:13,0
A03-T3-H03,1,0,A03,2026-08-04 08:33,2026-08-04 08:33,0
A03-T3-H03,1,1,F038,2026-08-04 10:17,2026-08-04 10:17,1
A03-T3-H03,1,2,F041,2026-08-04 10:41,2026-08-04 10:41,0
A03-T3-H03,1,3,F045,2026-08-04 10:58,2026-08-04 10:58,0
A03-T3-H03,1,4,A03,2026-08-04 12:21,2026-08-04 12:21,0
A03-T3-H01,4,0,A03,2026-08-04 09:23,2026-08-04 09:23,0
A03-T3-H01,4,1,F042,2026-08-04 11:30,2026-08-04 11:30,0
A03-T3-H01,4,2,F040,2026-08-04 11:49,2026-08-04 11:49,0
A03-T3-H01,4,3,F044,2026-08-04 12:18,2026-08-04 12:18,1
A03-T3-H01,4,4,F043,2026-08-04 12:35,2026-08-04 12:35,0
A03-T3-H01,4,5,A03,2026-08-04 14:11,2026-08-04 14:11,0
A03-T2-H02,2,0,A03,2026-08-04 09:48,2026-08-04 09:48,0
A03-T2-H02,2,1,F039,2026-08-04 10:59,2026-08-04 10:59,0
A03-T2-H02,2,2,F038,2026-08-04 11:31,2026-08-04 11:31,1
A03-T2-H02,2,3,F052,2026-08-04 11:52,2026-08-04 11:52,0
A03-T2-H02,2,4,A03,2026-08-04 13:04,2026-08-04 13:04,0
A03-T2-H03,1,0,A03,2026-08-04 09:44,2026-08-04 09:44,0
A03-T2-H03,1,1,F038,2026-08-04 11:16,2026-08-04 11:16,1
A03-T2-H03,1,2,F042,2026-08-04 12:01,2026-08-04 12:01,0
A03-T2-H03,1,3,F044,2026-08-04 12:37,2026-08-04 12:37,1
A03-T2-H03,1,4,F041,2026-08-04 12:58,2026-08-04 12:58,0
A03-T2-H03,1,5,F045,2026-08-04 13:14,2026-08-04 13:14,0
A03-T2-H03,1,6,A03,2026-08-04 14:25,2026-08-04 14:25,0
A03-T2-H01,4,0,A03,2026-08-04 11:15,2026-08-04 11:15,0
A03-T2-H01,4,1,F038,2026-08-04 12:47,2026-08-04 12:47,1
A03-T2-H01,4,2,F045,2026-08-04 13:06,2026-08-04 13:06,0
A03-T2-H01,4,3,A03,2026-08-04 14:17,2026-08-04 14:17,0
A03-T2-H01,5,0,A03,2026-08-05 06:00,2026-08-05 06:00,0
A03-T2-H01,5,1,F038,2026-08-05 07:32,2026-08-05 07:32,1
A03-T2-H01,5,2,F043,2026-08-05 07:56,2026-08-05 07:56,0
A03-T2-H01,5,3,F037,2026-08-05 08:27,2026-08-05 08:27,0
A03-T2-H01,5,4,F044,2026-08-05 09:02,2026-08-05 09:02,1
A03-T2-H01,5,5,F041,2026-08-05 09:23,2026-08-05 09:23,0
A03-T2-H01,5,6,A03,2026-08-05 10:39,2026-08-05 10:39,0
A03-T2-H02,3,0,A03,2026-08-05 06:07,2026-08-05 06:07,0
A03-T2-H02,3,1,F038,2026-08-05 07:39,2026-08-05 07:39,1
A03-T2-H02,3,2,F049,2026-08-05 08:03,2026-08-05 08:03,0
A03-T2-H02,3,3,F046,2026-08-05 08:18,2026-08-05 08:18,0
A03-T2-H02,3,4,A03,2026-08-05 09:22,2026-08-05 09:22,0
A03-T3-H01,5,0,A03,2026-08-05 07:06,2026-08-05 07:06,0
A03-T3-H01,5,1,F037,2026-08-05 09:10,2026-08-05 09:10,0
A03-T3-H01,5,2,F050,2026-08-05 09:44,2026-08-05 09:44,1
A03-T3-H01,5,3,F042,2026-08-05 10:07,2026-08-05 10:07,0
A03-T3-H01,5,4,F040,2026-08-05 10:26,2026-08-05 10:26,0
A03-T3-H01,5,5,A03,2026-08-05 12:14,2026-08-05 12:14,0
A03-T3-H02,4,0,A03,2026-08-05 08:48,2026-08-05 08:48,0
A03-T3-H02,4,1,F038,2026-08-05 10:32,2026-08-05 10:32,1
A03-T3-H02,4,2,F049,2026-08-05 10:59,2026-08-05 10:59,0
A03-T3-H02,4,3,F046,2026-08-05 11:15,2026-08-05 11:15,0
A03-T3-H02,4,4,A03,2026-08-05 12:29,2026-08-05 12:29,0
A03-T2-H03,2,0,A03,2026-08-05 09:18,2026-08-05 09:18,0
A03-T2-H03,2,1,F038,2026-08-05 10:50,2026-08-05 10:50,1
A03-T2-H03,2,2,F047,2026-08-05 11:19,2026-08-05 11:19,0
A03-T2-H03,2,3,A03,2026-08-05 12:27,2026-08-05 12:27,0
A03-T3-H03,2,0,A03,2026-08-05 08:44,2026-08-05 08:44,0
A03-T3-H03,2,1,F041,2026-08-05 10:22,2026-08-05 10:22,0
A03-T3-H03,2,2,F044,2026-08-05 10:55,2026-08-05 10:55,1
A03-T3-H03,2,3,F043,2026-08-05 11:12,2026-08-05 11:12,0
A03-T3-H03,2,4,F048,2026-08-05 11:44,2026-08-05 11:44,0
A03-T3-H03,2,5,A03,2026-08-05 13:05,2026-08-05 13:05,0
A03-T2-H02,4,0,A03,2026-08-05 10:20,2026-08-05 10:20,0
A03-T2-H02,4,1,F044,2026-08-05 12:07,2026-08-05 12:07,1
A03-T2-H02,4,2,F037,2026-08-05 12:32,2026-08-05 12:32,0
A03-T2-H02,4,3,F050,2026-08-05 12:54,2026-08-05 12:54,0
A03-T2-H02,4,4,F038,2026-08-05 14:00,2026-08-05 14:00,1
A03-T2-H02,4,5,F049,2026-08-05 14:24,2026-08-05 14:24,0
A03-T2-H02,4,6,A03,2026-08-05 15:31,2026-08-05 15:31,0
A03-T3-H01,6,0,A03,2026-08-06 06:00,2026-08-06 06:00,0
A03-T3-H01,6,1,F037,2026-08-06 08:04,2026-08-06 08:04,0
A03-T3-H01,6,2,F050,2026-08-06 08:38,2026-08-06 08:38,1
A03-T3-H01,6,3,A03,2026-08-06 10:46,2026-08-06 10:46,0
A03-T3-H02,5,0,A03,2026-08-06 07:01,2026-08-06 07:01,0
A03-T3-H02,5,1,F037,2026-08-06 09:05,2026-08-06 09:05,0
A03-T3-H02,5,2,F050,2026-08-06 09:39,2026-08-06 09:39,1
A03-T3-H02,5,3,F043,2026-08-06 10:26,2026-08-06 10:26,0
A03-T3-H02,5,4,F051,2026-08-06 10:48,2026-08-06 10:48,0
A03-T3-H02,5,5,A03,2026-08-06 12:17,2026-08-06 12:17,0
A03-T2-H01,6,0,A03,2026-08-06 06:00,2026-08-06 06:00,0
A03-T2-H01,6,1,F043,2026-08-06 07:33,2026-08-06 07:33,0
A03-T2-H01,6,2,F051,2026-08-06 07:53,2026-08-06 07:53,0
A03-T2-H01,6,3,F038,2026-08-06 08:18,2026-08-06 08:18,1
A03-T2-H01,6,4,F047,2026-08-06 08:47,2026-08-06 08:47,0
A03-T2-H01,6,5,F046,2026-08-06 09:02,2026-08-06 09:02,0
A03-T2-H01,6,6,A03,2026-08-06 10:06,2026-08-06 10:06,0
A03-T2-H02,5,0,A03,2026-08-06 06:00,2026-08-06 06:00,0
A03-T2-H02,5,1,F038,2026-08-06 07:32,2026-08-06 07:32,1
A03-T2-H02,5,2,F051,2026-08-06 07:47,2026-08-06 07:47,0
A03-T2-H02,5,3,A03,2026-08-06 09:04,2026-08-06 09:04,0
A03-T3-H03,3,0,A03,2026-08-06 08:07,2026-08-06 08:07,0
A03-T3-H03,3,1,F038,2026-08-06 09:51,2026-08-06 09:51,1
A03-T3-H03,3,2,A03,2026-08-06 11:15,2026-08-06 11:15,0
A03-T2-H03,3,0,A03,2026-08-06 09:15,2026-08-06 09:15,0
A03-T2-H03,3,1,F038,2026-08-06 10:47,2026-08-06 10:47,1
A03-T2-H03,3,2,F048,2026-08-06 11:02,2026-08-06 11:02,0
A03-T2-H03,3,3,F052,2026-08-06 11:19,2026-08-06 11:19,0
A03-T2-H03,3,4,A03,2026-08-06 12:31,2026-08-06 12:31,0
A03-T2-H02,6,0,A03,2026-08-06 09:34,2026-08-06 09:34,0
A03-T2-H02,6,1,F038,2026-08-06 11:06,2026-08-06 11:06,1
A03-T2-H02,6,2,F039,2026-08-06 11:28,2026-08-06 11:28,0
A03-T2-H02,6,3,A03,2026-08-06 12:29,2026-08-06 12:29,0
A03-T2-H01,7,0,A03,2026-08-06 10:36,2026-08-06 10:36,0
A03-T2-H01,7,1,F038,2026-08-06 12:08,2026-08-06 12:08,1
A03-T2-H01,7,2,F037,2026-08-06 12:53,2026-08-06 12:53,0
A03-T2-H01,7,3,F044,2026-08-06 13:28,2026-08-06 13:28,1
A03-T2-H01,7,4,A03,2026-08-06 14:55,2026-08-06 14:55,0
A03-T3-H01,7,0,A03,2026-08-06 11:16,2026-08-06 11:16,0
A03-T3-H01,7,1,F038,2026-08-06 13:00,2026-08-06 13:00,1
A03-T3-H01,7,2,F051,2026-08-06 13:16,2026-08-06 13:16,0
A03-T3-H01,7,3,F052,2026-08-06 13:41,2026-08-06 13:41,0
A03-T3-H01,7,4,F047,2026-08-06 14:02,2026-08-06 14:02,0
A03-T3-H01,7,5,F046,2026-08-06 14:17,2026-08-06 14:17,0
A03-T3-H01,7,6,A03,2026-08-06 15:31,2026-08-06 15:31,0
A03-T3-H03,4,0,A03,2026-08-06 11:45,2026-08-06 11:45,0
A03-T3-H03,4,1,F046,2026-08-06 13:09,2026-08-06 13:09,0
A03-T3-H03,4,2,F047,2026-08-06 13:24,2026-08-06 13:24,0
A03-T3-H03,4,3,F038,2026-08-06 14:06,2026-08-06 14:06,1
A03-T3-H03,4,4,A03,2026-08-06 15:30,2026-08-06 15:30,0
A03-T3-H02,6,0,A03,2026-08-06 12:47,2026-08-06 12:47,0
A03-T3-H02,6,1,F046,2026-08-06 14:11,2026-08-06 14:11,0
A03-T3-H02,6,2,F047,2026-08-06 14:26,2026-08-06 14:26,0
A03-T3-H02,6,3,F038,2026-08-06 15:08,2026-08-06 15:08,1
A03-T3-H02,6,4,A03,2026-08-06 16:32,2026-08-06 16:32,0
A03-T2-H02,7,0,A03,2026-08-06 12:59,2026-08-06 12:59,0
A03-T2-H02,7,1,F045,2026-08-06 14:20,2026-08-06 14:20,0
A03-T2-H02,7,2,F038,2026-08-06 14:49,2026-08-06 14:49,1
A03-T2-H02,7,3,F048,2026-08-06 15:04,2026-08-06 15:04,0
A03-T2-H02,7,4,A03,2026-08-06 16:14,2026-08-06 16:14,0
A03-T3-H01,8,0,A03,2026-08-07 06:07,2026-08-07 06:07,0
A03-T3-H01,8,1,F042,2026-08-07 08:14,2026-08-07 08:14,0
A03-T3-H01,8,2,F044,2026-08-07 08:52,2026-08-07 08:52,1
A03-T3-H01,8,3,A03,2026-08-07 10:33,2026-08-07 10:33,0
A03-T3-H02,7,0,A03,2026-08-07 06:21,2026-08-07 06:21,0
A03-T3-H02,7,1,F044,2026-08-07 08:22,2026-08-07 08:22,1
A03-T3-H02,7,2,A03,2026-08-07 10:03,2026-08-07 10:03,0
A03-T3-H03,5,0,A03,2026-08-07 07:10,2026-08-07 07:10,0
A03-T3-H03,5,1,F043,2026-08-07 08:56,2026-08-07 08:56,0
A03-T3-H03,5,2,F044,2026-08-07 09:23,2026-08-07 09:23,1
A03-T3-H03,5,3,A03,2026-08-07 11:04,2026-08-07 11:04,0
A03-T2-H01,8,0,A03,2026-08-07 09:05,2026-08-07 09:05,0
A03-T2-H01,8,1,F038,2026-08-07 10:37,2026-08-07 10:37,1
A03-T2-H01,8,2,F048,2026-08-07 10:52,2026-08-07 10:52,0
A03-T2-H01,8,3,F039,2026-08-07 11:11,2026-08-07 11:11,0
A03-T2-H01,8,4,A03,2026-08-07 12:12,2026-08-07 12:12,0
A03-T2-H02,8,0,A03,2026-08-07 06:00,2026-08-07 06:00,0
A03-T2-H02,8,1,F036,2026-08-07 07:13,2026-08-07 07:13,0
A03-T2-H02,8,2,F038,2026-08-07 08:03,2026-08-07 08:03,1
A03-T2-H02,8,3,A03,2026-08-07 09:15,2026-08-07 09:15,0
A03-T3-H01,10,0,A03,2026-08-07 15:37,2026-08-07 15:37,0
A03-T3-H01,10,1,F047,2026-08-07 17:06,2026-08-07 17:06,0
A03-T3-H01,10,2,F049,2026-08-07 17:22,2026-08-07 17:22,0
A03-T3-H01,10,3,F038,2026-08-07 17:59,2026-08-07 17:59,1
A03-T3-H01,10,4,A03,2026-08-07 19:23,2026-08-07 19:23,0
A03-T3-H02,9,0,A03,2026-08-07 15:11,2026-08-07 15:11,0
A03-T3-H02,9,1,F038,2026-08-07 16:55,2026-08-07 16:55,1
A03-T3-H02,9,2,F045,2026-08-07 17:15,2026-08-07 17:15,0
A03-T3-H02,9,3,A03,2026-08-07 18:38,2026-08-07 18:38,0
A03-T2-H02,9,0,A03,2026-08-07 10:16,2026-08-07 10:16,0
A03-T2-H02,9,1,F038,2026-08-07 11:48,2026-08-07 11:48,1
A03-T2-H02,9,2,F041,2026-08-07 12:10,2026-08-07 12:10,0
A03-T2-H02,9,3,F045,2026-08-07 12:26,2026-08-07 12:26,0
A03-T2-H02,9,4,A03,2026-08-07 13:37,2026-08-07 13:37,0
A03-T2-H03,4,0,A03,2026-08-07 06:00,2026-08-07 06:00,0
A03-T2-H03,4,1,F038,2026-08-07 07:32,2026-08-07 07:32,1
A03-T2-H03,4,2,F048,2026-08-07 07:47,2026-08-07 07:47,0
A03-T2-H03,4,3,F039,2026-08-07 08:06,2026-08-07 08:06,0
A03-T2-H03,4,4,A03,2026-08-07 09:07,2026-08-07 09:07,0
A03-T3-H01,11,0,A03,2026-08-08 06:25,2026-08-08 06:25,0
A03-T3-H01,11,1,F049,2026-08-08 07:52,2026-08-08 07:52,0
A03-T3-H01,11,2,F048,2026-08-08 08:13,2026-08-08 08:13,0
A03-T3-H01,11,3,F038,2026-08-08 08:39,2026-08-08 08:39,1
A03-T3-H01,11,4,A03,2026-08-08 10:03,2026-08-08 10:03,0
A03-T3-H02,10,0,A03,2026-08-08 07:15,2026-08-08 07:15,0
A03-T3-H02,10,1,F043,2026-08-08 09:01,2026-08-08 09:01,0
A03-T3-H02,10,2,F051,2026-08-08 09:23,2026-08-08 09:23,0
A03-T3-H02,10,3,F038,2026-08-08 09:49,2026-08-08 09:49,1
A03-T3-H02,10,4,F048,2026-08-08 10:05,2026-08-08 10:05,0
A03-T3-H02,10,5,A03,2026-08-08 11:26,2026-08-08 11:26,0
A03-T3-H03,7,0,A03,2026-08-08 07:19,2026-08-08 07:19,0
A03-T3-H03,7,1,F050,2026-08-08 09:47,2026-08-08 09:47,1
A03-T3-H03,7,2,F043,2026-08-08 10:34,2026-08-08 10:34,0
A03-T3-H03,7,3,A03,2026-08-08 12:10,2026-08-08 12:10,0
A03-T2-H01,11,0,A03,2026-08-08 09:19,2026-08-08 09:19,0
A03-T2-H01,11,1,F038,2026-08-08 10:51,2026-08-08 10:51,1
A03-T2-H01,11,2,F046,2026-08-08 11:20,2026-08-08 11:20,0
A03-T2-H01,11,3,A03,2026-08-08 12:24,2026-08-08 12:24,0
A03-T2-H02,11,0,A03,2026-08-08 06:00,2026-08-08 06:00,0
A03-T2-H02,11,1,F040,2026-08-08 07:44,2026-08-08 07:44,0
A03-T2-H02,11,2,F044,2026-08-08 08:12,2026-08-08 08:12,1
A03-T2-H02,11,3,F043,2026-08-08 08:28,2026-08-08 08:28,0
A03-T2-H02,11,4,F048,2026-08-08 08:57,2026-08-08 08:57,0
A03-T2-H02,11,5,F052,2026-08-08 09:14,2026-08-08 09:14,0
A03-T2-H02,11,6,A03,2026-08-08 10:26,2026-08-08 10:26,0
A03-T2-H03,7,0,A03,2026-08-08 06:00,2026-08-08 06:00,0
A03-T2-H03,7,1,F044,2026-08-08 07:47,2026-08-08 07:47,1
A03-T2-H03,7,2,F037,2026-08-08 08:12,2026-08-08 08:12,0
A03-T2-H03,7,3,F038,2026-08-08 09:07,2026-08-08 09:07,1
A03-T2-H03,7,4,F048,2026-08-08 09:22,2026-08-08 09:22,0
A03-T2-H03,7,5,F052,2026-08-08 09:39,2026-08-08 09:39,0
A03-T2-H03,7,6,A03,2026-08-08 10:51,2026-08-08 10:51,0
A03-T2-H01,14,0,A03,2026-08-09 07:26,2026-08-09 07:26,0
A03-T2-H01,14,1,F038,2026-08-09 08:58,2026-08-09 08:58,1
A03-T2-H01,14,2,F051,2026-08-09 09:13,2026-08-09 09:13,0
A03-T2-H01,14,3,A03,2026-08-09 10:30,2026-08-09 10:30,0
A03-T2-H02,14,0,A03,2026-08-09 08:03,2026-08-09 08:03,0
A03-T2-H02,14,1,F038,2026-08-09 09:35,2026-08-09 09:35,1
A03-T2-H02,14,2,F052,2026-08-09 09:56,2026-08-09 09:56,0
A03-T2-H02,14,3,A03,2026-08-09 11:08,2026-08-09 11:08,0
A03-T3-H01,14,0,A03,2026-08-09 08:01,2026-08-09 08:01,0
A03-T3-H01,14,1,F038,2026-08-09 09:45,2026-08-09 09:45,1
A03-T3-H01,14,2,F039,2026-08-09 10:09,2026-08-09 10:09,0
A03-T3-H01,14,3,A03,2026-08-09 11:20,2026-08-09 11:20,0
A03-T3-H02,14,0,A03,2026-08-09 10:12,2026-08-09 10:12,0
A03-T3-H02,14,1,F037,2026-08-09 12:16,2026-08-09 12:16,0
A03-T3-H02,14,2,F050,2026-08-09 12:50,2026-08-09 12:50,1
A03-T3-H02,14,3,F044,2026-08-09 13:30,2026-08-09 13:30,0
A03-T3-H02,14,4,A03,2026-08-09 15:11,2026-08-09 15:11,0
A03-T3-H03,10,0,A03,2026-08-09 10:33,2026-08-09 10:33,0
A03-T3-H03,10,1,F036,2026-08-09 11:56,2026-08-09 11:56,0
A03-T3-H03,10,2,F049,2026-08-09 12:24,2026-08-09 12:24,0
A03-T3-H03,10,3,F048,2026-08-09 12:45,2026-08-09 12:45,0
A03-T3-H03,10,4,F038,2026-08-09 13:11,2026-08-09 13:11,1
A03-T3-H03,10,5,F039,2026-08-09 13:35,2026-08-09 13:35,0
A03-T3-H03,10,6,A03,2026-08-09 14:46,2026-08-09 14:46,0
A03-T2-H03,11,0,A03,2026-08-09 10:11,2026-08-09 10:11,0
A03-T2-H03,11,1,F038,2026-08-09 11:43,2026-08-09 11:43,1
A03-T2-H03,11,2,F037,2026-08-09 12:28,2026-08-09 12:28,0
A03-T2-H03,11,3,F050,2026-08-09 12:50,2026-08-09 12:50,0
A03-T2-H03,11,4,F044,2026-08-09 13:36,2026-08-09 13:36,1
A03-T2-H03,11,5,A03,2026-08-09 15:03,2026-08-09 15:03,0
A03-T3-H01,15,0,A03,2026-08-09 15:17,2026-08-09 15:17,0
A03-T3-H01,15,1,F036,2026-08-09 16:40,2026-08-09 16:40,0
A03-T3-H01,15,2,A03,2026-08-09 17:53,2026-08-09 17:53,0
A03-T3-H03,11,0,A03,2026-08-09 15:16,2026-08-09 15:16,0
A03-T3-H03,11,1,F039,2026-08-09 16:37,2026-08-09 16:37,0
A03-T3-H03,11,2,F048,2026-08-09 16:57,2026-08-09 16:57,0
A03-T3-H03,11,3,F038,2026-08-09 17:23,2026-08-09 17:23,1
A03-T3-H03,11,4,F044,2026-08-09 17:56,2026-08-09 17:56,0
A03-T3-H03,11,5,A03,2026-08-09 19:37,2026-08-09 19:37,0
A03-T3-H01,12,0,A03,2026-08-08 10:33,2026-08-08 10:33,0
A03-T3-H01,12,1,F038,2026-08-08 12:17,2026-08-08 12:17,1
A03-T3-H01,12,2,F047,2026-08-08 12:49,2026-08-08 12:49,0
A03-T3-H01,12,3,A03,2026-08-08 14:08,2026-08-08 14:08,0
A01-T1-H02,4,0,A01,2026-08-08 08:33,2026-08-08 08:33,0
A01-T1-H02,4,1,F006,2026-08-08 09:50,2026-08-08 09:50,1
A01-T1-H02,4,2,F010,2026-08-08 10:07,2026-08-08 10:07,0
A01-T1-H02,4,3,A01,2026-08-08 10:59,2026-08-08 10:59,0
A01-T1-H03,5,0,A01,2026-08-08 08:57,2026-08-08 08:57,0
A01-T1-H03,5,1,F006,2026-08-08 10:14,2026-08-08 10:14,1
A01-T1-H03,5,2,F010,2026-08-08 10:31,2026-08-08 10:31,0
A01-T1-H03,5,3,A01,2026-08-08 11:23,2026-08-08 11:23,0
A03-T2-H02,12,0,A03,2026-08-08 10:56,2026-08-08 10:56,0
A03-T2-H02,12,1,F038,2026-08-08 12:28,2026-08-08 12:28,1
A03-T2-H02,12,2,F049,2026-08-08 12:52,2026-08-08 12:52,0
A03-T2-H02,12,3,A03,2026-08-08 13:59,2026-08-08 13:59,0
A01-T1-H01,1,0,A01,2026-08-03 08:50,2026-08-03 08:50,0
A01-T1-H01,1,1,F006,2026-08-03 10:07,2026-08-03 10:07,1
A01-T1-H01,1,2,A01,2026-08-03 11:04,2026-08-03 11:04,0
A03-T2-H03,5,0,A03,2026-08-07 09:37,2026-08-07 09:37,0
A03-T2-H03,5,1,F040,2026-08-07 11:21,2026-08-07 11:21,0
A03-T2-H03,5,2,F044,2026-08-07 11:49,2026-08-07 11:49,1
A03-T2-H03,5,3,A03,2026-08-07 13:16,2026-08-07 13:16,0
A03-T2-H03,8,0,A03,2026-08-08 11:21,2026-08-08 11:21,0
A03-T2-H03,8,1,F038,2026-08-08 12:53,2026-08-08 12:53,1
A03-T2-H03,8,2,F047,2026-08-08 13:22,2026-08-08 13:22,0
A03-T2-H03,8,3,A03,2026-08-08 14:30,2026-08-08 14:30,0
A03-T3-H03,6,0,A03,2026-08-07 11:34,2026-08-07 11:34,0
A03-T3-H03,6,1,F042,2026-08-07 13:41,2026-08-07 13:41,0
A03-T3-H03,6,2,F044,2026-08-07 14:19,2026-08-07 14:19,1
A03-T3-H03,6,3,A03,2026-08-07 16:00,2026-08-07 16:00,0
A03-T3-H02,11,0,A03,2026-08-08 11:56,2026-08-08 11:56,0
A03-T3-H02,11,1,F038,2026-08-08 13:40,2026-08-08 13:40,1
A03-T3-H02,11,2,F049,2026-08-08 14:07,2026-08-08 14:07,0
A03-T3-H02,11,3,A03,2026-08-08 15:24,2026-08-08 15:24,0
A03-T3-H03,8,0,A03,2026-08-08 12:40,2026-08-08 12:40,0
A03-T3-H03,8,1,F038,2026-08-08 14:24,2026-08-08 14:24,1
A03-T3-H03,8,2,F047,2026-08-08 14:56,2026-08-08 14:56,0
A03-T3-H03,8,3,A03,2026-08-08 16:15,2026-08-08 16:15,0
A03-T2-H01,12,0,A03,2026-08-08 12:54,2026-08-08 12:54,0
A03-T2-H01,12,1,F038,2026-08-08 14:26,2026-08-08 14:26,1
A03-T2-H01,12,2,F047,2026-08-08 14:55,2026-08-08 14:55,0
A03-T2-H01,12,3,A03,2026-08-08 16:03,2026-08-08 16:03,0
A03-T2-H02,13,0,A03,2026-08-08 14:29,2026-08-08 14:29,0
A03-T2-H02,13,1,F052,2026-08-08 15:51,2026-08-08 15:51,0
A03-T2-H02,13,2,F048,2026-08-08 16:08,2026-08-08 16:08,0
A03-T2-H02,13,3,F038,2026-08-08 16:33,2026-08-08 16:33,1
A03-T2-H02,13,4,A03,2026-08-08 17:45,2026-08-08 17:45,0
A03-T3-H01,13,0,A03,2026-08-08 14:38,2026-08-08 14:38,0
A03-T3-H01,13,1,F052,2026-08-08 16:11,2026-08-08 16:11,0
A03-T3-H01,13,2,F048,2026-08-08 16:29,2026-08-08 16:29,0
A03-T3-H01,13,3,F038,2026-08-08 16:55,2026-08-08 16:55,1
A03-T3-H01,13,4,A03,2026-08-08 18:19,2026-08-08 18:19,0
A03-T2-H03,9,0,A03,2026-08-08 15:00,2026-08-08 15:00,0
A03-T2-H03,9,1,F038,2026-08-08 16:32,2026-08-08 16:32,1
A03-T2-H03,9,2,F048,2026-08-08 16:47,2026-08-08 16:47,0
A03-T2-H03,9,3,A03,2026-08-08 17:57,2026-08-08 17:57,0
A03-T3-H02,12,0,A03,2026-08-08 15:54,2026-08-08 15:54,0
A03-T3-H02,12,1,F038,2026-08-08 17:38,2026-08-08 17:38,1
A03-T3-H02,12,2,F047,2026-08-08 18:10,2026-08-08 18:10,0
A03-T3-H02,12,3,A03,2026-08-08 19:29,2026-08-08 19:29,0
A03-T2-H01,13,0,A03,2026-08-08 16:33,2026-08-08 16:33,0
A03-T2-H01,13,1,F052,2026-08-08 17:55,2026-08-08 17:55,0
A03-T2-H01,13,2,F048,2026-08-08 18:12,2026-08-08 18:12,0
A03-T2-H01,13,3,F038,2026-08-08 18:37,2026-08-08 18:37,1
A03-T2-H01,13,4,A03,2026-08-08 19:49,2026-08-08 19:49,0
A03-T2-H03,10,0,A03,2026-08-09 06:00,2026-08-09 06:00,0
A03-T2-H03,10,1,F038,2026-08-09 07:32,2026-08-09 07:32,1
A03-T2-H03,10,2,F047,2026-08-09 08:01,2026-08-09 08:01,0
A03-T2-H03,10,3,A03,2026-08-09 09:09,2026-08-09 09:09,0
A03-T3-H02,13,0,A03,2026-08-09 06:00,2026-08-09 06:00,0
A03-T3-H02,13,1,F038,2026-08-09 07:44,2026-08-09 07:44,1
A03-T3-H02,13,2,F048,2026-08-09 08:00,2026-08-09 08:00,0
A03-T3-H02,13,3,A03,2026-08-09 09:21,2026-08-09 09:21,0
A03-T3-H03,9,0,A03,2026-08-09 06:00,2026-08-09 06:00,0
A03-T3-H03,9,1,F038,2026-08-09 07:44,2026-08-09 07:44,1
A03-T3-H03,9,2,F047,2026-08-09 08:16,2026-08-09 08:16,0
A03-T3-H03,9,3,A03,2026-08-09 09:35,2026-08-09 09:35,0
A03-T2-H01,15,0,A03,2026-08-09 11:00,2026-08-09 11:00,0
A03-T2-H01,15,1,F038,2026-08-09 12:32,2026-08-09 12:32,1
A03-T2-H01,15,2,F047,2026-08-09 13:01,2026-08-09 13:01,0
A03-T2-H01,15,3,A03,2026-08-09 14:09,2026-08-09 14:09,0
A03-T2-H02,15,0,A03,2026-08-09 11:38,2026-08-09 11:38,0
A03-T2-H02,15,1,F038,2026-08-09 13:10,2026-08-09 13:10,1
A03-T2-H02,15,2,F047,2026-08-09 13:39,2026-08-09 13:39,0
A03-T2-H02,15,3,A03,2026-08-09 14:47,2026-08-09 14:47,0
A03-T2-H01,16,0,A03,2026-08-09 14:39,2026-08-09 14:39,0
A03-T2-H01,16,1,F052,2026-08-09 16:01,2026-08-09 16:01,0
A03-T2-H01,16,2,F048,2026-08-09 16:18,2026-08-09 16:18,0
A03-T2-H01,16,3,F038,2026-08-09 16:43,2026-08-09 16:43,1
A03-T2-H01,16,4,A03,2026-08-09 17:55,2026-08-09 17:55,0
A03-T2-H02,16,0,A03,2026-08-09 15:17,2026-08-09 15:17,0
A03-T2-H02,16,1,F038,2026-08-09 16:49,2026-08-09 16:49,1
A03-T2-H02,16,2,F047,2026-08-09 17:18,2026-08-09 17:18,0
A03-T2-H02,16,3,A03,2026-08-09 18:26,2026-08-09 18:26,0
A02-T1-H02,2,0,A02,2026-08-08 08:45,2026-08-08 08:45,0
A02-T1-H02,2,1,F018,2026-08-08 09:57,2026-08-08 09:57,1
A02-T1-H02,2,2,F022,2026-08-08 10:15,2026-08-08 10:15,0
A02-T1-H02,2,3,A02,2026-08-08 11:05,2026-08-08 11:05,0
A03-T2-H03,12,0,A03,2026-08-09 15:33,2026-08-09 15:33,0
A03-T2-H03,12,1,F038,2026-08-09 17:05,2026-08-09 17:05,1
A03-T2-H03,12,2,F049,2026-08-09 17:29,2026-08-09 17:29,0
A03-T2-H03,12,3,A03,2026-08-09 18:36,2026-08-09 18:36,0
A02-T3-H02,8,0,A02,2026-08-08 08:59,2026-08-08 08:59,0
A02-T3-H02,8,1,F022,2026-08-08 10:15,2026-08-08 10:15,0
A02-T3-H02,8,2,A02,2026-08-08 11:21,2026-08-08 11:21,0
A03-T3-H02,8,0,A03,2026-08-07 10:33,2026-08-07 10:33,0
A03-T3-H02,8,1,F052,2026-08-07 12:06,2026-08-07 12:06,0
A03-T3-H02,8,2,F048,2026-08-07 12:24,2026-08-07 12:24,0
A03-T3-H02,8,3,F038,2026-08-07 12:50,2026-08-07 12:50,1
A03-T3-H02,8,4,A03,2026-08-07 14:14,2026-08-07 14:14,0
A03-T3-H01,9,0,A03,2026-08-07 11:03,2026-08-07 11:03,0
A03-T3-H01,9,1,F052,2026-08-07 12:36,2026-08-07 12:36,0
A03-T3-H01,9,2,F048,2026-08-07 12:54,2026-08-07 12:54,0
A03-T3-H01,9,3,F038,2026-08-07 13:20,2026-08-07 13:20,1
A03-T3-H01,9,4,A03,2026-08-07 14:44,2026-08-07 14:44,0
A03-T2-H01,9,0,A03,2026-08-07 12:42,2026-08-07 12:42,0
A03-T2-H01,9,1,F052,2026-08-07 14:04,2026-08-07 14:04,0
A03-T2-H01,9,2,F048,2026-08-07 14:21,2026-08-07 14:21,0
A03-T2-H01,9,3,F038,2026-08-07 14:46,2026-08-07 14:46,1
A03-T2-H01,9,4,A03,2026-08-07 15:58,2026-08-07 15:58,0
A03-T2-H03,6,0,A03,2026-08-07 13:46,2026-08-07 13:46,0
A03-T2-H03,6,1,F052,2026-08-07 15:08,2026-08-07 15:08,0
A03-T2-H03,6,2,F048,2026-08-07 15:25,2026-08-07 15:25,0
A03-T2-H03,6,3,F038,2026-08-07 15:50,2026-08-07 15:50,1
A03-T2-H03,6,4,A03,2026-08-07 17:02,2026-08-07 17:02,0
A03-T2-H02,10,0,A03,2026-08-07 14:07,2026-08-07 14:07,0
A03-T2-H02,10,1,F052,2026-08-07 15:29,2026-08-07 15:29,0
A03-T2-H02,10,2,F048,2026-08-07 15:46,2026-08-07 15:46,0
A03-T2-H02,10,3,F038,2026-08-07 16:11,2026-08-07 16:11,1
A03-T2-H02,10,4,A03,2026-08-07 17:23,2026-08-07 17:23,0
A03-T2-H01,10,0,A03,2026-08-07 16:28,2026-08-07 16:28,0
A03-T2-H01,10,1,F052,2026-08-07 17:50,2026-08-07 17:50,0
A03-T2-H01,10,2,F048,2026-08-07 18:07,2026-08-07 18:07,0
A03-T2-H01,10,3,F038,2026-08-07 18:32,2026-08-07 18:32,1
A03-T2-H01,10,4,A03,2026-08-07 19:44,2026-08-07 19:44,0
A03-T3-H02,15,0,A03,2026-08-09 15:41,2026-08-09 15:41,0
A03-T3-H02,15,1,F038,2026-08-09 17:25,2026-08-09 17:25,1
A03-T3-H02,15,2,F047,2026-08-09 17:57,2026-08-09 17:57,0
A03-T3-H02,15,3,A03,2026-08-09 19:16,2026-08-09 19:16,0
A03-备用-01,2,0,A03,2026-08-08 09:26,2026-08-08 09:26,0
A03-备用-01,2,1,F038,2026-08-08 11:10,2026-08-08 11:10,1
A03-备用-01,2,2,F047,2026-08-08 11:42,2026-08-08 11:42,0
A03-备用-01,2,3,A03,2026-08-08 13:01,2026-08-08 13:01,0
A03-备用-02,2,0,A03,2026-08-08 08:21,2026-08-08 08:21,0
A03-备用-02,2,1,F052,2026-08-08 09:54,2026-08-08 09:54,0
A03-备用-02,2,2,F048,2026-08-08 10:12,2026-08-08 10:12,0
A03-备用-02,2,3,F038,2026-08-08 10:38,2026-08-08 10:38,1
A03-备用-02,2,4,A03,2026-08-08 12:02,2026-08-08 12:02,0
A03-备用-03,2,0,A03,2026-08-08 09:26,2026-08-08 09:26,0
A03-备用-03,2,1,F038,2026-08-08 11:10,2026-08-08 11:10,1
A03-备用-03,2,2,F047,2026-08-08 11:42,2026-08-08 11:42,0
A03-备用-03,2,3,A03,2026-08-08 13:01,2026-08-08 13:01,0
A03-备用-04,2,0,A03,2026-08-08 08:05,2026-08-08 08:05,0
A03-备用-04,2,1,F052,2026-08-08 09:38,2026-08-08 09:38,0
A03-备用-04,2,2,F048,2026-08-08 09:56,2026-08-08 09:56,0
A03-备用-04,2,3,F038,2026-08-08 10:22,2026-08-08 10:22,1
A03-备用-04,2,4,A03,2026-08-08 11:46,2026-08-08 11:46,0
A03-备用-05,2,0,A03,2026-08-08 08:40,2026-08-08 08:40,0
A03-备用-05,2,1,F038,2026-08-08 10:24,2026-08-08 10:24,1
A03-备用-05,2,2,F049,2026-08-08 10:51,2026-08-08 10:51,0
A03-备用-05,2,3,A03,2026-08-08 12:08,2026-08-08 12:08,0
A02-备用-01,1,0,A02,2026-08-09 08:17,2026-08-09 08:17,0
A02-备用-01,1,1,F022,2026-08-09 09:33,2026-08-09 09:33,0
A02-备用-01,1,2,A02,2026-08-09 10:39,2026-08-09 10:39,0
A03-备用-06,2,0,A03,2026-08-08 08:53,2026-08-08 08:53,0
A03-备用-06,2,1,F038,2026-08-08 10:37,2026-08-08 10:37,1
A03-备用-06,2,2,F049,2026-08-08 11:04,2026-08-08 11:04,0
A03-备用-06,2,3,A03,2026-08-08 12:21,2026-08-08 12:21,0
A01-备用-01,1,0,A01,2026-08-08 09:08,2026-08-08 09:08,0
A01-备用-01,1,1,F010,2026-08-08 10:27,2026-08-08 10:27,0
A01-备用-01,1,2,A01,2026-08-08 11:36,2026-08-08 11:36,0
A03-备用-01,1,0,A03,2026-08-07 06:13,2026-08-07 06:13,0
A03-备用-01,1,1,F042,2026-08-07 08:20,2026-08-07 08:20,0
A03-备用-01,1,2,F044,2026-08-07 08:58,2026-08-07 08:58,1
A03-备用-01,1,3,A03,2026-08-07 10:39,2026-08-07 10:39,0
A03-备用-07,2,0,A03,2026-08-08 09:34,2026-08-08 09:34,0
A03-备用-07,2,1,F038,2026-08-08 11:18,2026-08-08 11:18,1
A03-备用-07,2,2,F049,2026-08-08 11:45,2026-08-08 11:45,0
A03-备用-07,2,3,A03,2026-08-08 13:02,2026-08-08 13:02,0
A03-备用-08,2,0,A03,2026-08-08 09:01,2026-08-08 09:01,0
A03-备用-08,2,1,F052,2026-08-08 10:34,2026-08-08 10:34,0
A03-备用-08,2,2,F048,2026-08-08 10:52,2026-08-08 10:52,0
A03-备用-08,2,3,F038,2026-08-08 11:18,2026-08-08 11:18,1
A03-备用-08,2,4,A03,2026-08-08 12:42,2026-08-08 12:42,0
A03-备用-02,1,0,A03,2026-08-07 06:13,2026-08-07 06:13,0
A03-备用-02,1,1,F042,2026-08-07 08:20,2026-08-07 08:20,0
A03-备用-02,1,2,F044,2026-08-07 08:58,2026-08-07 08:58,1
A03-备用-02,1,3,A03,2026-08-07 10:39,2026-08-07 10:39,0
A03-备用-03,1,0,A03,2026-08-07 06:13,2026-08-07 06:13,0
A03-备用-03,1,1,F042,2026-08-07 08:20,2026-08-07 08:20,0
A03-备用-03,1,2,F044,2026-08-07 08:58,2026-08-07 08:58,1
A03-备用-03,1,3,A03,2026-08-07 10:39,2026-08-07 10:39,0
A03-备用-04,1,0,A03,2026-08-07 06:13,2026-08-07 06:13,0
A03-备用-04,1,1,F042,2026-08-07 08:20,2026-08-07 08:20,0
A03-备用-04,1,2,F044,2026-08-07 08:58,2026-08-07 08:58,1
A03-备用-04,1,3,A03,2026-08-07 10:39,2026-08-07 10:39,0
A03-备用-09,2,0,A03,2026-08-08 08:31,2026-08-08 08:31,0
A03-备用-09,2,1,F038,2026-08-08 10:15,2026-08-08 10:15,1
A03-备用-09,2,2,F048,2026-08-08 10:31,2026-08-08 10:31,0
A03-备用-09,2,3,A03,2026-08-08 11:52,2026-08-08 11:52,0
A03-备用-10,1,0,A03,2026-08-08 08:31,2026-08-08 08:31,0
A03-备用-10,1,1,F038,2026-08-08 10:15,2026-08-08 10:15,1
A03-备用-10,1,2,F048,2026-08-08 10:31,2026-08-08 10:31,0
A03-备用-10,1,3,A03,2026-08-08 11:52,2026-08-08 11:52,0
A03-备用-05,1,0,A03,2026-08-07 06:13,2026-08-07 06:13,0
A03-备用-05,1,1,F042,2026-08-07 08:20,2026-08-07 08:20,0
A03-备用-05,1,2,F044,2026-08-07 08:58,2026-08-07 08:58,1
A03-备用-05,1,3,A03,2026-08-07 10:39,2026-08-07 10:39,0
A03-备用-11,1,0,A03,2026-08-08 09:57,2026-08-08 09:57,0
A03-备用-11,1,1,F038,2026-08-08 11:41,2026-08-08 11:41,1
A03-备用-11,1,2,F047,2026-08-08 12:13,2026-08-08 12:13,0
A03-备用-11,1,3,A03,2026-08-08 13:32,2026-08-08 13:32,0
A03-备用-12,1,0,A03,2026-08-08 08:31,2026-08-08 08:31,0
A03-备用-12,1,1,F038,2026-08-08 10:15,2026-08-08 10:15,1
A03-备用-12,1,2,F048,2026-08-08 10:31,2026-08-08 10:31,0
A03-备用-12,1,3,A03,2026-08-08 11:52,2026-08-08 11:52,0
A03-备用-13,1,0,A03,2026-08-08 09:01,2026-08-08 09:01,0
A03-备用-13,1,1,F052,2026-08-08 10:34,2026-08-08 10:34,0
A03-备用-13,1,2,F048,2026-08-08 10:52,2026-08-08 10:52,0
A03-备用-13,1,3,F038,2026-08-08 11:18,2026-08-08 11:18,1
A03-备用-13,1,4,A03,2026-08-08 12:42,2026-08-08 12:42,0
A03-备用-14,1,0,A03,2026-08-08 08:31,2026-08-08 08:31,0
A03-备用-14,1,1,F038,2026-08-08 10:15,2026-08-08 10:15,1
A03-备用-14,1,2,F048,2026-08-08 10:31,2026-08-08 10:31,0
A03-备用-14,1,3,A03,2026-08-08 11:52,2026-08-08 11:52,0
A03-备用-15,1,0,A03,2026-08-08 08:31,2026-08-08 08:31,0
A03-备用-15,1,1,F038,2026-08-08 10:15,2026-08-08 10:15,1
A03-备用-15,1,2,F048,2026-08-08 10:31,2026-08-08 10:31,0
A03-备用-15,1,3,A03,2026-08-08 11:52,2026-08-08 11:52,0
A03-备用-16,1,0,A03,2026-08-08 09:40,2026-08-08 09:40,0
A03-备用-16,1,1,F038,2026-08-08 11:24,2026-08-08 11:24,1
A03-备用-16,1,2,F049,2026-08-08 11:51,2026-08-08 11:51,0
A03-备用-16,1,3,A03,2026-08-08 13:08,2026-08-08 13:08,0
A03-备用-17,1,0,A03,2026-08-08 08:31,2026-08-08 08:31,0
A03-备用-17,1,1,F038,2026-08-08 10:15,2026-08-08 10:15,1
A03-备用-17,1,2,F048,2026-08-08 10:31,2026-08-08 10:31,0
A03-备用-17,1,3,A03,2026-08-08 11:52,2026-08-08 11:52,0
A03-备用-06,1,0,A03,2026-08-07 09:01,2026-08-07 09:01,0
A03-备用-06,1,1,F052,2026-08-07 10:34,2026-08-07 10:34,0
A03-备用-06,1,2,F048,2026-08-07 10:52,2026-08-07 10:52,0
A03-备用-06,1,3,F038,2026-08-07 11:18,2026-08-07 11:18,1
A03-备用-06,1,4,A03,2026-08-07 12:42,2026-08-07 12:42,0
A03-备用-07,1,0,A03,2026-08-07 09:34,2026-08-07 09:34,0
A03-备用-07,1,1,F038,2026-08-07 11:18,2026-08-07 11:18,1
A03-备用-07,1,2,F047,2026-08-07 11:50,2026-08-07 11:50,0
A03-备用-07,1,3,A03,2026-08-07 13:09,2026-08-07 13:09,0
A03-备用-08,1,0,A03,2026-08-07 06:13,2026-08-07 06:13,0
A03-备用-08,1,1,F042,2026-08-07 08:20,2026-08-07 08:20,0
A03-备用-08,1,2,F044,2026-08-07 08:58,2026-08-07 08:58,1
A03-备用-08,1,3,A03,2026-08-07 10:39,2026-08-07 10:39,0
A03-备用-09,1,0,A03,2026-08-07 06:13,2026-08-07 06:13,0
A03-备用-09,1,1,F042,2026-08-07 08:20,2026-08-07 08:20,0
A03-备用-09,1,2,F044,2026-08-07 08:58,2026-08-07 08:58,1
A03-备用-09,1,3,A03,2026-08-07 10:39,2026-08-07 10:39,0
A03-备用-18,1,0,A03,2026-08-08 09:40,2026-08-08 09:40,0
A03-备用-18,1,1,F038,2026-08-08 11:24,2026-08-08 11:24,1
A03-备用-18,1,2,F049,2026-08-08 11:51,2026-08-08 11:51,0
A03-备用-18,1,3,A03,2026-08-08 13:08,2026-08-08 13:08,0
A03-备用-19,1,0,A03,2026-08-08 09:01,2026-08-08 09:01,0
A03-备用-19,1,1,F052,2026-08-08 10:34,2026-08-08 10:34,0
A03-备用-19,1,2,F048,2026-08-08 10:52,2026-08-08 10:52,0
A03-备用-19,1,3,F038,2026-08-08 11:18,2026-08-08 11:18,1
A03-备用-19,1,4,A03,2026-08-08 12:42,2026-08-08 12:42,0
