from_id,A01,A02,A03,F001,F002,F003,F004,F005,F006,F007,F008,F009,F010,F011,F012,F013,F014,F015,F016,F017,F018,F019,F020,F021,F022,F023,F024,F025,F026,F027,F028,F029,F030,F031,F032,F033,F034,F035,F036,F037,F038,F039,F040,F041,F042,F043,F044,F045,F046,F047,F048,F049,F050,F051,F052
A01,0,35,84,219,217,192,197,190,235,233,221,166,216,201,208,279,164,191,181,153,196,204,171,218,194,270,211,202,204,191,217,211,158,245,280,227,246,258,217,395,282,240,373,308,401,329,346,288,235,247,269,248,439,299,269
A02,35,0,49,233,251,223,229,211,267,265,250,194,247,228,229,311,188,215,198,171,214,216,185,220,208,267,219,203,221,198,243,216,180,242,279,239,255,261,215,375,268,226,355,290,383,313,329,271,227,241,256,239,419,285,259
A03,84,49,0,267,300,271,278,251,316,314,298,240,295,274,268,360,232,258,235,211,252,247,220,240,241,280,245,223,257,225,287,239,223,254,292,271,282,280,231,359,263,223,342,278,368,303,317,260,234,248,254,243,403,279,261
F001,219,233,267,0,200,147,168,50,173,184,131,107,147,101,42,210,85,73,41,70,34,25,48,83,26,132,50,89,20,59,91,67,79,124,131,16,47,95,108,335,214,190,307,257,331,261,281,241,148,146,197,164,370,226,179
F002,217,251,300,200,0,53,33,151,43,30,75,100,56,99,158,67,124,127,172,161,168,211,186,269,197,327,239,266,182,233,114,253,138,313,328,216,247,293,288,518,393,359,492,433,518,444,464,414,327,331,376,344,557,409,363
F003,192,223,271,147,53,0,21,99,45,48,38,48,26,49,106,91,72,74,119,109,115,158,133,216,143,274,186,213,129,180,67,200,85,260,275,163,194,240,236,466,341,307,440,382,465,391,412,363,274,278,324,291,505,356,311
F004,197,229,278,168,33,21,0,119,40,36,52,67,34,69,127,82,92,95,139,128,136,178,153,236,164,294,207,233,150,200,86,220,105,280,296,184,215,261,255,485,360,326,459,401,485,411,431,381,294,298,343,311,525,376,330
F005,190,211,251,50,151,99,119,0,128,138,88,57,102,55,18,169,37,25,25,40,17,60,44,120,46,176,89,120,31,87,51,103,35,164,177,66,96,142,142,373,250,220,346,292,371,299,319,274,182,184,233,199,411,264,217
F006,235,267,316,173,43,45,40,128,0,14,41,88,27,73,130,46,110,104,152,148,144,187,168,248,174,303,217,248,156,214,83,232,124,292,303,188,218,268,270,501,377,345,474,418,499,426,447,400,310,312,360,326,539,391,345
F007,233,265,314,184,30,48,36,138,14,0,54,94,37,83,142,46,117,113,161,155,154,198,177,258,184,314,227,257,167,223,95,241,131,302,314,200,230,279,279,510,386,353,483,427,509,435,456,408,319,321,369,335,548,400,354
F008,221,250,298,131,75,38,52,88,41,54,0,59,19,33,89,81,76,64,112,112,103,147,130,208,134,262,176,208,115,175,41,191,89,252,262,147,177,227,230,461,338,307,434,380,459,387,407,361,271,272,321,287,498,352,305
F009,166,194,240,107,100,48,67,57,88,94,59,0,62,35,70,134,24,38,73,61,73,113,86,169,99,228,141,166,88,133,52,153,38,213,230,122,153,196,188,418,293,259,392,334,418,343,364,315,227,230,276,244,457,309,263
F010,216,247,295,147,56,26,34,102,27,37,19,62,0,47,105,72,83,77,125,121,118,161,142,222,148,277,191,221,131,187,59,205,97,266,278,163,194,242,243,474,350,318,448,392,473,400,420,373,283,285,333,300,512,365,318
F011,201,228,274,101,99,49,69,55,73,83,33,35,47,0,59,115,44,31,79,80,71,115,97,175,101,231,144,175,84,141,20,159,57,219,231,117,148,196,197,428,304,274,401,346,427,354,374,328,237,239,287,254,466,319,272
F012,208,229,268,42,158,106,127,18,130,142,89,70,105,59,0,168,53,33,36,57,19,59,55,121,49,173,89,124,27,91,49,104,52,164,173,58,89,138,145,374,252,225,347,295,372,300,321,277,185,185,235,201,411,265,218
F013,279,311,360,210,67,91,82,169,46,46,81,134,72,115,168,0,155,145,194,193,184,227,211,289,215,342,257,289,195,256,120,272,169,332,340,225,254,305,311,542,419,389,515,461,540,468,488,443,352,353,402,368,579,433,386
F014,164,188,232,85,124,72,92,37,110,117,76,24,83,44,53,155,0,27,49,38,52,90,61,145,75,204,116,141,66,109,55,129,14,188,206,100,130,172,164,394,269,236,368,310,394,319,340,291,203,206,252,219,433,284,239
F015,191,215,258,73,127,74,95,25,104,113,64,38,77,31,33,145,27,0,48,53,41,84,66,145,71,201,114,144,55,111,32,128,35,188,201,89,120,166,166,398,274,243,371,316,396,323,344,297,207,208,257,223,435,288,241
F016,181,198,235,41,172,119,139,25,152,161,112,73,125,79,36,194,49,48,0,29,17,40,20,97,25,155,67,96,24,62,77,81,40,141,157,54,82,123,118,349,225,195,323,267,348,275,295,249,158,160,208,175,387,240,193
F017,153,171,211,70,161,109,128,40,148,155,112,61,121,80,57,193,38,53,29,0,43,63,29,111,49,171,86,105,53,74,84,96,24,154,175,81,108,142,128,357,232,198,331,272,357,282,303,253,166,170,215,183,396,247,202
F018,196,214,252,34,168,115,136,17,144,154,103,73,118,71,19,184,52,41,17,43,0,44,36,105,31,160,73,106,14,73,65,88,46,148,160,49,80,125,127,358,235,207,331,278,356,284,304,260,168,169,218,184,395,249,202
F019,204,216,247,25,211,158,178,60,187,198,147,113,161,115,59,227,90,84,40,63,44,0,36,62,15,116,30,66,32,34,108,45,79,105,117,24,45,83,86,315,193,167,288,236,313,241,261,219,126,126,176,142,352,206,159
F020,171,185,220,48,186,133,153,44,168,177,130,86,142,97,55,211,61,66,20,29,36,36,0,84,24,143,57,80,37,47,96,68,49,127,147,56,81,114,102,333,209,177,307,250,332,258,279,232,142,145,192,158,372,224,177
F021,218,220,240,83,269,216,236,120,248,258,208,169,222,175,121,289,145,145,97,111,105,62,84,0,74,60,32,17,94,37,169,17,132,44,66,71,57,41,26,254,131,109,227,175,251,179,200,158,66,64,115,81,291,145,97
F022,194,208,241,26,197,143,164,46,174,184,134,99,148,101,49,215,75,71,25,49,31,15,24,74,0,130,43,75,23,42,96,57,65,118,132,33,58,97,96,327,204,176,300,247,325,253,273,229,137,138,187,153,364,218,171
F023,270,267,280,132,327,274,294,176,303,314,262,228,277,231,173,342,204,201,155,171,160,116,143,60,130,0,87,70,147,97,222,75,192,25,14,117,90,38,52,206,95,92,178,137,201,134,154,125,52,39,81,56,239,102,58
F024,211,219,245,50,239,186,207,89,217,227,176,141,191,144,89,257,116,114,67,86,73,30,57,32,43,87,0,39,62,20,137,16,105,75,90,40,38,57,57,286,164,140,259,207,283,211,232,190,98,97,147,113,322,177,130
F025,202,203,223,89,266,213,233,120,248,257,208,166,221,175,124,289,141,144,96,105,106,66,80,17,75,70,39,0,97,34,171,24,128,50,79,80,71,57,23,253,129,102,227,172,252,179,199,154,62,65,112,79,292,144,97
F026,204,221,257,20,182,129,150,31,156,167,115,88,131,84,27,195,66,55,24,53,14,32,37,94,23,147,62,97,0,64,75,77,59,137,147,35,66,112,118,347,225,199,320,268,345,273,294,251,158,158,208,174,384,238,191
F027,191,198,225,59,233,180,200,87,214,223,175,133,187,141,91,256,109,111,62,74,73,34,47,37,42,97,20,34,64,0,137,22,96,80,101,53,58,71,56,287,163,134,260,205,286,212,233,187,96,98,146,112,325,177,131
F028,217,243,287,91,114,67,86,51,83,95,41,52,59,20,49,120,55,32,77,84,65,108,96,169,96,222,137,171,75,137,0,152,65,212,221,106,136,186,192,423,300,271,396,342,420,348,369,325,233,233,283,249,459,314,266
F029,211,216,239,67,253,200,220,103,232,241,191,153,205,159,104,272,129,128,81,96,88,45,68,17,57,75,16,24,77,22,152,0,117,60,79,56,48,49,41,270,148,124,243,191,268,196,216,174,82,81,131,97,307,161,114
F030,158,180,223,79,138,85,105,35,124,131,89,38,97,57,52,169,14,35,40,24,46,79,49,132,65,192,105,128,59,96,65,117,0,176,195,93,122,161,151,381,256,222,354,296,380,306,326,277,189,193,239,206,420,271,226
F031,245,242,254,124,313,260,280,164,292,302,252,213,266,219,164,332,188,188,141,154,148,105,127,44,118,25,75,50,137,80,212,60,176,0,38,111,89,42,29,211,91,78,184,135,208,137,157,120,34,25,76,44,247,103,55
F032,280,279,292,131,328,275,296,177,303,314,262,230,278,231,173,340,206,201,157,175,160,117,147,66,132,14,90,79,147,101,221,79,195,38,0,115,87,35,63,211,105,106,184,147,205,141,161,136,66,53,93,69,243,112,70
F033,227,239,271,16,216,163,184,66,188,200,147,122,163,117,58,225,100,89,54,81,49,24,56,71,33,117,40,80,35,53,106,56,93,111,115,0,31,80,97,321,201,180,294,245,317,247,268,229,137,134,185,151,355,213,166
F034,246,255,282,47,247,194,215,96,218,230,177,153,194,148,89,254,130,120,82,108,80,45,81,57,58,90,38,71,66,58,136,48,122,89,87,31,0,52,82,296,180,163,269,224,291,223,244,209,118,113,164,132,329,190,144
F035,258,261,280,95,293,240,261,142,268,279,227,196,242,196,138,305,172,166,123,142,125,83,114,41,97,38,57,57,112,71,186,49,161,42,35,80,52,0,51,244,130,120,216,174,239,172,192,160,76,66,116,86,277,140,94
F036,217,215,231,108,288,236,255,142,270,279,230,188,243,197,145,311,164,166,118,128,127,86,102,26,96,52,57,23,118,56,192,41,151,29,63,97,82,51,0,231,108,83,205,150,230,157,177,133,41,42,91,57,269,122,75
F037,395,375,359,335,518,466,485,373,501,510,461,418,474,428,374,542,394,398,349,357,358,315,333,254,327,206,286,253,347,287,423,270,381,211,211,321,296,244,231,0,125,163,27,88,18,75,54,108,192,190,142,175,44,110,157
F038,282,268,263,214,393,341,360,250,377,386,338,293,350,304,252,419,269,274,225,232,235,193,209,131,204,95,164,129,225,163,300,148,256,91,105,201,180,130,108,125,0,42,99,44,126,51,71,31,67,68,17,51,166,17,37
F039,240,226,223,190,359,307,326,220,345,353,307,259,318,274,225,389,236,243,195,198,207,167,177,109,176,92,140,102,199,134,271,124,222,78,106,180,163,120,83,163,42,0,138,75,166,91,110,55,45,55,31,36,205,60,44
F040,373,355,342,307,492,440,459,346,474,483,434,392,448,401,347,515,368,371,323,331,331,288,307,227,300,178,259,227,320,260,396,243,354,184,184,294,269,216,205,27,99,138,0,66,28,48,28,85,165,163,116,148,67,83,130
F041,308,290,278,257,433,382,401,292,418,427,380,334,392,346,295,461,310,316,267,272,278,236,250,175,247,137,207,172,268,205,342,191,296,135,147,245,224,174,150,88,44,75,66,0,93,28,39,20,110,111,60,94,131,36,80
F042,401,383,368,331,518,465,485,371,499,509,459,418,473,427,372,540,394,396,348,357,356,313,332,251,325,201,283,252,345,286,420,268,380,208,205,317,291,239,230,18,126,166,28,93,0,75,56,113,191,188,143,174,40,110,155
F043,329,313,303,261,444,391,411,299,426,435,387,343,400,354,300,468,319,323,275,282,284,241,258,179,253,134,211,179,273,212,348,196,306,137,141,247,223,172,157,75,51,91,48,28,75,0,21,43,117,115,68,100,115,35,82
F044,346,329,317,281,464,412,431,319,447,456,407,364,420,374,321,488,340,344,295,303,304,261,279,200,273,154,232,199,294,233,369,216,326,157,161,268,244,192,177,54,71,110,28,39,56,21,0,58,137,136,88,121,95,56,103
F045,288,271,260,241,414,363,381,274,400,408,361,315,373,328,277,443,291,297,249,253,260,219,232,158,229,125,190,154,251,187,325,174,277,120,136,229,209,160,133,108,31,55,85,20,113,43,58,0,92,96,45,77,151,32,67
F046,235,227,234,148,327,274,294,182,310,319,271,227,283,237,185,352,203,207,158,166,168,126,142,66,137,52,98,62,158,96,233,82,189,34,66,137,118,76,41,192,67,45,165,110,191,117,137,92,0,15,50,17,231,82,38
F047,247,241,248,146,331,278,298,184,312,321,272,230,285,239,185,353,206,208,160,170,169,126,145,64,138,39,97,65,158,98,233,81,193,25,53,134,113,66,42,190,68,55,163,111,188,115,136,96,15,0,51,19,227,80,33
F048,269,256,254,197,376,324,343,233,360,369,321,276,333,287,235,402,252,257,208,215,218,176,192,115,187,81,147,112,208,146,283,131,239,76,93,185,164,116,91,142,17,31,116,60,143,68,88,45,50,51,0,34,182,33,23
F049,248,239,243,164,344,291,311,199,326,335,287,244,300,254,201,368,219,223,175,183,184,142,158,81,153,56,113,79,174,112,249,97,206,44,69,151,132,86,57,175,51,36,148,94,174,100,121,77,17,19,34,0,214,65,22
F050,439,419,403,370,557,505,525,411,539,548,498,457,512,466,411,579,433,435,387,396,395,352,372,291,364,239,322,292,384,325,459,307,420,247,243,355,329,277,269,44,166,205,67,131,40,115,95,151,231,227,182,214,0,149,194
F051,299,285,279,226,409,356,376,264,391,400,352,309,365,319,265,433,284,288,240,247,249,206,224,145,218,102,177,144,238,177,314,161,271,103,112,213,190,140,122,110,17,60,83,36,110,35,56,32,82,80,33,65,149,0,47
F052,269,259,261,179,363,311,330,217,345,354,305,263,318,272,218,386,239,241,193,202,202,159,177,97,171,58,130,97,191,131,266,114,226,55,70,166,144,94,75,157,37,44,130,80,155,82,103,67,38,33,23,22,194,47,0
