person_id,aircraft_type,flight_no,pickup_stop_order,delivery_stop_order
P0002,,,,
P0004,,,,
P0007,,,,
P0008,,,,
P0015,,,,
P0016,,,,
P0020,,,,
P0027,,,,
P0028,,,,
P0029,,,,
P0030,,,,
P0033,,,,
P0035,,,,
P0036,,,,
P0037,,,,
P0040,,,,
P0042,,,,
P0044,,,,
P0045,,,,
P0049,,,,
P0055,,,,
P0056,,,,
P0057,,,,
P0058,,,,
P0059,,,,
P0061,,,,
P0065,,,,
P0066,,,,
P0068,,,,
P0070,,,,
P0072,,,,
P0074,,,,
P0077,,,,
P0081,,,,
P0083,,,,
P0086,,,,
P0089,,,,
P0091,,,,
P0093,,,,
P0094,,,,
P0095,,,,
P0097,,,,
P0099,,,,
P0102,,,,
P0111,,,,
P0113,,,,
P0115,,,,
P0116,,,,
P0124,,,,
P0126,,,,
P0132,,,,
P0134,,,,
P0137,,,,
P0138,,,,
P0140,,,,
P0146,,,,
P0147,,,,
P0148,,,,
P0151,,,,
P0158,,,,
P0159,,,,
P0166,,,,
P0169,,,,
P0172,,,,
P0174,,,,
P0177,,,,
P0184,,,,
P0186,,,,
P0188,,,,
P0191,,,,
P0192,,,,
P0193,,,,
P0199,,,,
P0203,,,,
P0206,,,,
P0209,,,,
P0213,,,,
P0214,,,,
P0215,,,,
P0216,,,,
P0221,,,,
P0222,,,,
P0226,,,,
P0227,,,,
P0228,,,,
P0229,,,,
P0230,,,,
P0238,,,,
P0239,,,,
P0240,,,,
P0241,,,,
P0244,,,,
P0245,,,,
P0247,,,,
P0249,,,,
P0252,,,,
P0253,,,,
P0254,,,,
P0255,,,,
P0257,,,,
P0259,,,,
P0260,,,,
P0266,,,,
P0267,,,,
P0268,,,,
P0269,,,,
P0272,,,,
P0275,,,,
P0284,,,,
P0288,,,,
P0289,,,,
P0293,,,,
P0294,,,,
P0298,,,,
P0299,,,,
P0300,,,,
P0303,,,,
P0304,,,,
P0305,,,,
P0306,,,,
P0307,,,,
P0311,,,,
P0320,,,,
P0323,,,,
P0326,,,,
P0330,,,,
P0332,,,,
P0338,,,,
P0344,,,,
P0347,,,,
P0349,,,,
P0350,,,,
P0357,,,,
P0365,,,,
P0367,,,,
P0368,,,,
P0369,,,,
P0371,,,,
P0375,,,,
P0376,,,,
P0377,,,,
P0379,,,,
P0382,,,,
P0385,,,,
P0386,,,,
P0387,,,,
P0388,,,,
P0390,,,,
P0393,,,,
P0394,,,,
P0395,,,,
P0396,,,,
P0399,,,,
P0401,,,,
P0402,,,,
P0404,,,,
P0409,,,,
P0410,,,,
P0414,,,,
P0415,,,,
P0417,,,,
P0418,,,,
P0419,,,,
P0421,,,,
P0422,,,,
P0423,,,,
P0428,,,,
P0430,,,,
P0433,,,,
P0435,,,,
P0436,,,,
P0438,,,,
P0440,,,,
P0442,,,,
P0445,,,,
P0446,,,,
P0448,,,,
P0449,,,,
P0450,,,,
P0451,,,,
P0453,,,,
P0454,,,,
P0455,,,,
P0456,,,,
P0458,,,,
P0459,,,,
P0460,,,,
P0462,,,,
P0465,,,,
P0467,,,,
P0470,,,,
P0472,,,,
P0475,,,,
P0476,,,,
P0479,,,,
P0480,,,,
P0482,,,,
P0484,,,,
P0490,,,,
P0492,,,,
P0493,,,,
P0496,,,,
P0499,,,,
P0501,,,,
P0502,,,,
P0505,,,,
P0510,,,,
P0511,,,,
P0512,,,,
P0513,,,,
P0519,,,,
P0520,,,,
P0521,,,,
P0522,,,,
P0525,,,,
P0528,,,,
P0530,,,,
P0535,,,,
P0537,,,,
P0540,,,,
P0541,,,,
P0542,,,,
P0546,,,,
P0547,,,,
P0550,,,,
P0552,,,,
P0558,,,,
P0559,,,,
P0561,,,,
P0562,,,,
P0565,,,,
P0566,,,,
P0567,,,,
P0568,,,,
P0570,,,,
P0572,,,,
P0573,,,,
P0574,,,,
P0575,,,,
P0580,,,,
P0582,,,,
P0583,,,,
P0584,,,,
P0588,,,,
P0598,,,,
P0599,,,,
P0600,,,,
P0601,,,,
P0602,,,,
P0605,,,,
P0607,,,,
P0610,,,,
P0611,,,,
P0612,,,,
P0613,,,,
P0616,,,,
P0617,,,,
P0618,,,,
P0619,,,,
P0620,,,,
P0622,,,,
P0628,,,,
P0631,,,,
P0632,,,,
P0634,,,,
P0635,,,,
P0637,,,,
P0638,,,,
P0641,,,,
P0642,,,,
P0643,,,,
P0644,,,,
P0647,,,,
P0648,,,,
P0652,,,,
P0655,,,,
P0657,,,,
P0659,,,,
P0660,,,,
P0661,,,,
P0665,,,,
P0672,,,,
P0673,,,,
P0677,,,,
P0680,,,,
P0682,,,,
P0685,,,,
P0687,,,,
P0689,,,,
P0693,,,,
P0696,,,,
P0697,,,,
P0698,,,,
P0700,,,,
P0703,,,,
P0704,,,,
P0707,,,,
P0709,,,,
P0714,,,,
P0715,,,,
P0718,,,,
P0721,,,,
P0728,,,,
P0729,,,,
P0731,,,,
P0735,,,,
P0738,,,,
P0741,,,,
P0743,,,,
P0744,,,,
P0746,,,,
P0747,,,,
P0750,,,,
P0751,,,,
P0755,,,,
P0757,,,,
P0761,,,,
P0767,,,,
P0768,,,,
P0773,,,,
P0776,,,,
P0778,,,,
P0781,,,,
P0782,,,,
P0785,,,,
P0786,,,,
P0788,,,,
P0792,,,,
P0793,,,,
P0794,,,,
P0796,,,,
P0797,,,,
P0799,,,,
P0800,,,,
P0801,,,,
P0805,,,,
P0808,,,,
P0809,,,,
P0812,,,,
P0818,,,,
P0820,,,,
P0821,,,,
P0822,,,,
P0823,,,,
P0826,,,,
P0828,,,,
P0829,,,,
P0831,,,,
P0833,,,,
P0834,,,,
P0835,,,,
P0838,,,,
P0843,,,,
P0845,,,,
P0848,,,,
P0849,,,,
P0851,,,,
P0855,,,,
P0856,,,,
P0857,,,,
P0860,,,,
P0862,,,,
P0863,,,,
P0865,,,,
P0868,,,,
P0869,,,,
P0870,,,,
P0872,,,,
P0879,,,,
P0880,,,,
P0888,,,,
P0889,,,,
P0893,,,,
P0894,,,,
P0896,,,,
P0897,,,,
P0904,,,,
P0908,,,,
P0909,,,,
P0911,,,,
P0912,,,,
P0916,,,,
P0918,,,,
P0921,,,,
P0923,,,,
P0925,,,,
P0926,,,,
P0933,,,,
P0946,,,,
P0948,,,,
P0950,,,,
P0952,,,,
P0953,,,,
P0955,,,,
P0957,,,,
P0962,,,,
P0965,,,,
P0969,,,,
P0975,,,,
P0978,,,,
P0980,,,,
P0985,,,,
P0986,,,,
P0987,,,,
P0992,,,,
P0993,,,,
P0994,,,,
P0995,,,,
P0997,,,,
P0998,,,,
P1000,,,,
P1004,,,,
P1005,,,,
P1006,,,,
P1007,,,,
P1009,,,,
P1011,,,,
P1016,,,,
P1018,,,,
P1022,,,,
P1025,,,,
P1031,,,,
P1035,,,,
P1036,,,,
P1042,,,,
P1048,,,,
P1049,,,,
P1050,,,,
P1052,,,,
P1056,,,,
P1063,,,,
P1068,,,,
P1071,,,,
P1073,,,,
P1075,,,,
P1076,,,,
P1077,,,,
P1078,,,,
P1079,,,,
P1080,,,,
P1081,,,,
P1082,,,,
P1085,,,,
P1086,,,,
P1087,,,,
P1092,,,,
P1095,,,,
P1099,,,,
P1100,,,,
P1101,,,,
P1103,,,,
P1108,,,,
P1109,,,,
P1112,,,,
P1113,,,,
P1114,,,,
P1118,,,,
P1119,,,,
P1120,,,,
P1122,,,,
P1124,,,,
P1131,,,,
P1133,,,,
P1135,,,,
P1137,,,,
P1139,,,,
P1141,,,,
P1144,,,,
P1148,,,,
P1151,,,,
P1153,,,,
P1156,,,,
P1157,,,,
P1160,,,,
P1163,,,,
P1164,,,,
P1167,,,,
P1171,,,,
P1173,,,,
P1174,,,,
P1179,,,,
P1184,,,,
P1187,,,,
P1188,,,,
P1194,,,,
P1195,,,,
P1196,,,,
P1198,,,,
P1199,,,,
P1200,,,,
P1201,,,,
P1203,,,,
P1206,,,,
P1208,,,,
P1210,,,,
P1213,,,,
P1216,,,,
P1217,,,,
P1221,,,,
P1226,,,,
P1229,,,,
P1231,,,,
P1233,,,,
P1235,,,,
P1236,,,,
P1238,,,,
P1243,,,,
P1247,,,,
P1254,,,,
P1256,,,,
P1261,,,,
P1264,,,,
P1266,,,,
P1267,,,,
P1268,,,,
P1269,,,,
P1270,,,,
P1276,,,,
P1278,,,,
P1284,,,,
P1285,,,,
P1294,,,,
P1296,,,,
P1300,,,,
P1303,,,,
P1307,,,,
P1308,,,,
P1310,,,,
P1315,,,,
P1316,,,,
P1319,,,,
P1322,,,,
P1324,,,,
P1327,,,,
P1329,,,,
P1333,,,,
P1334,,,,
P1335,,,,
P1338,,,,
P1339,,,,
P1342,,,,
P1343,,,,
P1345,,,,
P1347,,,,
P1350,,,,
P1357,,,,
P1358,,,,
P1364,,,,
P1365,,,,
P1366,,,,
P1367,,,,
P1368,,,,
P1369,,,,
P1376,,,,
P1380,,,,
P1381,,,,
P1382,,,,
P1385,,,,
P1392,,,,
P1394,,,,
P1395,,,,
P1397,,,,
P1399,,,,
P1402,,,,
P1404,,,,
P1407,,,,
P1413,,,,
P1422,,,,
P1423,,,,
P1429,,,,
P1431,,,,
P1435,,,,
P1443,,,,
P1445,,,,
P1447,,,,
P1450,,,,
P1451,,,,
P1452,,,,
P1453,,,,
P1458,,,,
P1461,,,,
P1462,,,,
P1463,,,,
P1464,,,,
P1467,,,,
P1470,,,,
P1471,,,,
P1474,,,,
P1475,,,,
P1476,,,,
P1477,,,,
P1479,,,,
P1481,,,,
P1482,,,,
P1484,,,,
P1488,,,,
P1493,,,,
P1497,,,,
P1500,,,,
P1504,,,,
P1506,,,,
P1509,,,,
P1512,,,,
P1515,,,,
P1517,,,,
P1518,,,,
P1520,,,,
P1521,,,,
P1523,,,,
P1528,,,,
P1529,,,,
P1534,,,,
P1537,,,,
P1541,,,,
P1544,,,,
P1549,,,,
P1552,,,,
P1553,,,,
P1556,,,,
P1559,,,,
P1562,,,,
P1564,,,,
P1566,,,,
P1567,,,,
P1569,,,,
P1570,,,,
P1571,,,,
P1574,,,,
P1575,,,,
P1576,,,,
P1577,,,,
P1579,,,,
P1580,,,,
P1582,,,,
P1598,,,,
P1601,,,,
P1604,,,,
P1605,,,,
P1607,,,,
P1608,,,,
P1609,,,,
P1610,,,,
P1611,,,,
P1612,,,,
P1613,,,,
P1615,,,,
P1616,,,,
P1625,,,,
P1627,,,,
P1640,,,,
P1645,,,,
P1650,,,,
P1653,,,,
P1654,,,,
P1655,,,,
P1661,,,,
P1664,,,,
P1667,,,,
P1668,,,,
P1671,,,,
P1677,,,,
P1680,,,,
P1681,,,,
P1682,,,,
P1683,,,,
P1684,,,,
P1685,,,,
P1686,,,,
P1688,,,,
P1690,,,,
P1694,,,,
P1697,,,,
P1699,,,,
P1701,,,,
P1703,,,,
P1705,,,,
P1708,,,,
P1710,,,,
P1713,,,,
P1714,,,,
P1715,,,,
P1718,,,,
P1721,,,,
P1723,,,,
P1724,,,,
P1725,,,,
P1729,,,,
P1734,,,,
P1738,,,,
P1739,,,,
P1742,,,,
P1743,,,,
P1745,,,,
P1748,,,,
P1750,,,,
P1752,,,,
P1753,,,,
P1754,,,,
P1757,,,,
P1758,,,,
P1759,,,,
P1760,,,,
P1761,,,,
P1763,,,,
P1766,,,,
P1767,,,,
P1771,,,,
P1772,,,,
P1773,,,,
P1774,,,,
P1778,,,,
P1782,,,,
P1785,,,,
P1790,,,,
P1793,,,,
P1794,,,,
P1797,,,,
P1801,,,,
P1803,,,,
P1804,,,,
P1805,,,,
P1806,,,,
P1807,,,,
P1811,,,,
P1814,,,,
P1817,,,,
P1827,,,,
P1828,,,,
P1832,,,,
P1838,,,,
P1839,,,,
P1841,,,,
P1846,,,,
P1847,,,,
P1848,,,,
P1850,,,,
P1853,,,,
P1854,,,,
P1855,,,,
P1856,,,,
P1857,,,,
P1858,,,,
P1859,,,,
P1864,,,,
P1866,,,,
P1867,,,,
P1870,,,,
P1872,,,,
P1878,,,,
P1883,,,,
P1884,,,,
P1886,,,,
P1890,,,,
P1891,,,,
P1895,,,,
P1897,,,,
P1900,,,,
P1902,,,,
P1904,,,,
P1905,,,,
P1906,,,,
P1907,,,,
P1908,,,,
P1910,,,,
P1913,,,,
P1916,,,,
P1919,,,,
P1921,,,,
P1926,,,,
P1933,,,,
P1936,,,,
P1940,,,,
P1944,,,,
P1945,,,,
P1948,,,,
P1949,,,,
P1954,,,,
P1956,,,,
P1959,,,,
P1960,,,,
P1962,,,,
P1968,,,,
P1969,,,,
P1978,,,,
P1981,,,,
P1982,,,,
P1984,,,,
P1987,,,,
P1988,,,,
P1991,,,,
P1992,,,,
P1994,,,,
P2017,,,,
P2018,,,,
P2022,,,,
P2023,,,,
P2024,,,,
P2026,,,,
P2027,,,,
P2028,,,,
P2030,,,,
P2031,,,,
P2032,,,,
P2034,,,,
P2036,,,,
P2037,,,,
P2038,,,,
P2039,,,,
P2041,,,,
P2042,,,,
P2043,,,,
P2044,,,,
P2045,,,,
P2047,,,,
P2048,,,,
P2051,,,,
P2055,,,,
P2056,,,,
P2057,,,,
P2058,,,,
P2059,,,,
P2061,,,,
P2062,,,,
P2064,,,,
P2065,,,,
P2076,,,,
P2077,,,,
P2078,,,,
P2079,,,,
P2086,,,,
P2088,,,,
P2091,,,,
P2093,,,,
P2094,,,,
P2096,,,,
P2097,,,,
P2098,,,,
P2101,,,,
P2102,,,,
P2103,,,,
P2104,,,,
P2105,,,,
P2106,,,,
P2110,,,,
P2111,,,,
P2116,,,,
P2119,,,,
P2120,,,,
P2122,,,,
P2127,,,,
P2129,,,,
P2131,,,,
P2137,,,,
P2138,,,,
P2139,,,,
P2143,,,,
P2145,,,,
P2152,,,,
P2154,,,,
P2156,,,,
P2157,,,,
P2159,,,,
P2163,,,,
P2165,,,,
P2166,,,,
P2171,,,,
P2172,,,,
P2173,,,,
P2178,,,,
P2183,,,,
P2185,,,,
P2186,,,,
P2192,,,,
P2194,,,,
P2195,,,,
P2198,,,,
P2202,,,,
P2206,,,,
P2207,,,,
P2208,,,,
P2216,,,,
P2217,,,,
P2218,,,,
P2224,,,,
P2227,,,,
P2228,,,,
P2229,,,,
P2230,,,,
P2239,,,,
P2241,,,,
P2243,,,,
P2248,,,,
P2250,,,,
P2253,,,,
P2257,,,,
P2258,,,,
P2261,,,,
P2262,,,,
P2265,,,,
P2272,,,,
P2274,,,,
P2275,,,,
P2278,,,,
P2282,,,,
P2283,,,,
P2287,,,,
P2291,,,,
P2292,,,,
P2293,,,,
P2294,,,,
P2295,,,,
P2301,,,,
P2309,,,,
P2314,,,,
P2315,,,,
P2317,,,,
P2318,,,,
P2321,,,,
P2323,,,,
P2326,,,,
P2330,,,,
P2331,,,,
P2333,,,,
P2334,,,,
P2336,,,,
P2339,,,,
P2343,,,,
P2346,,,,
P2347,,,,
P2351,,,,
P2355,,,,
P2358,,,,
P2359,,,,
P2362,,,,
P2364,,,,
P2365,,,,
P2368,,,,
P2369,,,,
P2372,,,,
P2374,,,,
P2378,,,,
P2382,,,,
P2386,,,,
P2389,,,,
P2393,,,,
P2395,,,,
P2396,,,,
P2397,,,,
P2400,,,,
P2401,,,,
P2407,,,,
P2408,,,,
P2409,,,,
P2410,,,,
P2413,,,,
P2415,,,,
P2416,,,,
P2419,,,,
P2422,,,,
P2425,,,,
P2426,,,,
P2429,,,,
P2432,,,,
P2433,,,,
P2435,,,,
P2440,,,,
P2442,,,,
P2446,,,,
P2447,,,,
P2448,,,,
P2450,,,,
P2453,,,,
P2456,,,,
P2457,,,,
P2462,,,,
P2463,,,,
P2464,,,,
P2466,,,,
P2469,,,,
P2470,,,,
P2471,,,,
P2472,,,,
P2474,,,,
P2477,,,,
P2481,,,,
P2485,,,,
P2487,,,,
P2488,,,,
P2490,,,,
P2493,,,,
P2495,,,,
P2499,,,,
P2500,,,,
P2503,,,,
P2506,,,,
P2512,,,,
P2514,,,,
P2517,,,,
P2518,,,,
P2521,,,,
P2527,,,,
P2531,,,,
P2535,,,,
P2536,,,,
P2537,,,,
P2538,,,,
P2540,,,,
P2543,,,,
P2544,,,,
P2548,,,,
P2549,,,,
P2551,,,,
P2555,,,,
P2558,,,,
P2561,,,,
P2562,,,,
P2564,,,,
P2571,,,,
P2572,,,,
P2573,,,,
P2577,,,,
P2578,,,,
P2580,,,,
P2586,,,,
P2590,,,,
P2595,,,,
P2597,,,,
P2598,,,,
P2599,,,,
P2601,,,,
P2604,,,,
P2611,,,,
P2614,,,,
P2615,,,,
P2617,,,,
P2618,,,,
P2619,,,,
P2620,,,,
P2625,,,,
P2627,,,,
P2632,,,,
P2633,,,,
P2636,,,,
P2637,,,,
P2642,,,,
P2643,,,,
P2644,,,,
P2647,,,,
P2648,,,,
P2649,,,,
P2650,,,,
P2654,,,,
P2657,,,,
P2661,,,,
P2663,,,,
P2665,,,,
P2667,,,,
P2669,,,,
P2672,,,,
P2674,,,,
P2675,,,,
P2677,,,,
P2678,,,,
P2681,,,,
P2682,,,,
P2683,,,,
P2688,,,,
P2689,,,,
P2691,,,,
P2692,,,,
P2695,,,,
P2698,,,,
P2700,,,,
P2702,,,,
P2710,,,,
P2711,,,,
P2712,,,,
P2715,,,,
P2716,,,,
P2717,,,,
P2718,,,,
P2719,,,,
P2720,,,,
P2721,,,,
P2722,,,,
P2723,,,,
P2724,,,,
P2725,,,,
P2726,,,,
P2727,,,,
P2730,,,,
P2731,,,,
P2736,,,,
P2738,,,,
P2741,,,,
P2742,,,,
P2743,,,,
P2746,,,,
P2751,,,,
P2753,,,,
P2759,,,,
P2764,,,,
P2766,,,,
P2767,,,,
P2768,,,,
P2769,,,,
P2771,,,,
P2775,,,,
P2776,,,,
P2778,,,,
P2779,,,,
P2782,,,,
P2783,,,,
P2785,,,,
P2786,,,,
P2787,,,,
P2789,,,,
P2790,,,,
P2791,,,,
P2793,,,,
P2794,,,,
P2796,,,,
P2799,,,,
P2801,,,,
P2805,,,,
P2807,,,,
P2809,,,,
P2810,,,,
P2815,,,,
P2819,,,,
P2820,,,,
P2822,,,,
P2824,,,,
P2825,,,,
P2826,,,,
P2828,,,,
P2829,,,,
P2831,,,,
P2832,,,,
P2835,,,,
P2836,,,,
P2837,,,,
P2838,,,,
P2839,,,,
P2840,,,,
P2841,,,,
P2843,,,,
P2844,,,,
P2846,,,,
P2847,,,,
P2848,,,,
P2850,,,,
P2853,,,,
P2854,,,,
P2858,,,,
P2859,,,,
P2863,,,,
P2864,,,,
P2866,,,,
P2867,,,,
P2869,,,,
P2871,,,,
P2873,,,,
P2876,,,,
P2877,,,,
P2878,,,,
P2880,,,,
P2881,,,,
P2885,,,,
P2889,,,,
P2893,,,,
P2896,,,,
P2898,,,,
P2900,,,,
P2901,,,,
P2902,,,,
P2904,,,,
P2907,,,,
P2908,,,,
P2912,,,,
P2913,,,,
P2914,,,,
P2922,,,,
P2928,,,,
P2929,,,,
P2930,,,,
P2932,,,,
P2933,,,,
P2935,,,,
P2938,,,,
P2939,,,,
P2940,,,,
P2942,,,,
P2943,,,,
P2945,,,,
P2953,,,,
P2955,,,,
P2956,,,,
P2965,,,,
P2966,,,,
P2968,,,,
P2969,,,,
P2971,,,,
P2972,,,,
P2974,,,,
P2978,,,,
P2982,,,,
P2984,,,,
P2990,,,,
P2991,,,,
P2996,,,,
P2998,,,,
P2999,,,,
P3002,,,,
P3004,,,,
P3006,,,,
P3008,,,,
P3013,,,,
P3022,,,,
P3023,,,,
P3025,,,,
P3026,,,,
P3027,,,,
P3028,,,,
P3039,,,,
P3041,,,,
P3042,,,,
P3044,,,,
P3048,,,,
P3050,,,,
P3053,,,,
P3055,,,,
P3060,,,,
P3062,,,,
P3063,,,,
P3067,,,,
P3074,,,,
P3075,,,,
P3077,,,,
P3079,,,,
P3082,,,,
P3083,,,,
P3084,,,,
P3087,,,,
P3088,,,,
P3089,,,,
P3090,,,,
P3092,,,,
P3093,,,,
P3094,,,,
P3096,,,,
P3098,,,,
P3101,,,,
P3104,,,,
P3105,,,,
P3108,,,,
P3109,,,,
P3112,,,,
P3113,,,,
P3114,,,,
P3117,,,,
P3118,,,,
P3119,,,,
P3120,,,,
P3125,,,,
P3126,,,,
P3136,,,,
P3137,,,,
P3138,,,,
P3149,,,,
P3150,,,,
P3155,,,,
P3156,,,,
P3158,,,,
P3159,,,,
P3160,,,,
P3164,,,,
P3167,,,,
P3169,,,,
P3170,,,,
P3171,,,,
P3174,,,,
P3175,,,,
P3176,,,,
P3177,,,,
P3182,,,,
P3184,,,,
P3190,,,,
P3191,,,,
P3192,,,,
P3198,,,,
P3202,,,,
P3205,,,,
P3209,,,,
P3210,,,,
P3211,,,,
P3212,,,,
P3213,,,,
P3216,,,,
P3222,,,,
P3225,,,,
P3227,,,,
P3231,,,,
P3234,,,,
P3235,,,,
P3238,,,,
P3240,,,,
P3243,,,,
P3249,,,,
P3250,,,,
P3253,,,,
P3257,,,,
P3260,,,,
P3264,,,,
P3265,,,,
P3267,,,,
P3268,,,,
P3270,,,,
P3271,,,,
P3276,,,,
P3277,,,,
P3278,,,,
P3279,,,,
P3280,,,,
P3282,,,,
P3283,,,,
P3287,,,,
P3288,,,,
P3292,,,,
P3302,,,,
P3303,,,,
P3304,,,,
P3305,,,,
P3308,,,,
P3309,,,,
P3310,,,,
P3311,,,,
P3312,,,,
P3313,,,,
P3316,,,,
P3320,,,,
P3322,,,,
P3325,,,,
P3326,,,,
P3327,,,,
P3329,,,,
P3330,,,,
P3334,,,,
P3341,,,,
P3344,,,,
P3345,,,,
P3346,,,,
P3348,,,,
P3352,,,,
P3354,,,,
P3356,,,,
P3360,,,,
P3362,,,,
P3363,,,,
P3365,,,,
P3366,,,,
P3368,,,,
P3369,,,,
P3370,,,,
P3375,,,,
P3381,,,,
P3385,,,,
P3394,,,,
P3402,,,,
P3403,,,,
P3406,,,,
P3409,,,,
P3410,,,,
P3416,,,,
P3418,,,,
P3420,,,,
P3422,,,,
P3423,,,,
P3425,,,,
P3427,,,,
P3428,,,,
P3433,,,,
P3436,,,,
P3437,,,,
P3440,,,,
P3441,,,,
P3443,,,,
P3445,,,,
P3452,,,,
P3457,,,,
P3459,,,,
P3461,,,,
P3462,,,,
P3464,,,,
P3466,,,,
P3469,,,,
P3471,,,,
P3473,,,,
P3475,,,,
P3476,,,,
P3477,,,,
P3478,,,,
P3483,,,,
P3488,,,,
P3495,,,,
P3497,,,,
P3505,,,,
P3506,,,,
P3507,,,,
P3509,,,,
P3510,,,,
P3516,,,,
P3518,,,,
P3524,,,,
P3530,,,,
P3531,,,,
P3532,,,,
P3533,,,,
P3538,,,,
P3541,,,,
P3542,,,,
P3543,,,,
P3544,,,,
P3545,,,,
P3546,,,,
P3547,,,,
P3551,,,,
P3552,,,,
P3554,,,,
P3560,,,,
P3572,,,,
P3573,,,,
P3574,,,,
P3575,,,,
P3576,,,,
P3579,,,,
P3582,,,,
P3584,,,,
P3585,,,,
P3586,,,,
P3587,,,,
P3588,,,,
P3589,,,,
P3591,,,,
P3592,,,,
P3595,,,,
P3598,,,,
P3599,,,,
P3601,,,,
P3602,,,,
P3603,,,,
P3608,,,,
P3610,,,,
P3611,,,,
P3612,,,,
P3613,,,,
P3614,,,,
P3615,,,,
P3621,,,,
P3623,,,,
P3624,,,,
P3625,,,,
P3626,,,,
P3627,,,,
P3631,,,,
P3633,,,,
P3634,,,,
P3636,,,,
P3637,,,,
P3640,,,,
P3644,,,,
P3649,,,,
P3650,,,,
P3651,,,,
P3652,,,,
P3655,,,,
P3656,,,,
P3658,,,,
P3664,,,,
P3674,,,,
P3676,,,,
P3684,,,,
P3685,,,,
P3686,,,,
P3693,,,,
P3694,,,,
P3698,,,,
P3699,,,,
P3703,,,,
P3706,,,,
P3708,,,,
P3711,,,,
P3714,,,,
P3717,,,,
P3718,,,,
P3721,,,,
P3725,,,,
P3727,,,,
P3730,,,,
P3734,,,,
P3741,,,,
P3749,,,,
P3751,,,,
P3752,,,,
P3755,,,,
P3756,,,,
P3757,,,,
P3758,,,,
P3760,,,,
P3761,,,,
P3762,,,,
P3763,,,,
P3770,,,,
P3771,,,,
P3774,,,,
P3775,,,,
P3779,,,,
P3780,,,,
P3782,,,,
P3786,,,,
P3791,,,,
P3793,,,,
P3797,,,,
P3799,,,,
P3807,,,,
P3808,,,,
P3809,,,,
P3810,,,,
P3811,,,,
P3814,,,,
P3815,,,,
P3816,,,,
P3817,,,,
P3822,,,,
P3823,,,,
P3824,,,,
P3836,,,,
P3840,,,,
P3843,,,,
P3844,,,,
P3846,,,,
P3847,,,,
P3848,,,,
P3849,,,,
P3850,,,,
P3851,,,,
P3852,,,,
P3856,,,,
P3859,,,,
P3862,,,,
P3868,,,,
P3872,,,,
P3875,,,,
P3877,,,,
P3879,,,,
P3880,,,,
P3882,,,,
P3884,,,,
P3885,,,,
P3888,,,,
P3889,,,,
P3892,,,,
P3895,,,,
P3897,,,,
P3898,,,,
P3903,,,,
P3906,,,,
P3909,,,,
P3911,,,,
P3914,,,,
P3917,,,,
P3920,,,,
P3925,,,,
P3929,,,,
P3935,,,,
P3937,,,,
P3938,,,,
P3939,,,,
P3940,,,,
P3945,,,,
P3947,,,,
P3954,,,,
P3955,,,,
P3959,,,,
P3961,,,,
P3963,,,,
P3966,,,,
P3968,,,,
P3969,,,,
P3970,,,,
P3973,,,,
P3982,,,,
P3984,,,,
P3985,,,,
P3987,,,,
P3989,,,,
P3992,,,,
P3994,,,,
P3996,,,,
P3998,,,,
